"../../../Engine/Content/EditorResources/S_Actor.ubulk" 0
"../../../Engine/Content/EditorResources/S_Actor.uasset" 1
"../../../Engine/Content/EditorResources/S_Actor.uexp" 2
"../../../Engine/Content/EditorResources/S_BoxReflectionCapture.uasset" 3
"../../../Engine/Content/EditorResources/S_BoxReflectionCapture.uexp" 4
"../../../Engine/Content/EngineResources/DefaultTexture.ubulk" 5
"../../../Engine/Content/EngineResources/DefaultTexture.uasset" 6
"../../../Engine/Content/EngineResources/DefaultTexture.uexp" 7
"../../../Engine/Content/EngineResources/DefaultTextureCube.uasset" 8
"../../../Engine/Content/EngineResources/DefaultTextureCube.uexp" 9
"../../../Engine/Content/EngineResources/DefaultVolumeTexture2D.uasset" 10
"../../../Engine/Content/EngineResources/DefaultVolumeTexture2D.uexp" 11
"../../../Engine/Content/EngineResources/DefaultVolumeTexture.uasset" 12
"../../../Engine/Content/EngineResources/DefaultVolumeTexture.uexp" 13
"../../../Engine/Content/EditorResources/S_Trigger.ubulk" 14
"../../../Engine/Content/EditorResources/S_Trigger.uasset" 15
"../../../Engine/Content/EditorResources/S_Trigger.uexp" 16
"../../../Engine/Content/EditorResources/S_TriggerBox.uasset" 17
"../../../Engine/Content/EditorResources/S_TriggerBox.uexp" 18
"../../../Engine/Content/EditorResources/S_TriggerCapsule.uasset" 19
"../../../Engine/Content/EditorResources/S_TriggerCapsule.uexp" 20
"../../../Engine/Content/EditorResources/S_TriggerSphere.uasset" 21
"../../../Engine/Content/EditorResources/S_TriggerSphere.uexp" 22
"../../../Engine/Content/EngineMeshes/Sphere.ubulk" 23
"../../../Engine/Content/EngineMeshes/Sphere.uasset" 24
"../../../Engine/Content/EngineMeshes/Sphere.uexp" 25
"../../../Engine/Content/EngineResources/GradientTexture0.uasset" 26
"../../../Engine/Content/EngineResources/GradientTexture0.uexp" 27
"../../../Engine/Content/EngineResources/Black.uasset" 28
"../../../Engine/Content/EngineResources/Black.uexp" 29
"../../../Engine/Content/VREditor/LaserPointer/VR_LaserPower_01.ubulk" 30
"../../../Engine/Content/VREditor/LaserPointer/VR_LaserPower_01.uasset" 31
"../../../Engine/Content/VREditor/LaserPointer/VR_LaserPower_01.uexp" 32
"../../../Engine/Content/VREditor/TransformGizmo/TransformGizmoMaterial.uasset" 33
"../../../Engine/Content/VREditor/TransformGizmo/TransformGizmoMaterial.uexp" 34
"../../../Engine/Content/VREditor/TransformGizmo/TranslucentTransformGizmoMaterial.uasset" 35
"../../../Engine/Content/VREditor/TransformGizmo/TranslucentTransformGizmoMaterial.uexp" 36
"../../../Engine/Content/VREditor/TransformGizmo/PlaneTranslationHandle.ubulk" 37
"../../../Engine/Content/VREditor/TransformGizmo/PlaneTranslationHandle.uasset" 38
"../../../Engine/Content/VREditor/TransformGizmo/PlaneTranslationHandle.uexp" 39
"../../../Engine/Content/VREditor/TransformGizmo/BoundingBoxCorner.ubulk" 40
"../../../Engine/Content/VREditor/TransformGizmo/BoundingBoxCorner.uasset" 41
"../../../Engine/Content/VREditor/TransformGizmo/BoundingBoxCorner.uexp" 42
"../../../Engine/Content/VREditor/TransformGizmo/BoundingBoxEdge.ubulk" 43
"../../../Engine/Content/VREditor/TransformGizmo/BoundingBoxEdge.uasset" 44
"../../../Engine/Content/VREditor/TransformGizmo/BoundingBoxEdge.uexp" 45
"../../../Engine/Content/VREditor/TransformGizmo/Main.uasset" 46
"../../../Engine/Content/VREditor/TransformGizmo/Main.uexp" 47
"../../../Engine/Content/VREditor/TransformGizmo/Xray.uasset" 48
"../../../Engine/Content/VREditor/TransformGizmo/Xray.uexp" 49
"../../../Engine/Content/VREditor/TransformGizmo/SM_Sequencer_Node.ubulk" 50
"../../../Engine/Content/VREditor/TransformGizmo/SM_Sequencer_Node.uasset" 51
"../../../Engine/Content/VREditor/TransformGizmo/SM_Sequencer_Node.uexp" 52
"../../../Engine/Content/EditorMaterials/Camera/CineMat.uasset" 53
"../../../Engine/Content/EditorMaterials/Camera/CineMat.uexp" 54
"../../../Engine/Content/EditorMaterials/Camera/MI_CineMat_Rig.uasset" 55
"../../../Engine/Content/EditorMaterials/Camera/MI_CineMat_Rig.uexp" 56
"../../../Engine/Content/EditorMeshes/Camera/SM_CraneRig_Base.ubulk" 57
"../../../Engine/Content/EditorMeshes/Camera/SM_CraneRig_Base.uasset" 58
"../../../Engine/Content/EditorMeshes/Camera/SM_CraneRig_Base.uexp" 59
"../../../Engine/Content/EditorMeshes/Camera/SM_CraneRig_Arm.ubulk" 60
"../../../Engine/Content/EditorMeshes/Camera/SM_CraneRig_Arm.uasset" 61
"../../../Engine/Content/EditorMeshes/Camera/SM_CraneRig_Arm.uexp" 62
"../../../Engine/Content/EditorMeshes/Camera/SM_CraneRig_Mount.ubulk" 63
"../../../Engine/Content/EditorMeshes/Camera/SM_CraneRig_Mount.uasset" 64
"../../../Engine/Content/EditorMeshes/Camera/SM_CraneRig_Mount.uexp" 65
"../../../Engine/Content/EditorMeshes/Camera/SM_CraneRig_Body.ubulk" 66
"../../../Engine/Content/EditorMeshes/Camera/SM_CraneRig_Body.uasset" 67
"../../../Engine/Content/EditorMeshes/Camera/SM_CraneRig_Body.uexp" 68
"../../../Engine/Content/EditorMeshes/Camera/SM_RailRig_Track.ubulk" 69
"../../../Engine/Content/EditorMeshes/Camera/SM_RailRig_Track.uasset" 70
"../../../Engine/Content/EditorMeshes/Camera/SM_RailRig_Track.uexp" 71
"../../../Engine/Content/EditorMeshes/Camera/SM_RailRig_Mount.ubulk" 72
"../../../Engine/Content/EditorMeshes/Camera/SM_RailRig_Mount.uasset" 73
"../../../Engine/Content/EditorMeshes/Camera/SM_RailRig_Mount.uexp" 74
"../../../Engine/Content/EngineMaterials/T_Default_Material_Grid_M.ubulk" 75
"../../../Engine/Content/EngineMaterials/T_Default_Material_Grid_M.uasset" 76
"../../../Engine/Content/EngineMaterials/T_Default_Material_Grid_M.uexp" 77
"../../../Engine/Content/EngineMaterials/T_Default_Material_Grid_N.ubulk" 78
"../../../Engine/Content/EngineMaterials/T_Default_Material_Grid_N.uasset" 79
"../../../Engine/Content/EngineMaterials/T_Default_Material_Grid_N.uexp" 80
"../../../Engine/Content/Functions/Engine_MaterialFunctions01/Opacity/CameraDepthFade.uasset" 81
"../../../Engine/Content/Functions/Engine_MaterialFunctions01/Opacity/CameraDepthFade.uexp" 82
"../../../Engine/Content/EngineMaterials/WorldGridMaterial.uasset" 83
"../../../Engine/Content/EngineMaterials/WorldGridMaterial.uexp" 84
"../../../Engine/Content/ArtTools/RenderToTexture/Meshes/S_1_Unit_Plane.ubulk" 85
"../../../Engine/Content/ArtTools/RenderToTexture/Meshes/S_1_Unit_Plane.uasset" 86
"../../../Engine/Content/ArtTools/RenderToTexture/Meshes/S_1_Unit_Plane.uexp" 87
"../../../Engine/Content/EditorMaterials/ParticleSystems/PSysThumbnail_NoImage.ubulk" 88
"../../../Engine/Content/EditorMaterials/ParticleSystems/PSysThumbnail_NoImage.uasset" 89
"../../../Engine/Content/EditorMaterials/ParticleSystems/PSysThumbnail_NoImage.uexp" 90
"../../../Engine/Content/EditorMaterials/ParticleSystems/PSysThumbnail_OOD.ubulk" 91
"../../../Engine/Content/EditorMaterials/ParticleSystems/PSysThumbnail_OOD.uasset" 92
"../../../Engine/Content/EditorMaterials/ParticleSystems/PSysThumbnail_OOD.uexp" 93
"../../../Engine/Content/EditorLandscapeResources/SplineEditorMeshMat.uasset" 94
"../../../Engine/Content/EditorLandscapeResources/SplineEditorMeshMat.uexp" 95
"../../../Engine/Content/EditorLandscapeResources/SplineEditorMesh.ubulk" 96
"../../../Engine/Content/EditorLandscapeResources/SplineEditorMesh.uasset" 97
"../../../Engine/Content/EditorLandscapeResources/SplineEditorMesh.uexp" 98
"../../../Engine/Content/EditorResources/S_Solver.ubulk" 99
"../../../Engine/Content/EditorResources/S_Solver.uasset" 100
"../../../Engine/Content/EditorResources/S_Solver.uexp" 101
"../../../Engine/Plugins/Media/MediaPlate/Content/SM_MediaPlateScreen.ubulk" 102
"../../../Engine/Plugins/Media/MediaPlate/Content/SM_MediaPlateScreen.uasset" 103
"../../../Engine/Plugins/Media/MediaPlate/Content/SM_MediaPlateScreen.uexp" 104
"../../../Engine/Content/EngineMaterials/Good64x64TilingNoiseHighFreq.uasset" 105
"../../../Engine/Content/EngineMaterials/Good64x64TilingNoiseHighFreq.uexp" 106
"../../../Engine/Content/EngineMaterials/DefaultBokeh.uasset" 107
"../../../Engine/Content/EngineMaterials/DefaultBokeh.uexp" 108
"../../../Engine/Content/EngineMaterials/PreintegratedSkinBRDF.uasset" 109
"../../../Engine/Content/EngineMaterials/PreintegratedSkinBRDF.uexp" 110
"../../../Engine/Content/EngineMaterials/MiniFont.uasset" 111
"../../../Engine/Content/EngineMaterials/MiniFont.uexp" 112
"../../../Engine/Content/EngineMaterials/WeightMapPlaceholderTexture.uasset" 113
"../../../Engine/Content/EngineMaterials/WeightMapPlaceholderTexture.uexp" 114
"../../../Engine/Content/EngineMaterials/DefaultWhiteGrid.ubulk" 115
"../../../Engine/Content/EngineMaterials/DefaultWhiteGrid.uasset" 116
"../../../Engine/Content/EngineMaterials/DefaultWhiteGrid.uexp" 117
"../../../Engine/Plugins/2D/Paper2D/Content/PlaceholderTextures/DummySpriteTexture.ubulk" 118
"../../../Engine/Plugins/2D/Paper2D/Content/PlaceholderTextures/DummySpriteTexture.uasset" 119
"../../../Engine/Plugins/2D/Paper2D/Content/PlaceholderTextures/DummySpriteTexture.uexp" 120
"../../../Engine/Plugins/2D/Paper2D/Content/DefaultSpriteMaterial.uasset" 121
"../../../Engine/Plugins/2D/Paper2D/Content/DefaultSpriteMaterial.uexp" 122
"../../../Engine/Plugins/2D/Paper2D/Content/OpaqueUnlitSpriteMaterial.uasset" 123
"../../../Engine/Plugins/2D/Paper2D/Content/OpaqueUnlitSpriteMaterial.uexp" 124
"../../../Engine/Plugins/2D/Paper2D/Content/MaskedUnlitSpriteMaterial.uasset" 125
"../../../Engine/Plugins/2D/Paper2D/Content/MaskedUnlitSpriteMaterial.uexp" 126
"../../../Engine/Plugins/2D/Paper2D/Content/DummySprite.uasset" 127
"../../../Engine/Plugins/2D/Paper2D/Content/DummySprite.uexp" 128
"../../../Engine/Plugins/2D/Paper2D/Content/DefaultPaperTerrainMaterial.uasset" 129
"../../../Engine/Plugins/2D/Paper2D/Content/DefaultPaperTerrainMaterial.uexp" 130
"../../../Engine/Content/Functions/Engine_MaterialFunctions02/WorldPositionOffset/CameraOffset.uasset" 131
"../../../Engine/Content/Functions/Engine_MaterialFunctions02/WorldPositionOffset/CameraOffset.uexp" 132
"../../../Engine/Plugins/Animation/ControlRig/Content/M_Manip.uasset" 133
"../../../Engine/Plugins/Animation/ControlRig/Content/M_Manip.uexp" 134
"E:/UE Projects/SixMinutesAtChonkers/Content/Light/M_FlickSlow.uasset" 135
"E:/UE Projects/SixMinutesAtChonkers/Content/Light/M_FlickSlow.uexp" 136
"E:/UE Projects/SixMinutesAtChonkers/Content/Light/BP_RandomNumber.uasset" 137
"E:/UE Projects/SixMinutesAtChonkers/Content/Light/BP_RandomNumber.uexp" 138
"../../../Engine/Plugins/Runtime/MeshModelingToolset/Content/Materials/M_DynamicMeshComponentVtxColor.uasset" 139
"../../../Engine/Plugins/Runtime/MeshModelingToolset/Content/Materials/M_DynamicMeshComponentVtxColor.uexp" 140
"../../../Engine/Plugins/Interchange/Runtime/Content/Pipelines/DefaultTexturePipeline.uasset" 141
"../../../Engine/Plugins/Interchange/Runtime/Content/Pipelines/DefaultTexturePipeline.uexp" 142
"../../../Engine/Plugins/Interchange/Runtime/Content/Pipelines/DefaultSceneLevelPipeline.uasset" 143
"../../../Engine/Plugins/Interchange/Runtime/Content/Pipelines/DefaultSceneLevelPipeline.uexp" 144
"../../../Engine/Plugins/Interchange/Runtime/Content/Pipelines/DefaultSceneAssetsPipeline.uasset" 145
"../../../Engine/Plugins/Interchange/Runtime/Content/Pipelines/DefaultSceneAssetsPipeline.uexp" 146
"../../../Engine/Plugins/Interchange/Runtime/Content/Pipelines/DefaultMaterialPipeline.uasset" 147
"../../../Engine/Plugins/Interchange/Runtime/Content/Pipelines/DefaultMaterialPipeline.uexp" 148
"../../../Engine/Plugins/Interchange/Runtime/Content/Pipelines/DefaultAssetsPipeline.uasset" 149
"../../../Engine/Plugins/Interchange/Runtime/Content/Pipelines/DefaultAssetsPipeline.uexp" 150
"../../../Engine/Plugins/Editor/SpeedTreeImporter/Content/SpeedTree9/game_wind_noise.ubulk" 151
"../../../Engine/Plugins/Editor/SpeedTreeImporter/Content/SpeedTree9/game_wind_noise.uasset" 152
"../../../Engine/Plugins/Editor/SpeedTreeImporter/Content/SpeedTree9/game_wind_noise.uexp" 153
"../../../Engine/Plugins/Editor/SpeedTreeImporter/Content/SpeedTree9/UnpackDirection.uasset" 154
"../../../Engine/Plugins/Editor/SpeedTreeImporter/Content/SpeedTree9/UnpackDirection.uexp" 155
"../../../Engine/Content/Functions/Engine_MaterialFunctions02/ObjectLocalBounds.uasset" 156
"../../../Engine/Content/Functions/Engine_MaterialFunctions02/ObjectLocalBounds.uexp" 157
"../../../Engine/Content/Functions/Engine_MaterialFunctions02/Utility/BreakOutFloat3Components.uasset" 158
"../../../Engine/Content/Functions/Engine_MaterialFunctions02/Utility/BreakOutFloat3Components.uexp" 159
"../../../Engine/Content/Functions/Engine_MaterialFunctions02/UVs/BoundingBoxBased_0-1_UVW.uasset" 160
"../../../Engine/Content/Functions/Engine_MaterialFunctions02/UVs/BoundingBoxBased_0-1_UVW.uexp" 161
"../../../Engine/Content/Functions/Engine_MaterialFunctions02/Utility/VectorLength.uasset" 162
"../../../Engine/Content/Functions/Engine_MaterialFunctions02/Utility/VectorLength.uexp" 163
"../../../Engine/Plugins/Editor/SpeedTreeImporter/Content/SpeedTree9/UnpackInteger3.uasset" 164
"../../../Engine/Plugins/Editor/SpeedTreeImporter/Content/SpeedTree9/UnpackInteger3.uexp" 165
"../../../Engine/Plugins/Editor/SpeedTreeImporter/Content/SpeedTree9/SpeedTreeCameraFacing.uasset" 166
"../../../Engine/Plugins/Editor/SpeedTreeImporter/Content/SpeedTree9/SpeedTreeCameraFacing.uexp" 167
"../../../Engine/Content/Functions/Engine_MaterialFunctions02/WorldPositionOffset/ObjectScale.uasset" 168
"../../../Engine/Content/Functions/Engine_MaterialFunctions02/WorldPositionOffset/ObjectScale.uexp" 169
"../../../Engine/Content/Functions/Engine_MaterialFunctions02/SafeNormalize.uasset" 170
"../../../Engine/Content/Functions/Engine_MaterialFunctions02/SafeNormalize.uexp" 171
"../../../Engine/Plugins/Editor/SpeedTreeImporter/Content/SpeedTree9/SpeedTreeWindMotion.uasset" 172
"../../../Engine/Plugins/Editor/SpeedTreeImporter/Content/SpeedTree9/SpeedTreeWindMotion.uexp" 173
"../../../Engine/Plugins/Editor/SpeedTreeImporter/Content/SpeedTree9/SpeedTreeBranchMotion.uasset" 174
"../../../Engine/Plugins/Editor/SpeedTreeImporter/Content/SpeedTree9/SpeedTreeBranchMotion.uexp" 175
"../../../Engine/Plugins/Editor/SpeedTreeImporter/Content/SpeedTree9/SpeedTreeWind.uasset" 176
"../../../Engine/Plugins/Editor/SpeedTreeImporter/Content/SpeedTree9/SpeedTreeWind.uexp" 177
"../../../Engine/Plugins/Editor/SpeedTreeImporter/Content/SpeedTree9/EmptyNormal.uasset" 178
"../../../Engine/Plugins/Editor/SpeedTreeImporter/Content/SpeedTree9/EmptyNormal.uexp" 179
"../../../Engine/Plugins/Editor/SpeedTreeImporter/Content/SpeedTree9/Empty.uasset" 180
"../../../Engine/Plugins/Editor/SpeedTreeImporter/Content/SpeedTree9/Empty.uexp" 181
"../../../Engine/Plugins/Editor/SpeedTreeImporter/Content/SpeedTree9/SpeedTreeMaster.uasset" 182
"../../../Engine/Plugins/Editor/SpeedTreeImporter/Content/SpeedTree9/SpeedTreeMaster.uexp" 183
"../../../Engine/Plugins/Editor/SpeedTreeImporter/Content/SpeedTree9/SpeedTreeBillboard.uasset" 184
"../../../Engine/Plugins/Editor/SpeedTreeImporter/Content/SpeedTree9/SpeedTreeBillboard.uexp" 185
"../../../Engine/Plugins/Editor/SpeedTreeImporter/Content/SpeedTree9/SpeedTreeBillboardMaster.uasset" 186
"../../../Engine/Plugins/Editor/SpeedTreeImporter/Content/SpeedTree9/SpeedTreeBillboardMaster.uexp" 187
"../../../Engine/Plugins/Animation/ControlRig/Content/Controls/ControlRig_Wedge_solid.ubulk" 188
"../../../Engine/Plugins/Animation/ControlRig/Content/Controls/ControlRig_Wedge_solid.uasset" 189
"../../../Engine/Plugins/Animation/ControlRig/Content/Controls/ControlRig_Wedge_solid.uexp" 190
"../../../Engine/Plugins/Animation/ControlRig/Content/Controls/ControlRig_Wedge_3mm.ubulk" 191
"../../../Engine/Plugins/Animation/ControlRig/Content/Controls/ControlRig_Wedge_3mm.uasset" 192
"../../../Engine/Plugins/Animation/ControlRig/Content/Controls/ControlRig_Wedge_3mm.uexp" 193
"../../../Engine/Plugins/Animation/ControlRig/Content/Controls/ControlRig_Wedge_1mm.ubulk" 194
"../../../Engine/Plugins/Animation/ControlRig/Content/Controls/ControlRig_Wedge_1mm.uasset" 195
"../../../Engine/Plugins/Animation/ControlRig/Content/Controls/ControlRig_Wedge_1mm.uexp" 196
"../../../Engine/Plugins/Animation/ControlRig/Content/Controls/ControlRig_Triangle_solid.ubulk" 197
"../../../Engine/Plugins/Animation/ControlRig/Content/Controls/ControlRig_Triangle_solid.uasset" 198
"../../../Engine/Plugins/Animation/ControlRig/Content/Controls/ControlRig_Triangle_solid.uexp" 199
"../../../Engine/Plugins/Animation/ControlRig/Content/Controls/ControlRig_Triangle_3mm.ubulk" 200
"../../../Engine/Plugins/Animation/ControlRig/Content/Controls/ControlRig_Triangle_3mm.uasset" 201
"../../../Engine/Plugins/Animation/ControlRig/Content/Controls/ControlRig_Triangle_3mm.uexp" 202
"../../../Engine/Plugins/Animation/ControlRig/Content/Controls/ControlRig_Triangle_1mm.ubulk" 203
"../../../Engine/Plugins/Animation/ControlRig/Content/Controls/ControlRig_Triangle_1mm.uasset" 204
"../../../Engine/Plugins/Animation/ControlRig/Content/Controls/ControlRig_Triangle_1mm.uexp" 205
"../../../Engine/Plugins/Animation/ControlRig/Content/Controls/ControlRig_Star4_solid.ubulk" 206
"../../../Engine/Plugins/Animation/ControlRig/Content/Controls/ControlRig_Star4_solid.uasset" 207
"../../../Engine/Plugins/Animation/ControlRig/Content/Controls/ControlRig_Star4_solid.uexp" 208
"../../../Engine/Plugins/Animation/ControlRig/Content/Controls/ControlRig_Star4_3mm.ubulk" 209
"../../../Engine/Plugins/Animation/ControlRig/Content/Controls/ControlRig_Star4_3mm.uasset" 210
"../../../Engine/Plugins/Animation/ControlRig/Content/Controls/ControlRig_Star4_3mm.uexp" 211
"../../../Engine/Plugins/Animation/ControlRig/Content/Controls/ControlRig_Star4_1mm.ubulk" 212
"../../../Engine/Plugins/Animation/ControlRig/Content/Controls/ControlRig_Star4_1mm.uasset" 213
"../../../Engine/Plugins/Animation/ControlRig/Content/Controls/ControlRig_Star4_1mm.uexp" 214
"../../../Engine/Plugins/Animation/ControlRig/Content/Controls/ControlRig_Square_solid.ubulk" 215
"../../../Engine/Plugins/Animation/ControlRig/Content/Controls/ControlRig_Square_solid.uasset" 216
"../../../Engine/Plugins/Animation/ControlRig/Content/Controls/ControlRig_Square_solid.uexp" 217
"../../../Engine/Plugins/Animation/ControlRig/Content/Controls/ControlRig_Square_3mm.ubulk" 218
"../../../Engine/Plugins/Animation/ControlRig/Content/Controls/ControlRig_Square_3mm.uasset" 219
"../../../Engine/Plugins/Animation/ControlRig/Content/Controls/ControlRig_Square_3mm.uexp" 220
"../../../Engine/Plugins/Animation/ControlRig/Content/Controls/ControlRig_Square_1mm.ubulk" 221
"../../../Engine/Plugins/Animation/ControlRig/Content/Controls/ControlRig_Square_1mm.uasset" 222
"../../../Engine/Plugins/Animation/ControlRig/Content/Controls/ControlRig_Square_1mm.uexp" 223
"../../../Engine/Plugins/Animation/ControlRig/Content/Controls/ControlRig_Sphere_solid.ubulk" 224
"../../../Engine/Plugins/Animation/ControlRig/Content/Controls/ControlRig_Sphere_solid.uasset" 225
"../../../Engine/Plugins/Animation/ControlRig/Content/Controls/ControlRig_Sphere_solid.uexp" 226
"../../../Engine/Plugins/Animation/ControlRig/Content/Controls/ControlRig_Sphere_3mm.ubulk" 227
"../../../Engine/Plugins/Animation/ControlRig/Content/Controls/ControlRig_Sphere_3mm.uasset" 228
"../../../Engine/Plugins/Animation/ControlRig/Content/Controls/ControlRig_Sphere_3mm.uexp" 229
"../../../Engine/Plugins/Animation/ControlRig/Content/Controls/ControlRig_Sphere_1mm.ubulk" 230
"../../../Engine/Plugins/Animation/ControlRig/Content/Controls/ControlRig_Sphere_1mm.uasset" 231
"../../../Engine/Plugins/Animation/ControlRig/Content/Controls/ControlRig_Sphere_1mm.uexp" 232
"../../../Engine/Plugins/Animation/ControlRig/Content/Controls/ControlRig_RoundedTriangle_solid.ubulk" 233
"../../../Engine/Plugins/Animation/ControlRig/Content/Controls/ControlRig_RoundedTriangle_solid.uasset" 234
"../../../Engine/Plugins/Animation/ControlRig/Content/Controls/ControlRig_RoundedTriangle_solid.uexp" 235
"../../../Engine/Plugins/Animation/ControlRig/Content/Controls/ControlRig_RoundedTriangle_3mm.ubulk" 236
"../../../Engine/Plugins/Animation/ControlRig/Content/Controls/ControlRig_RoundedTriangle_3mm.uasset" 237
"../../../Engine/Plugins/Animation/ControlRig/Content/Controls/ControlRig_RoundedTriangle_3mm.uexp" 238
"../../../Engine/Plugins/Animation/ControlRig/Content/Controls/ControlRig_RoundedTriangle_1mm.ubulk" 239
"../../../Engine/Plugins/Animation/ControlRig/Content/Controls/ControlRig_RoundedTriangle_1mm.uasset" 240
"../../../Engine/Plugins/Animation/ControlRig/Content/Controls/ControlRig_RoundedTriangle_1mm.uexp" 241
"../../../Engine/Plugins/Animation/ControlRig/Content/Controls/ControlRig_RoundedSquare_solid.ubulk" 242
"../../../Engine/Plugins/Animation/ControlRig/Content/Controls/ControlRig_RoundedSquare_solid.uasset" 243
"../../../Engine/Plugins/Animation/ControlRig/Content/Controls/ControlRig_RoundedSquare_solid.uexp" 244
"../../../Engine/Plugins/Animation/ControlRig/Content/Controls/ControlRig_RoundedSquare_3mm.ubulk" 245
"../../../Engine/Plugins/Animation/ControlRig/Content/Controls/ControlRig_RoundedSquare_3mm.uasset" 246
"../../../Engine/Plugins/Animation/ControlRig/Content/Controls/ControlRig_RoundedSquare_3mm.uexp" 247
"../../../Engine/Plugins/Animation/ControlRig/Content/Controls/ControlRig_RoundedSquare_1mm.ubulk" 248
"../../../Engine/Plugins/Animation/ControlRig/Content/Controls/ControlRig_RoundedSquare_1mm.uasset" 249
"../../../Engine/Plugins/Animation/ControlRig/Content/Controls/ControlRig_RoundedSquare_1mm.uexp" 250
"../../../Engine/Plugins/Animation/ControlRig/Content/Controls/ControlRig_QuarterCircle_solid.ubulk" 251
"../../../Engine/Plugins/Animation/ControlRig/Content/Controls/ControlRig_QuarterCircle_solid.uasset" 252
"../../../Engine/Plugins/Animation/ControlRig/Content/Controls/ControlRig_QuarterCircle_solid.uexp" 253
"../../../Engine/Plugins/Animation/ControlRig/Content/Controls/ControlRig_QuarterCircle_3mm.ubulk" 254
"../../../Engine/Plugins/Animation/ControlRig/Content/Controls/ControlRig_QuarterCircle_3mm.uasset" 255
"../../../Engine/Plugins/Animation/ControlRig/Content/Controls/ControlRig_QuarterCircle_3mm.uexp" 256
"../../../Engine/Plugins/Animation/ControlRig/Content/Controls/ControlRig_QuarterCircle_1mm.ubulk" 257
"../../../Engine/Plugins/Animation/ControlRig/Content/Controls/ControlRig_QuarterCircle_1mm.uasset" 258
"../../../Engine/Plugins/Animation/ControlRig/Content/Controls/ControlRig_QuarterCircle_1mm.uexp" 259
"../../../Engine/Plugins/Animation/ControlRig/Content/Controls/ControlRig_Pyramid_solid.ubulk" 260
"../../../Engine/Plugins/Animation/ControlRig/Content/Controls/ControlRig_Pyramid_solid.uasset" 261
"../../../Engine/Plugins/Animation/ControlRig/Content/Controls/ControlRig_Pyramid_solid.uexp" 262
"../../../Engine/Plugins/Animation/ControlRig/Content/Controls/ControlRig_Pyramid_3mm.ubulk" 263
"../../../Engine/Plugins/Animation/ControlRig/Content/Controls/ControlRig_Pyramid_3mm.uasset" 264
"../../../Engine/Plugins/Animation/ControlRig/Content/Controls/ControlRig_Pyramid_3mm.uexp" 265
"../../../Engine/Plugins/Animation/ControlRig/Content/Controls/ControlRig_Pyramid_1mm.ubulk" 266
"../../../Engine/Plugins/Animation/ControlRig/Content/Controls/ControlRig_Pyramid_1mm.uasset" 267
"../../../Engine/Plugins/Animation/ControlRig/Content/Controls/ControlRig_Pyramid_1mm.uexp" 268
"../../../Engine/Plugins/Animation/ControlRig/Content/Controls/ControlRig_Octagon_solid.ubulk" 269
"../../../Engine/Plugins/Animation/ControlRig/Content/Controls/ControlRig_Octagon_solid.uasset" 270
"../../../Engine/Plugins/Animation/ControlRig/Content/Controls/ControlRig_Octagon_solid.uexp" 271
"../../../Engine/Plugins/Animation/ControlRig/Content/Controls/ControlRig_Octagon_3mm.ubulk" 272
"../../../Engine/Plugins/Animation/ControlRig/Content/Controls/ControlRig_Octagon_3mm.uasset" 273
"../../../Engine/Plugins/Animation/ControlRig/Content/Controls/ControlRig_Octagon_3mm.uexp" 274
"../../../Engine/Plugins/Animation/ControlRig/Content/Controls/ControlRig_Octagon_1mm.ubulk" 275
"../../../Engine/Plugins/Animation/ControlRig/Content/Controls/ControlRig_Octagon_1mm.uasset" 276
"../../../Engine/Plugins/Animation/ControlRig/Content/Controls/ControlRig_Octagon_1mm.uexp" 277
"../../../Engine/Plugins/Animation/ControlRig/Content/Controls/ControlRig_Hexagon_solid.ubulk" 278
"../../../Engine/Plugins/Animation/ControlRig/Content/Controls/ControlRig_Hexagon_solid.uasset" 279
"../../../Engine/Plugins/Animation/ControlRig/Content/Controls/ControlRig_Hexagon_solid.uexp" 280
"../../../Engine/Plugins/Animation/ControlRig/Content/Controls/ControlRig_Hexagon_3mm.ubulk" 281
"../../../Engine/Plugins/Animation/ControlRig/Content/Controls/ControlRig_Hexagon_3mm.uasset" 282
"../../../Engine/Plugins/Animation/ControlRig/Content/Controls/ControlRig_Hexagon_3mm.uexp" 283
"../../../Engine/Plugins/Animation/ControlRig/Content/Controls/ControlRig_Hexagon_1mm.ubulk" 284
"../../../Engine/Plugins/Animation/ControlRig/Content/Controls/ControlRig_Hexagon_1mm.uasset" 285
"../../../Engine/Plugins/Animation/ControlRig/Content/Controls/ControlRig_Hexagon_1mm.uexp" 286
"../../../Engine/Plugins/Animation/ControlRig/Content/Controls/ControlRig_HalfCircle_solid.ubulk" 287
"../../../Engine/Plugins/Animation/ControlRig/Content/Controls/ControlRig_HalfCircle_solid.uasset" 288
"../../../Engine/Plugins/Animation/ControlRig/Content/Controls/ControlRig_HalfCircle_solid.uexp" 289
"../../../Engine/Plugins/Animation/ControlRig/Content/Controls/ControlRig_HalfCircle_3mm.ubulk" 290
"../../../Engine/Plugins/Animation/ControlRig/Content/Controls/ControlRig_HalfCircle_3mm.uasset" 291
"../../../Engine/Plugins/Animation/ControlRig/Content/Controls/ControlRig_HalfCircle_3mm.uexp" 292
"../../../Engine/Plugins/Animation/ControlRig/Content/Controls/ControlRig_HalfCircle_1mm.ubulk" 293
"../../../Engine/Plugins/Animation/ControlRig/Content/Controls/ControlRig_HalfCircle_1mm.uasset" 294
"../../../Engine/Plugins/Animation/ControlRig/Content/Controls/ControlRig_HalfCircle_1mm.uexp" 295
"../../../Engine/Plugins/Animation/ControlRig/Content/Controls/ControlRig_Diamond_solid.ubulk" 296
"../../../Engine/Plugins/Animation/ControlRig/Content/Controls/ControlRig_Diamond_solid.uasset" 297
"../../../Engine/Plugins/Animation/ControlRig/Content/Controls/ControlRig_Diamond_solid.uexp" 298
"../../../Engine/Plugins/Animation/ControlRig/Content/Controls/ControlRig_Diamond_3mm.ubulk" 299
"../../../Engine/Plugins/Animation/ControlRig/Content/Controls/ControlRig_Diamond_3mm.uasset" 300
"../../../Engine/Plugins/Animation/ControlRig/Content/Controls/ControlRig_Diamond_3mm.uexp" 301
"../../../Engine/Plugins/Animation/ControlRig/Content/Controls/ControlRig_Diamond_1mm.ubulk" 302
"../../../Engine/Plugins/Animation/ControlRig/Content/Controls/ControlRig_Diamond_1mm.uasset" 303
"../../../Engine/Plugins/Animation/ControlRig/Content/Controls/ControlRig_Diamond_1mm.uexp" 304
"../../../Engine/Plugins/Animation/ControlRig/Content/Controls/ControlRig_Circle_solid.ubulk" 305
"../../../Engine/Plugins/Animation/ControlRig/Content/Controls/ControlRig_Circle_solid.uasset" 306
"../../../Engine/Plugins/Animation/ControlRig/Content/Controls/ControlRig_Circle_solid.uexp" 307
"../../../Engine/Plugins/Animation/ControlRig/Content/Controls/ControlRig_Circle_3mm.ubulk" 308
"../../../Engine/Plugins/Animation/ControlRig/Content/Controls/ControlRig_Circle_3mm.uasset" 309
"../../../Engine/Plugins/Animation/ControlRig/Content/Controls/ControlRig_Circle_3mm.uexp" 310
"../../../Engine/Plugins/Animation/ControlRig/Content/Controls/ControlRig_Circle_1mm.ubulk" 311
"../../../Engine/Plugins/Animation/ControlRig/Content/Controls/ControlRig_Circle_1mm.uasset" 312
"../../../Engine/Plugins/Animation/ControlRig/Content/Controls/ControlRig_Circle_1mm.uexp" 313
"../../../Engine/Plugins/Animation/ControlRig/Content/Controls/ControlRig_Box_solid.ubulk" 314
"../../../Engine/Plugins/Animation/ControlRig/Content/Controls/ControlRig_Box_solid.uasset" 315
"../../../Engine/Plugins/Animation/ControlRig/Content/Controls/ControlRig_Box_solid.uexp" 316
"../../../Engine/Plugins/Animation/ControlRig/Content/Controls/ControlRig_Box_3mm.ubulk" 317
"../../../Engine/Plugins/Animation/ControlRig/Content/Controls/ControlRig_Box_3mm.uasset" 318
"../../../Engine/Plugins/Animation/ControlRig/Content/Controls/ControlRig_Box_3mm.uexp" 319
"../../../Engine/Plugins/Animation/ControlRig/Content/Controls/ControlRig_Box_1mm.ubulk" 320
"../../../Engine/Plugins/Animation/ControlRig/Content/Controls/ControlRig_Box_1mm.uasset" 321
"../../../Engine/Plugins/Animation/ControlRig/Content/Controls/ControlRig_Box_1mm.uexp" 322
"../../../Engine/Plugins/Animation/ControlRig/Content/Controls/ControlRig_Arrow_solid.ubulk" 323
"../../../Engine/Plugins/Animation/ControlRig/Content/Controls/ControlRig_Arrow_solid.uasset" 324
"../../../Engine/Plugins/Animation/ControlRig/Content/Controls/ControlRig_Arrow_solid.uexp" 325
"../../../Engine/Plugins/Animation/ControlRig/Content/Controls/ControlRig_Arrow_3mm.ubulk" 326
"../../../Engine/Plugins/Animation/ControlRig/Content/Controls/ControlRig_Arrow_3mm.uasset" 327
"../../../Engine/Plugins/Animation/ControlRig/Content/Controls/ControlRig_Arrow_3mm.uexp" 328
"../../../Engine/Plugins/Animation/ControlRig/Content/Controls/ControlRig_Arrow_1mm.ubulk" 329
"../../../Engine/Plugins/Animation/ControlRig/Content/Controls/ControlRig_Arrow_1mm.uasset" 330
"../../../Engine/Plugins/Animation/ControlRig/Content/Controls/ControlRig_Arrow_1mm.uexp" 331
"../../../Engine/Plugins/Animation/ControlRig/Content/Controls/ControlRig_Arrow4_solid.ubulk" 332
"../../../Engine/Plugins/Animation/ControlRig/Content/Controls/ControlRig_Arrow4_solid.uasset" 333
"../../../Engine/Plugins/Animation/ControlRig/Content/Controls/ControlRig_Arrow4_solid.uexp" 334
"../../../Engine/Plugins/Animation/ControlRig/Content/Controls/ControlRig_Arrow4_3mm.ubulk" 335
"../../../Engine/Plugins/Animation/ControlRig/Content/Controls/ControlRig_Arrow4_3mm.uasset" 336
"../../../Engine/Plugins/Animation/ControlRig/Content/Controls/ControlRig_Arrow4_3mm.uexp" 337
"../../../Engine/Plugins/Animation/ControlRig/Content/Controls/ControlRig_Arrow4_1mm.ubulk" 338
"../../../Engine/Plugins/Animation/ControlRig/Content/Controls/ControlRig_Arrow4_1mm.uasset" 339
"../../../Engine/Plugins/Animation/ControlRig/Content/Controls/ControlRig_Arrow4_1mm.uexp" 340
"../../../Engine/Plugins/Animation/ControlRig/Content/Controls/ControlRig_Arrow2_solid.ubulk" 341
"../../../Engine/Plugins/Animation/ControlRig/Content/Controls/ControlRig_Arrow2_solid.uasset" 342
"../../../Engine/Plugins/Animation/ControlRig/Content/Controls/ControlRig_Arrow2_solid.uexp" 343
"../../../Engine/Plugins/Animation/ControlRig/Content/Controls/ControlRig_Arrow2_3mm.ubulk" 344
"../../../Engine/Plugins/Animation/ControlRig/Content/Controls/ControlRig_Arrow2_3mm.uasset" 345
"../../../Engine/Plugins/Animation/ControlRig/Content/Controls/ControlRig_Arrow2_3mm.uexp" 346
"../../../Engine/Plugins/Animation/ControlRig/Content/Controls/ControlRig_Arrow2_1mm.ubulk" 347
"../../../Engine/Plugins/Animation/ControlRig/Content/Controls/ControlRig_Arrow2_1mm.uasset" 348
"../../../Engine/Plugins/Animation/ControlRig/Content/Controls/ControlRig_Arrow2_1mm.uexp" 349
"../../../Engine/Plugins/Animation/ControlRig/Content/Controls/ControlRigXRayMaterial.uasset" 350
"../../../Engine/Plugins/Animation/ControlRig/Content/Controls/ControlRigXRayMaterial.uexp" 351
"../../../Engine/Plugins/Animation/ControlRig/Content/Controls/ControlRigGizmoMaterial.uasset" 352
"../../../Engine/Plugins/Animation/ControlRig/Content/Controls/ControlRigGizmoMaterial.uexp" 353
"../../../Engine/Content/EngineSounds/Master.uasset" 354
"../../../Engine/Content/EngineSounds/Master.uexp" 355
"../../../Engine/Content/EngineResources/WhiteSquareTexture.uasset" 356
"../../../Engine/Content/EngineResources/WhiteSquareTexture.uexp" 357
"../../../Engine/Content/EngineMaterials/Widget3DPassThrough.uasset" 358
"../../../Engine/Content/EngineMaterials/Widget3DPassThrough.uexp" 359
"../../../Engine/Content/EngineMaterials/Widget3DPassThrough_Translucent.uasset" 360
"../../../Engine/Content/EngineMaterials/Widget3DPassThrough_Translucent.uexp" 361
"../../../Engine/Content/EngineMaterials/Widget3DPassThrough_Translucent_OneSided.uasset" 362
"../../../Engine/Content/EngineMaterials/Widget3DPassThrough_Translucent_OneSided.uexp" 363
"../../../Engine/Content/EngineMaterials/Widget3DPassThrough_Opaque.uasset" 364
"../../../Engine/Content/EngineMaterials/Widget3DPassThrough_Opaque.uexp" 365
"../../../Engine/Content/EngineMaterials/Widget3DPassThrough_Opaque_OneSided.uasset" 366
"../../../Engine/Content/EngineMaterials/Widget3DPassThrough_Opaque_OneSided.uexp" 367
"../../../Engine/Content/EngineMaterials/Widget3DPassThrough_Masked_OneSided.uasset" 368
"../../../Engine/Content/EngineMaterials/Widget3DPassThrough_Masked_OneSided.uexp" 369
"../../../Engine/Content/EngineMaterials/Widget3DPassThrough_Masked.uasset" 370
"../../../Engine/Content/EngineMaterials/Widget3DPassThrough_Masked.uexp" 371
"../../../Engine/Content/EngineMaterials/STBlueNoise_vec2_128x128x64.uasset" 372
"../../../Engine/Content/EngineMaterials/STBlueNoise_vec2_128x128x64.uexp" 373
"../../../Engine/Content/EngineMaterials/STBlueNoise_scalar_128x128x64.uasset" 374
"../../../Engine/Content/EngineMaterials/STBlueNoise_scalar_128x128x64.uexp" 375
"../../../Engine/Content/EngineMaterials/RemoveSurfaceMaterial.uasset" 376
"../../../Engine/Content/EngineMaterials/RemoveSurfaceMaterial.uexp" 377
"../../../Engine/Content/EngineMaterials/DefaultCalibrationGrayscale.uasset" 378
"../../../Engine/Content/EngineMaterials/DefaultCalibrationGrayscale.uexp" 379
"../../../Engine/Content/EngineMaterials/PPM_DefaultCalibrationGrayscale.uasset" 380
"../../../Engine/Content/EngineMaterials/PPM_DefaultCalibrationGrayscale.uexp" 381
"../../../Engine/Content/EngineMaterials/DefaultCalibrationColor.uasset" 382
"../../../Engine/Content/EngineMaterials/DefaultCalibrationColor.uexp" 383
"../../../Engine/Content/EngineMaterials/PPM_DefaultCalibrationColor.uasset" 384
"../../../Engine/Content/EngineMaterials/PPM_DefaultCalibrationColor.uexp" 385
"../../../Engine/Content/EngineMaterials/PhAT_JointLimitMaterial.uasset" 386
"../../../Engine/Content/EngineMaterials/PhAT_JointLimitMaterial.uexp" 387
"../../../Engine/Content/EngineMaterials/NaniteHiddenSectionMaterial.uasset" 388
"../../../Engine/Content/EngineMaterials/NaniteHiddenSectionMaterial.uexp" 389
"../../../Engine/Content/EngineMaterials/InvalidLightmapSettings.ubulk" 390
"../../../Engine/Content/EngineMaterials/InvalidLightmapSettings.uasset" 391
"../../../Engine/Content/EngineMaterials/InvalidLightmapSettings.uexp" 392
"../../../Engine/Content/EngineMaterials/M_InvalidLightmapSettings.uasset" 393
"../../../Engine/Content/EngineMaterials/M_InvalidLightmapSettings.uexp" 394
"../../../Engine/Content/EngineMaterials/GizmoMaterial.uasset" 395
"../../../Engine/Content/EngineMaterials/GizmoMaterial.uexp" 396
"../../../Engine/Content/EngineMaterials/BaseFlattenEmissiveMap_VT.uasset" 397
"../../../Engine/Content/EngineMaterials/BaseFlattenEmissiveMap_VT.uexp" 398
"../../../Engine/Content/EngineMaterials/BaseFlattenGrayscaleMap_VT.uasset" 399
"../../../Engine/Content/EngineMaterials/BaseFlattenGrayscaleMap_VT.uexp" 400
"../../../Engine/Content/EngineMaterials/BaseFlattenLinearColor_VT.uasset" 401
"../../../Engine/Content/EngineMaterials/BaseFlattenLinearColor_VT.uexp" 402
"../../../Engine/Content/EngineMaterials/Black_1x1_EXR_Texture_VT.uasset" 403
"../../../Engine/Content/EngineMaterials/Black_1x1_EXR_Texture_VT.uexp" 404
"../../../Engine/Content/EngineMaterials/BaseFlattenDiffuseMap_VT.uasset" 405
"../../../Engine/Content/EngineMaterials/BaseFlattenDiffuseMap_VT.uexp" 406
"../../../Engine/Content/EngineMaterials/BaseFlattenNormalMap_VT.uasset" 407
"../../../Engine/Content/EngineMaterials/BaseFlattenNormalMap_VT.uexp" 408
"../../../Engine/Content/EngineMaterials/FlattenMaterial_WS_Normal_VT.uasset" 409
"../../../Engine/Content/EngineMaterials/FlattenMaterial_WS_Normal_VT.uexp" 410
"../../../Engine/Content/EngineMaterials/FlattenMaterial_VT.uasset" 411
"../../../Engine/Content/EngineMaterials/FlattenMaterial_VT.uexp" 412
"../../../Engine/Content/EngineMaterials/BaseFlattenNormalMap.uasset" 413
"../../../Engine/Content/EngineMaterials/BaseFlattenNormalMap.uexp" 414
"../../../Engine/Content/EngineMaterials/BaseFlattenGrayscaleMap.uasset" 415
"../../../Engine/Content/EngineMaterials/BaseFlattenGrayscaleMap.uexp" 416
"../../../Engine/Content/EngineMaterials/BaseFlattenDiffuseMap.uasset" 417
"../../../Engine/Content/EngineMaterials/BaseFlattenDiffuseMap.uexp" 418
"../../../Engine/Content/Functions/Engine_MaterialFunctions02/PivotPainter2/Black_1x1_EXR_Texture.uasset" 419
"../../../Engine/Content/Functions/Engine_MaterialFunctions02/PivotPainter2/Black_1x1_EXR_Texture.uexp" 420
"../../../Engine/Content/EngineMaterials/BaseFlattenEmissiveMap.uasset" 421
"../../../Engine/Content/EngineMaterials/BaseFlattenEmissiveMap.uexp" 422
"../../../Engine/Content/EngineMaterials/BaseFlattenLinearColor.uasset" 423
"../../../Engine/Content/EngineMaterials/BaseFlattenLinearColor.uexp" 424
"../../../Engine/Content/EngineMaterials/FlattenMaterial.uasset" 425
"../../../Engine/Content/EngineMaterials/FlattenMaterial.uexp" 426
"../../../Engine/Content/EngineMaterials/DefaultWhiteGrid_Low.uasset" 427
"../../../Engine/Content/EngineMaterials/DefaultWhiteGrid_Low.uexp" 428
"../../../Engine/Content/EngineMaterials/EmissiveMeshMaterial.uasset" 429
"../../../Engine/Content/EngineMaterials/EmissiveMeshMaterial.uexp" 430
"../../../Engine/Content/EngineFonts/RobotoDistanceField.uasset" 431
"../../../Engine/Content/EngineFonts/RobotoDistanceField.uexp" 432
"../../../Engine/Content/EngineMaterials/DefaultTextMaterialOpaque.uasset" 433
"../../../Engine/Content/EngineMaterials/DefaultTextMaterialOpaque.uexp" 434
"../../../Engine/Content/EngineMaterials/DefaultDiffuse.ubulk" 435
"../../../Engine/Content/EngineMaterials/DefaultDiffuse.uasset" 436
"../../../Engine/Content/EngineMaterials/DefaultDiffuse.uexp" 437
"../../../Engine/Content/Functions/Engine_MaterialFunctions02/Utility/BreakOutFloat2Components.uasset" 438
"../../../Engine/Content/Functions/Engine_MaterialFunctions02/Utility/BreakOutFloat2Components.uexp" 439
"../../../Engine/Content/EngineMaterials/DefaultPostProcessMaterial.uasset" 440
"../../../Engine/Content/EngineMaterials/DefaultPostProcessMaterial.uexp" 441
"../../../Engine/Content/EngineMaterials/DefaultPhysicalMaterial.uasset" 442
"../../../Engine/Content/EngineMaterials/DefaultPhysicalMaterial.uexp" 443
"../../../Engine/Content/EngineMaterials/DefaultLightFunctionMaterial.uasset" 444
"../../../Engine/Content/EngineMaterials/DefaultLightFunctionMaterial.uexp" 445
"../../../Engine/Content/EngineMaterials/DefaultDestructiblePhysicalMaterial.uasset" 446
"../../../Engine/Content/EngineMaterials/DefaultDestructiblePhysicalMaterial.uexp" 447
"../../../Engine/Content/EngineMaterials/DefaultDeferredDecalMaterial.uasset" 448
"../../../Engine/Content/EngineMaterials/DefaultDeferredDecalMaterial.uexp" 449
"../../../Engine/Content/EngineMaterials/DefaultBloomKernel.uasset" 450
"../../../Engine/Content/EngineMaterials/DefaultBloomKernel.uexp" 451
"../../../Engine/Content/EngineFonts/Faces/RobotoLight.uexp" 452
"../../../Engine/Content/EngineFonts/Faces/RobotoLight.uasset" 453
"../../../Engine/Content/EngineFonts/Faces/RobotoLight.ufont" 454
"../../../Engine/Content/EngineFonts/Faces/RobotoBold.uexp" 455
"../../../Engine/Content/EngineFonts/Faces/RobotoBold.uasset" 456
"../../../Engine/Content/EngineFonts/Faces/RobotoBold.ufont" 457
"../../../Engine/Content/EngineFonts/Faces/RobotoRegular.uexp" 458
"../../../Engine/Content/EngineFonts/Faces/RobotoRegular.uasset" 459
"../../../Engine/Content/EngineFonts/Faces/RobotoRegular.ufont" 460
"../../../Engine/Content/EngineFonts/Faces/DroidSansFallback.uexp" 461
"../../../Engine/Content/EngineFonts/Faces/DroidSansFallback.uasset" 462
"../../../Engine/Content/EngineFonts/Faces/DroidSansFallback.ufont" 463
"../../../Engine/Content/EngineFonts/Faces/RobotoItalic.uexp" 464
"../../../Engine/Content/EngineFonts/Faces/RobotoItalic.uasset" 465
"../../../Engine/Content/EngineFonts/Faces/RobotoItalic.ufont" 466
"../../../Engine/Content/EngineFonts/Faces/RobotoBoldItalic.uexp" 467
"../../../Engine/Content/EngineFonts/Faces/RobotoBoldItalic.uasset" 468
"../../../Engine/Content/EngineFonts/Faces/RobotoBoldItalic.ufont" 469
"../../../Engine/Content/EngineFonts/Roboto.uasset" 470
"../../../Engine/Content/EngineFonts/Roboto.uexp" 471
"../../../Engine/Content/Functions/Engine_MaterialFunctions02/Utility/CameraDirectionVector.uasset" 472
"../../../Engine/Content/Functions/Engine_MaterialFunctions02/Utility/CameraDirectionVector.uexp" 473
"../../../Engine/Content/EngineDebugMaterials/VolumeToRender.uasset" 474
"../../../Engine/Content/EngineDebugMaterials/VolumeToRender.uexp" 475
"../../../Engine/Content/EngineDebugMaterials/M_VolumeRenderSphereTracePP.uasset" 476
"../../../Engine/Content/EngineDebugMaterials/M_VolumeRenderSphereTracePP.uexp" 477
"../../../Engine/Content/EngineDebugMaterials/M_SimpleUnlitTranslucent.uasset" 478
"../../../Engine/Content/EngineDebugMaterials/M_SimpleUnlitTranslucent.uexp" 479
"../../../Engine/Content/EngineDebugMaterials/DebugMeshMaterial.uasset" 480
"../../../Engine/Content/EngineDebugMaterials/DebugMeshMaterial.uexp" 481
"../../../Engine/Content/EngineDebugMaterials/DebugEditorMaterial.uasset" 482
"../../../Engine/Content/EngineDebugMaterials/DebugEditorMaterial.uexp" 483
"../../../Engine/Content/EngineDamageTypes/DmgTypeBP_Environmental.uasset" 484
"../../../Engine/Content/EngineDamageTypes/DmgTypeBP_Environmental.uexp" 485
"../../../Engine/Content/EditorResources/S_Terrain.ubulk" 486
"../../../Engine/Content/EditorResources/S_Terrain.uasset" 487
"../../../Engine/Content/EditorResources/S_Terrain.uexp" 488
"../../../Engine/Content/EditorResources/EmptyActor.uasset" 489
"../../../Engine/Content/EditorResources/EmptyActor.uexp" 490
"../../../Engine/Content/EditorResources/BSPVertex.uasset" 491
"../../../Engine/Content/EditorResources/BSPVertex.uexp" 492
"../../../Engine/Content/EditorMaterials/PreviewShadowIndicator.ubulk" 493
"../../../Engine/Content/EditorMaterials/PreviewShadowIndicator.uasset" 494
"../../../Engine/Content/EditorMaterials/PreviewShadowIndicator.uexp" 495
"../../../Engine/Content/EditorMaterials/PreviewShadowIndicatorMaterial.uasset" 496
"../../../Engine/Content/EditorMaterials/PreviewShadowIndicatorMaterial.uexp" 497
"../../../Engine/Content/EditorMaterials/PhAT_UnselectedMaterial.uasset" 498
"../../../Engine/Content/EditorMaterials/PhAT_UnselectedMaterial.uexp" 499
"../../../Engine/Content/EditorMaterials/PhAT_NoCollisionMaterial.uasset" 500
"../../../Engine/Content/EditorMaterials/PhAT_NoCollisionMaterial.uexp" 501
"../../../Engine/Content/EditorLandscapeResources/DefaultAlphaTexture.uasset" 502
"../../../Engine/Content/EditorLandscapeResources/DefaultAlphaTexture.uexp" 503
"../../../Engine/Content/EditorLandscapeResources/DataLayer.uasset" 504
"../../../Engine/Content/EditorLandscapeResources/DataLayer.uexp" 505
"../../../Engine/Content/EngineMaterials/DefaultMaterial.uasset" 506
"../../../Engine/Content/EngineMaterials/DefaultMaterial.uexp" 507
"../../../Engine/Content/BasicShapes/Cylinder.ubulk" 508
"../../../Engine/Content/BasicShapes/Cylinder.uasset" 509
"../../../Engine/Content/BasicShapes/Cylinder.uexp" 510
"../../../Engine/Content/BasicShapes/Cube.ubulk" 511
"../../../Engine/Content/BasicShapes/Cube.uasset" 512
"../../../Engine/Content/BasicShapes/Cube.uexp" 513
"../../../Engine/Content/BasicShapes/Cone.ubulk" 514
"../../../Engine/Content/BasicShapes/Cone.uasset" 515
"../../../Engine/Content/BasicShapes/Cone.uexp" 516
"E:/UE Projects/SixMinutesAtChonkers/Content/Security/MAT_ButtonInner.uasset" 517
"E:/UE Projects/SixMinutesAtChonkers/Content/Security/MAT_ButtonInner.uexp" 518
"E:/UE Projects/SixMinutesAtChonkers/Content/Security/Inputs/IA_ShowTablet.uasset" 519
"E:/UE Projects/SixMinutesAtChonkers/Content/Security/Inputs/IA_ShowTablet.uexp" 520
"E:/UE Projects/SixMinutesAtChonkers/Content/Security/Inputs/IMC_Camera.uasset" 521
"E:/UE Projects/SixMinutesAtChonkers/Content/Security/Inputs/IMC_Camera.uexp" 522
"../../../Engine/Content/BasicShapes/Plane.ubulk" 523
"../../../Engine/Content/BasicShapes/Plane.uasset" 524
"../../../Engine/Content/BasicShapes/Plane.uexp" 525
"E:/UE Projects/SixMinutesAtChonkers/Content/Security/Assets/RT_Camera.uasset" 526
"E:/UE Projects/SixMinutesAtChonkers/Content/Security/Assets/RT_Camera.uexp" 527
"E:/UE Projects/SixMinutesAtChonkers/Content/Security/A_Camera.uasset" 528
"E:/UE Projects/SixMinutesAtChonkers/Content/Security/A_Camera.uexp" 529
"../../../Engine/Content/EngineFonts/Faces/DroidSansMono.uexp" 530
"../../../Engine/Content/EngineFonts/Faces/DroidSansMono.uasset" 531
"../../../Engine/Content/EngineFonts/Faces/DroidSansMono.ufont" 532
"../../../Engine/Content/EngineFonts/DroidSansMono.uasset" 533
"../../../Engine/Content/EngineFonts/DroidSansMono.uexp" 534
"E:/UE Projects/SixMinutesAtChonkers/Content/Security/UMG_Room.uasset" 535
"E:/UE Projects/SixMinutesAtChonkers/Content/Security/UMG_Room.uexp" 536
"../../../Engine/Content/ArtTools/RenderToTexture/Textures/127grey.uasset" 537
"../../../Engine/Content/ArtTools/RenderToTexture/Textures/127grey.uexp" 538
"E:/UE Projects/SixMinutesAtChonkers/Content/Security/Assets/M_Camera.uasset" 539
"E:/UE Projects/SixMinutesAtChonkers/Content/Security/Assets/M_Camera.uexp" 540
"../../../Engine/Content/EditorMeshes/ColorCalibrator/M_ClearCoatBlack.uasset" 541
"../../../Engine/Content/EditorMeshes/ColorCalibrator/M_ClearCoatBlack.uexp" 542
"../../../Engine/Content/EditorBlueprintResources/StandardMacros.uasset" 543
"../../../Engine/Content/EditorBlueprintResources/StandardMacros.uexp" 544
"E:/UE Projects/SixMinutesAtChonkers/Content/Security/UMG_Tablet.uasset" 545
"E:/UE Projects/SixMinutesAtChonkers/Content/Security/UMG_Tablet.uexp" 546
"E:/UE Projects/SixMinutesAtChonkers/Content/Security/A_Tablet.uasset" 547
"E:/UE Projects/SixMinutesAtChonkers/Content/Security/A_Tablet.uexp" 548
"E:/UE Projects/SixMinutesAtChonkers/Content/FirstPerson/Input/Actions/IA_Look.uasset" 549
"E:/UE Projects/SixMinutesAtChonkers/Content/FirstPerson/Input/Actions/IA_Look.uexp" 550
"../../../Engine/Content/Functions/Engine_MaterialFunctions02/Utility/BlendAngleCorrectedNormals.uasset" 551
"../../../Engine/Content/Functions/Engine_MaterialFunctions02/Utility/BlendAngleCorrectedNormals.uexp" 552
"../../../Engine/Content/Functions/MaterialLayerFunctions/MatLayerBlend_NormalBlend.uasset" 553
"../../../Engine/Content/Functions/MaterialLayerFunctions/MatLayerBlend_NormalBlend.uexp" 554
"E:/UE Projects/SixMinutesAtChonkers/Content/FirstPersonArms/Character/Materials/MaterialLayers/T_ML_Rubber_Blue_01_N.ubulk" 555
"E:/UE Projects/SixMinutesAtChonkers/Content/FirstPersonArms/Character/Materials/MaterialLayers/T_ML_Rubber_Blue_01_N.uasset" 556
"E:/UE Projects/SixMinutesAtChonkers/Content/FirstPersonArms/Character/Materials/MaterialLayers/T_ML_Rubber_Blue_01_N.uexp" 557
"E:/UE Projects/SixMinutesAtChonkers/Content/FirstPersonArms/Character/Materials/MaterialLayers/T_ML_Rubber_Blue_01_D.ubulk" 558
"E:/UE Projects/SixMinutesAtChonkers/Content/FirstPersonArms/Character/Materials/MaterialLayers/T_ML_Rubber_Blue_01_D.uasset" 559
"E:/UE Projects/SixMinutesAtChonkers/Content/FirstPersonArms/Character/Materials/MaterialLayers/T_ML_Rubber_Blue_01_D.uexp" 560
"E:/UE Projects/SixMinutesAtChonkers/Content/FirstPersonArms/Character/Materials/MaterialLayers/ML_GlossyBlack_Latex_UE4.uasset" 561
"E:/UE Projects/SixMinutesAtChonkers/Content/FirstPersonArms/Character/Materials/MaterialLayers/ML_GlossyBlack_Latex_UE4.uexp" 562
"E:/UE Projects/SixMinutesAtChonkers/Content/FirstPersonArms/Character/Textures/UE4_Mannequin_MAT_MASKA.ubulk" 563
"E:/UE Projects/SixMinutesAtChonkers/Content/FirstPersonArms/Character/Textures/UE4_Mannequin_MAT_MASKA.uasset" 564
"E:/UE Projects/SixMinutesAtChonkers/Content/FirstPersonArms/Character/Textures/UE4_Mannequin_MAT_MASKA.uexp" 565
"E:/UE Projects/SixMinutesAtChonkers/Content/FirstPersonArms/Character/Textures/UE4_LOGO_CARD.ubulk" 566
"E:/UE Projects/SixMinutesAtChonkers/Content/FirstPersonArms/Character/Textures/UE4_LOGO_CARD.uasset" 567
"E:/UE Projects/SixMinutesAtChonkers/Content/FirstPersonArms/Character/Textures/UE4_LOGO_CARD.uexp" 568
"E:/UE Projects/SixMinutesAtChonkers/Content/FirstPersonArms/Character/Materials/MaterialLayers/ML_Plastic_Shiny_Beige_LOGO.uasset" 569
"E:/UE Projects/SixMinutesAtChonkers/Content/FirstPersonArms/Character/Materials/MaterialLayers/ML_Plastic_Shiny_Beige_LOGO.uexp" 570
"../../../Engine/Content/Functions/MaterialLayerFunctions/MatLayerBlend_Simple.uasset" 571
"../../../Engine/Content/Functions/MaterialLayerFunctions/MatLayerBlend_Simple.uexp" 572
"E:/UE Projects/SixMinutesAtChonkers/Content/FirstPersonArms/Character/Materials/MaterialLayers/T_ML_Aluminum01.ubulk" 573
"E:/UE Projects/SixMinutesAtChonkers/Content/FirstPersonArms/Character/Materials/MaterialLayers/T_ML_Aluminum01.uasset" 574
"E:/UE Projects/SixMinutesAtChonkers/Content/FirstPersonArms/Character/Materials/MaterialLayers/T_ML_Aluminum01.uexp" 575
"E:/UE Projects/SixMinutesAtChonkers/Content/FirstPersonArms/Character/Materials/MaterialLayers/T_ML_Aluminum01_N.ubulk" 576
"E:/UE Projects/SixMinutesAtChonkers/Content/FirstPersonArms/Character/Materials/MaterialLayers/T_ML_Aluminum01_N.uasset" 577
"E:/UE Projects/SixMinutesAtChonkers/Content/FirstPersonArms/Character/Materials/MaterialLayers/T_ML_Aluminum01_N.uexp" 578
"E:/UE Projects/SixMinutesAtChonkers/Content/FirstPersonArms/Character/Materials/MaterialLayers/ML_SoftMetal_UE4.uasset" 579
"E:/UE Projects/SixMinutesAtChonkers/Content/FirstPersonArms/Character/Materials/MaterialLayers/ML_SoftMetal_UE4.uexp" 580
"E:/UE Projects/SixMinutesAtChonkers/Content/FirstPersonArms/Character/Materials/MaterialLayers/ML_Plastic_Shiny_Beige.uasset" 581
"E:/UE Projects/SixMinutesAtChonkers/Content/FirstPersonArms/Character/Materials/MaterialLayers/ML_Plastic_Shiny_Beige.uexp" 582
"E:/UE Projects/SixMinutesAtChonkers/Content/FirstPersonArms/Character/Textures/UE4_Mannequin__normals.ubulk" 583
"E:/UE Projects/SixMinutesAtChonkers/Content/FirstPersonArms/Character/Textures/UE4_Mannequin__normals.uasset" 584
"E:/UE Projects/SixMinutesAtChonkers/Content/FirstPersonArms/Character/Textures/UE4_Mannequin__normals.uexp" 585
"E:/UE Projects/SixMinutesAtChonkers/Content/FirstPersonArms/Character/Materials/M_UE4Man_Body.uasset" 586
"E:/UE Projects/SixMinutesAtChonkers/Content/FirstPersonArms/Character/Materials/M_UE4Man_Body.uexp" 587
"E:/UE Projects/SixMinutesAtChonkers/Content/FirstPersonArms/Character/Mesh/SK_Mannequin_Arms_PhysicsAsset.uasset" 588
"E:/UE Projects/SixMinutesAtChonkers/Content/FirstPersonArms/Character/Mesh/SK_Mannequin_Arms_PhysicsAsset.uexp" 589
"E:/UE Projects/SixMinutesAtChonkers/Content/FirstPersonArms/Character/Mesh/SK_Mannequin_Arms_Skeleton.uasset" 590
"E:/UE Projects/SixMinutesAtChonkers/Content/FirstPersonArms/Character/Mesh/SK_Mannequin_Arms_Skeleton.uexp" 591
"E:/UE Projects/SixMinutesAtChonkers/Content/FirstPersonArms/Character/Mesh/SK_Mannequin_Arms.uasset" 592
"E:/UE Projects/SixMinutesAtChonkers/Content/FirstPersonArms/Character/Mesh/SK_Mannequin_Arms.uexp" 593
"E:/UE Projects/SixMinutesAtChonkers/Content/FirstPerson/Input/Actions/IA_Move.uasset" 594
"E:/UE Projects/SixMinutesAtChonkers/Content/FirstPerson/Input/Actions/IA_Move.uexp" 595
"E:/UE Projects/SixMinutesAtChonkers/Content/FirstPerson/Input/Actions/IA_Jump.uasset" 596
"E:/UE Projects/SixMinutesAtChonkers/Content/FirstPerson/Input/Actions/IA_Jump.uexp" 597
"E:/UE Projects/SixMinutesAtChonkers/Content/FirstPerson/Input/IMC_Default.uasset" 598
"E:/UE Projects/SixMinutesAtChonkers/Content/FirstPerson/Input/IMC_Default.uexp" 599
"../../../Engine/Content/Animation/DefaultAnimCurveCompressionSettings.uasset" 600
"../../../Engine/Content/Animation/DefaultAnimCurveCompressionSettings.uexp" 601
"../../../Engine/Content/Animation/DefaultAnimBoneCompressionSettings.uasset" 602
"../../../Engine/Content/Animation/DefaultAnimBoneCompressionSettings.uexp" 603
"E:/UE Projects/SixMinutesAtChonkers/Content/FirstPersonArms/Animations/FP_Rifle_Idle.uasset" 604
"E:/UE Projects/SixMinutesAtChonkers/Content/FirstPersonArms/Animations/FP_Rifle_Idle.uexp" 605
"E:/UE Projects/SixMinutesAtChonkers/Content/FirstPersonArms/Animations/FP_Rifle_Land.uasset" 606
"E:/UE Projects/SixMinutesAtChonkers/Content/FirstPersonArms/Animations/FP_Rifle_Land.uexp" 607
"E:/UE Projects/SixMinutesAtChonkers/Content/FirstPersonArms/Animations/FP_Rifle_Run.uasset" 608
"E:/UE Projects/SixMinutesAtChonkers/Content/FirstPersonArms/Animations/FP_Rifle_Run.uexp" 609
"E:/UE Projects/SixMinutesAtChonkers/Content/FirstPersonArms/Animations/FP_Rifle_Falling.uasset" 610
"E:/UE Projects/SixMinutesAtChonkers/Content/FirstPersonArms/Animations/FP_Rifle_Falling.uexp" 611
"../../../Engine/Content/Animation/DefaultRecorderBoneCompression.uasset" 612
"../../../Engine/Content/Animation/DefaultRecorderBoneCompression.uexp" 613
"E:/UE Projects/SixMinutesAtChonkers/Content/FirstPersonArms/Animations/FP_Idle.uasset" 614
"E:/UE Projects/SixMinutesAtChonkers/Content/FirstPersonArms/Animations/FP_Idle.uexp" 615
"E:/UE Projects/SixMinutesAtChonkers/Content/FirstPersonArms/Animations/FP_Jump.uasset" 616
"E:/UE Projects/SixMinutesAtChonkers/Content/FirstPersonArms/Animations/FP_Jump.uexp" 617
"E:/UE Projects/SixMinutesAtChonkers/Content/FirstPersonArms/Animations/FP_Run_Fwd.uasset" 618
"E:/UE Projects/SixMinutesAtChonkers/Content/FirstPersonArms/Animations/FP_Run_Fwd.uexp" 619
"E:/UE Projects/SixMinutesAtChonkers/Content/FirstPersonArms/Animations/FP_Land.uasset" 620
"E:/UE Projects/SixMinutesAtChonkers/Content/FirstPersonArms/Animations/FP_Land.uexp" 621
"E:/UE Projects/SixMinutesAtChonkers/Content/FirstPersonArms/Animations/FP_Falling.uasset" 622
"E:/UE Projects/SixMinutesAtChonkers/Content/FirstPersonArms/Animations/FP_Falling.uexp" 623
"E:/UE Projects/SixMinutesAtChonkers/Content/FirstPersonArms/Animations/FP_Rifle_Jump.uasset" 624
"E:/UE Projects/SixMinutesAtChonkers/Content/FirstPersonArms/Animations/FP_Rifle_Jump.uexp" 625
"E:/UE Projects/SixMinutesAtChonkers/Content/FirstPersonArms/Animations/FirstPerson_AnimBP.uasset" 626
"E:/UE Projects/SixMinutesAtChonkers/Content/FirstPersonArms/Animations/FirstPerson_AnimBP.uexp" 627
"E:/UE Projects/SixMinutesAtChonkers/Content/FirstPerson/Blueprints/BP_FirstPersonCharacter.uasset" 628
"E:/UE Projects/SixMinutesAtChonkers/Content/FirstPerson/Blueprints/BP_FirstPersonCharacter.uexp" 629
"E:/UE Projects/SixMinutesAtChonkers/Content/Security/FPS_SecurityGuard.uasset" 630
"E:/UE Projects/SixMinutesAtChonkers/Content/Security/FPS_SecurityGuard.uexp" 631
"E:/UE Projects/SixMinutesAtChonkers/Content/Rooms/wheel.uasset" 632
"E:/UE Projects/SixMinutesAtChonkers/Content/Rooms/wheel.uexp" 633
"E:/UE Projects/SixMinutesAtChonkers/Content/Rooms/wheel_Mat.uasset" 634
"E:/UE Projects/SixMinutesAtChonkers/Content/Rooms/wheel_Mat.uexp" 635
"E:/UE Projects/SixMinutesAtChonkers/Content/Rooms/Office/Graphics/OfficeFront.uasset" 636
"E:/UE Projects/SixMinutesAtChonkers/Content/Rooms/Office/Graphics/OfficeFront.uexp" 637
"E:/UE Projects/SixMinutesAtChonkers/Content/Rooms/Office/Mats/OfficeFront_Mat.uasset" 638
"E:/UE Projects/SixMinutesAtChonkers/Content/Rooms/Office/Mats/OfficeFront_Mat.uexp" 639
"E:/UE Projects/SixMinutesAtChonkers/Content/Rooms/CAM1/Cam01_FG.uasset" 640
"E:/UE Projects/SixMinutesAtChonkers/Content/Rooms/CAM1/Cam01_FG.uexp" 641
"E:/UE Projects/SixMinutesAtChonkers/Content/Rooms/CAM1/Cam01_FG_Mat.uasset" 642
"E:/UE Projects/SixMinutesAtChonkers/Content/Rooms/CAM1/Cam01_FG_Mat.uexp" 643
"E:/UE Projects/SixMinutesAtChonkers/Content/Rooms/CAM1/Cam01_BG.uasset" 644
"E:/UE Projects/SixMinutesAtChonkers/Content/Rooms/CAM1/Cam01_BG.uexp" 645
"E:/UE Projects/SixMinutesAtChonkers/Content/Rooms/CAM1/Cam01_BG_Mat.uasset" 646
"E:/UE Projects/SixMinutesAtChonkers/Content/Rooms/CAM1/Cam01_BG_Mat.uexp" 647
"E:/UE Projects/SixMinutesAtChonkers/Content/FirstPerson/Input/Actions/IA_Shoot.uasset" 648
"E:/UE Projects/SixMinutesAtChonkers/Content/FirstPerson/Input/Actions/IA_Shoot.uexp" 649
"E:/UE Projects/SixMinutesAtChonkers/Content/FirstPerson/Input/IMC_Weapons.uasset" 650
"E:/UE Projects/SixMinutesAtChonkers/Content/FirstPerson/Input/IMC_Weapons.uexp" 651
"E:/UE Projects/SixMinutesAtChonkers/Content/FPWeapon/Mesh/SK_FPGun_Skeleton.uasset" 652
"E:/UE Projects/SixMinutesAtChonkers/Content/FPWeapon/Mesh/SK_FPGun_Skeleton.uexp" 653
"E:/UE Projects/SixMinutesAtChonkers/Content/FPWeapon/Materials/MaterialLayers/T_ML_Rubber_Blue_01_D.ubulk" 654
"E:/UE Projects/SixMinutesAtChonkers/Content/FPWeapon/Materials/MaterialLayers/T_ML_Rubber_Blue_01_D.uasset" 655
"E:/UE Projects/SixMinutesAtChonkers/Content/FPWeapon/Materials/MaterialLayers/T_ML_Rubber_Blue_01_D.uexp" 656
"E:/UE Projects/SixMinutesAtChonkers/Content/FPWeapon/Textures/T_FPGun_N.ubulk" 657
"E:/UE Projects/SixMinutesAtChonkers/Content/FPWeapon/Textures/T_FPGun_N.uasset" 658
"E:/UE Projects/SixMinutesAtChonkers/Content/FPWeapon/Textures/T_FPGun_N.uexp" 659
"E:/UE Projects/SixMinutesAtChonkers/Content/FPWeapon/Materials/MaterialLayers/T_ML_Rubber_Blue_01_N.ubulk" 660
"E:/UE Projects/SixMinutesAtChonkers/Content/FPWeapon/Materials/MaterialLayers/T_ML_Rubber_Blue_01_N.uasset" 661
"E:/UE Projects/SixMinutesAtChonkers/Content/FPWeapon/Materials/MaterialLayers/T_ML_Rubber_Blue_01_N.uexp" 662
"E:/UE Projects/SixMinutesAtChonkers/Content/FPWeapon/Materials/MaterialLayers/ML_Screen.uasset" 663
"E:/UE Projects/SixMinutesAtChonkers/Content/FPWeapon/Materials/MaterialLayers/ML_Screen.uexp" 664
"E:/UE Projects/SixMinutesAtChonkers/Content/FPWeapon/Materials/MaterialLayers/T_ML_Aluminum01_N.ubulk" 665
"E:/UE Projects/SixMinutesAtChonkers/Content/FPWeapon/Materials/MaterialLayers/T_ML_Aluminum01_N.uasset" 666
"E:/UE Projects/SixMinutesAtChonkers/Content/FPWeapon/Materials/MaterialLayers/T_ML_Aluminum01_N.uexp" 667
"E:/UE Projects/SixMinutesAtChonkers/Content/FPWeapon/Materials/MaterialLayers/T_ML_Aluminum01.ubulk" 668
"E:/UE Projects/SixMinutesAtChonkers/Content/FPWeapon/Materials/MaterialLayers/T_ML_Aluminum01.uasset" 669
"E:/UE Projects/SixMinutesAtChonkers/Content/FPWeapon/Materials/MaterialLayers/T_ML_Aluminum01.uexp" 670
"E:/UE Projects/SixMinutesAtChonkers/Content/FPWeapon/Materials/MaterialLayers/ML_SoftMetal_UE4.uasset" 671
"E:/UE Projects/SixMinutesAtChonkers/Content/FPWeapon/Materials/MaterialLayers/ML_SoftMetal_UE4.uexp" 672
"E:/UE Projects/SixMinutesAtChonkers/Content/FPWeapon/Textures/T_FPGun_M.ubulk" 673
"E:/UE Projects/SixMinutesAtChonkers/Content/FPWeapon/Textures/T_FPGun_M.uasset" 674
"E:/UE Projects/SixMinutesAtChonkers/Content/FPWeapon/Textures/T_FPGun_M.uexp" 675
"E:/UE Projects/SixMinutesAtChonkers/Content/FPWeapon/Materials/MaterialLayers/ML_Plastic_Shiny_Beige.uasset" 676
"E:/UE Projects/SixMinutesAtChonkers/Content/FPWeapon/Materials/MaterialLayers/ML_Plastic_Shiny_Beige.uexp" 677
"E:/UE Projects/SixMinutesAtChonkers/Content/FPWeapon/Materials/MaterialLayers/ML_GlossyBlack_Latex_UE4.uasset" 678
"E:/UE Projects/SixMinutesAtChonkers/Content/FPWeapon/Materials/MaterialLayers/ML_GlossyBlack_Latex_UE4.uexp" 679
"E:/UE Projects/SixMinutesAtChonkers/Content/FPWeapon/Materials/M_FPGun.uasset" 680
"E:/UE Projects/SixMinutesAtChonkers/Content/FPWeapon/Materials/M_FPGun.uexp" 681
"E:/UE Projects/SixMinutesAtChonkers/Content/FPWeapon/Mesh/SK_FPGun_Physics.uasset" 682
"E:/UE Projects/SixMinutesAtChonkers/Content/FPWeapon/Mesh/SK_FPGun_Physics.uexp" 683
"E:/UE Projects/SixMinutesAtChonkers/Content/FPWeapon/Mesh/SK_FPGun.uasset" 684
"E:/UE Projects/SixMinutesAtChonkers/Content/FPWeapon/Mesh/SK_FPGun.uexp" 685
"E:/UE Projects/SixMinutesAtChonkers/Content/FPWeapon/Audio/FirstPersonTemplateWeaponFire02.ubulk" 686
"E:/UE Projects/SixMinutesAtChonkers/Content/FPWeapon/Audio/FirstPersonTemplateWeaponFire02.uasset" 687
"E:/UE Projects/SixMinutesAtChonkers/Content/FPWeapon/Audio/FirstPersonTemplateWeaponFire02.uexp" 688
"E:/UE Projects/SixMinutesAtChonkers/Content/FPWeapon/Materials/BaseMaterial.uasset" 689
"E:/UE Projects/SixMinutesAtChonkers/Content/FPWeapon/Materials/BaseMaterial.uexp" 690
"E:/UE Projects/SixMinutesAtChonkers/Content/FPWeapon/Materials/FirstPersonProjectileMaterial.uasset" 691
"E:/UE Projects/SixMinutesAtChonkers/Content/FPWeapon/Materials/FirstPersonProjectileMaterial.uexp" 692
"E:/UE Projects/SixMinutesAtChonkers/Content/FPWeapon/Mesh/FirstPersonProjectileMesh.ubulk" 693
"E:/UE Projects/SixMinutesAtChonkers/Content/FPWeapon/Mesh/FirstPersonProjectileMesh.uasset" 694
"E:/UE Projects/SixMinutesAtChonkers/Content/FPWeapon/Mesh/FirstPersonProjectileMesh.uexp" 695
"E:/UE Projects/SixMinutesAtChonkers/Content/FirstPerson/Blueprints/BP_FirstPersonProjectile.uasset" 696
"E:/UE Projects/SixMinutesAtChonkers/Content/FirstPerson/Blueprints/BP_FirstPersonProjectile.uexp" 697
"E:/UE Projects/SixMinutesAtChonkers/Content/FirstPersonArms/Animations/FP_Rifle_Fire.uasset" 698
"E:/UE Projects/SixMinutesAtChonkers/Content/FirstPersonArms/Animations/FP_Rifle_Fire.uexp" 699
"E:/UE Projects/SixMinutesAtChonkers/Content/FirstPersonArms/Animations/FP_Rifle_Shoot_Montage.uasset" 700
"E:/UE Projects/SixMinutesAtChonkers/Content/FirstPersonArms/Animations/FP_Rifle_Shoot_Montage.uexp" 701
"E:/UE Projects/SixMinutesAtChonkers/Content/FirstPerson/Blueprints/BP_Weapon_Component.uasset" 702
"E:/UE Projects/SixMinutesAtChonkers/Content/FirstPerson/Blueprints/BP_Weapon_Component.uexp" 703
"E:/UE Projects/SixMinutesAtChonkers/Content/FirstPerson/Blueprints/BP_Pickup_Rifle.uasset" 704
"E:/UE Projects/SixMinutesAtChonkers/Content/FirstPerson/Blueprints/BP_Pickup_Rifle.uexp" 705
"E:/UE Projects/SixMinutesAtChonkers/Content/FPWeapon/Mesh/SK_FPGun_PhysicsAsset.uasset" 706
"E:/UE Projects/SixMinutesAtChonkers/Content/FPWeapon/Mesh/SK_FPGun_PhysicsAsset.uexp" 707
"E:/UE Projects/SixMinutesAtChonkers/Content/FirstPersonArms/Animations/FP_Walk_Fwd.uasset" 708
"E:/UE Projects/SixMinutesAtChonkers/Content/FirstPersonArms/Animations/FP_Walk_Fwd.uexp" 709
"E:/UE Projects/SixMinutesAtChonkers/Content/Interface_And_Item_Sounds/WAV/Special_Powerup_10.ubulk" 710
"E:/UE Projects/SixMinutesAtChonkers/Content/Interface_And_Item_Sounds/WAV/Special_Powerup_10.uasset" 711
"E:/UE Projects/SixMinutesAtChonkers/Content/Interface_And_Item_Sounds/WAV/Special_Powerup_10.uexp" 712
"E:/UE Projects/SixMinutesAtChonkers/Content/Interface_And_Item_Sounds/Cues/Special_Powerup_10_Cue.uasset" 713
"E:/UE Projects/SixMinutesAtChonkers/Content/Interface_And_Item_Sounds/Cues/Special_Powerup_10_Cue.uexp" 714
"E:/UE Projects/SixMinutesAtChonkers/Content/Interface_And_Item_Sounds/WAV/Special_Powerup_09.ubulk" 715
"E:/UE Projects/SixMinutesAtChonkers/Content/Interface_And_Item_Sounds/WAV/Special_Powerup_09.uasset" 716
"E:/UE Projects/SixMinutesAtChonkers/Content/Interface_And_Item_Sounds/WAV/Special_Powerup_09.uexp" 717
"E:/UE Projects/SixMinutesAtChonkers/Content/Interface_And_Item_Sounds/Cues/Special_Powerup_09_Cue.uasset" 718
"E:/UE Projects/SixMinutesAtChonkers/Content/Interface_And_Item_Sounds/Cues/Special_Powerup_09_Cue.uexp" 719
"E:/UE Projects/SixMinutesAtChonkers/Content/Interface_And_Item_Sounds/WAV/Special_Powerup_08.ubulk" 720
"E:/UE Projects/SixMinutesAtChonkers/Content/Interface_And_Item_Sounds/WAV/Special_Powerup_08.uasset" 721
"E:/UE Projects/SixMinutesAtChonkers/Content/Interface_And_Item_Sounds/WAV/Special_Powerup_08.uexp" 722
"E:/UE Projects/SixMinutesAtChonkers/Content/Interface_And_Item_Sounds/Cues/Special_Powerup_08_Cue.uasset" 723
"E:/UE Projects/SixMinutesAtChonkers/Content/Interface_And_Item_Sounds/Cues/Special_Powerup_08_Cue.uexp" 724
"E:/UE Projects/SixMinutesAtChonkers/Content/Interface_And_Item_Sounds/WAV/Special_Powerup_07.ubulk" 725
"E:/UE Projects/SixMinutesAtChonkers/Content/Interface_And_Item_Sounds/WAV/Special_Powerup_07.uasset" 726
"E:/UE Projects/SixMinutesAtChonkers/Content/Interface_And_Item_Sounds/WAV/Special_Powerup_07.uexp" 727
"E:/UE Projects/SixMinutesAtChonkers/Content/Interface_And_Item_Sounds/Cues/Special_Powerup_07_Cue.uasset" 728
"E:/UE Projects/SixMinutesAtChonkers/Content/Interface_And_Item_Sounds/Cues/Special_Powerup_07_Cue.uexp" 729
"E:/UE Projects/SixMinutesAtChonkers/Content/Interface_And_Item_Sounds/WAV/Special_Powerup_06.ubulk" 730
"E:/UE Projects/SixMinutesAtChonkers/Content/Interface_And_Item_Sounds/WAV/Special_Powerup_06.uasset" 731
"E:/UE Projects/SixMinutesAtChonkers/Content/Interface_And_Item_Sounds/WAV/Special_Powerup_06.uexp" 732
"E:/UE Projects/SixMinutesAtChonkers/Content/Interface_And_Item_Sounds/Cues/Special_Powerup_06_Cue.uasset" 733
"E:/UE Projects/SixMinutesAtChonkers/Content/Interface_And_Item_Sounds/Cues/Special_Powerup_06_Cue.uexp" 734
"E:/UE Projects/SixMinutesAtChonkers/Content/Interface_And_Item_Sounds/WAV/Special_Powerup_05.ubulk" 735
"E:/UE Projects/SixMinutesAtChonkers/Content/Interface_And_Item_Sounds/WAV/Special_Powerup_05.uasset" 736
"E:/UE Projects/SixMinutesAtChonkers/Content/Interface_And_Item_Sounds/WAV/Special_Powerup_05.uexp" 737
"E:/UE Projects/SixMinutesAtChonkers/Content/Interface_And_Item_Sounds/Cues/Special_Powerup_05_Cue.uasset" 738
"E:/UE Projects/SixMinutesAtChonkers/Content/Interface_And_Item_Sounds/Cues/Special_Powerup_05_Cue.uexp" 739
"E:/UE Projects/SixMinutesAtChonkers/Content/Interface_And_Item_Sounds/WAV/Special_Powerup_04.ubulk" 740
"E:/UE Projects/SixMinutesAtChonkers/Content/Interface_And_Item_Sounds/WAV/Special_Powerup_04.uasset" 741
"E:/UE Projects/SixMinutesAtChonkers/Content/Interface_And_Item_Sounds/WAV/Special_Powerup_04.uexp" 742
"E:/UE Projects/SixMinutesAtChonkers/Content/Interface_And_Item_Sounds/Cues/Special_Powerup_04_Cue.uasset" 743
"E:/UE Projects/SixMinutesAtChonkers/Content/Interface_And_Item_Sounds/Cues/Special_Powerup_04_Cue.uexp" 744
"E:/UE Projects/SixMinutesAtChonkers/Content/Interface_And_Item_Sounds/WAV/Special_Powerup_03.ubulk" 745
"E:/UE Projects/SixMinutesAtChonkers/Content/Interface_And_Item_Sounds/WAV/Special_Powerup_03.uasset" 746
"E:/UE Projects/SixMinutesAtChonkers/Content/Interface_And_Item_Sounds/WAV/Special_Powerup_03.uexp" 747
"E:/UE Projects/SixMinutesAtChonkers/Content/Interface_And_Item_Sounds/Cues/Special_Powerup_03_Cue.uasset" 748
"E:/UE Projects/SixMinutesAtChonkers/Content/Interface_And_Item_Sounds/Cues/Special_Powerup_03_Cue.uexp" 749
"E:/UE Projects/SixMinutesAtChonkers/Content/Interface_And_Item_Sounds/WAV/Special_Powerup_02.ubulk" 750
"E:/UE Projects/SixMinutesAtChonkers/Content/Interface_And_Item_Sounds/WAV/Special_Powerup_02.uasset" 751
"E:/UE Projects/SixMinutesAtChonkers/Content/Interface_And_Item_Sounds/WAV/Special_Powerup_02.uexp" 752
"E:/UE Projects/SixMinutesAtChonkers/Content/Interface_And_Item_Sounds/Cues/Special_Powerup_02_Cue.uasset" 753
"E:/UE Projects/SixMinutesAtChonkers/Content/Interface_And_Item_Sounds/Cues/Special_Powerup_02_Cue.uexp" 754
"E:/UE Projects/SixMinutesAtChonkers/Content/Interface_And_Item_Sounds/WAV/Special_Powerup_01.ubulk" 755
"E:/UE Projects/SixMinutesAtChonkers/Content/Interface_And_Item_Sounds/WAV/Special_Powerup_01.uasset" 756
"E:/UE Projects/SixMinutesAtChonkers/Content/Interface_And_Item_Sounds/WAV/Special_Powerup_01.uexp" 757
"E:/UE Projects/SixMinutesAtChonkers/Content/Interface_And_Item_Sounds/Cues/Special_Powerup_01_Cue.uasset" 758
"E:/UE Projects/SixMinutesAtChonkers/Content/Interface_And_Item_Sounds/Cues/Special_Powerup_01_Cue.uexp" 759
"E:/UE Projects/SixMinutesAtChonkers/Content/Interface_And_Item_Sounds/WAV/Special_Musical_05.ubulk" 760
"E:/UE Projects/SixMinutesAtChonkers/Content/Interface_And_Item_Sounds/WAV/Special_Musical_05.uasset" 761
"E:/UE Projects/SixMinutesAtChonkers/Content/Interface_And_Item_Sounds/WAV/Special_Musical_05.uexp" 762
"E:/UE Projects/SixMinutesAtChonkers/Content/Interface_And_Item_Sounds/Cues/Special_Musical_05_Cue.uasset" 763
"E:/UE Projects/SixMinutesAtChonkers/Content/Interface_And_Item_Sounds/Cues/Special_Musical_05_Cue.uexp" 764
"E:/UE Projects/SixMinutesAtChonkers/Content/Interface_And_Item_Sounds/WAV/Special_Musical_04.ubulk" 765
"E:/UE Projects/SixMinutesAtChonkers/Content/Interface_And_Item_Sounds/WAV/Special_Musical_04.uasset" 766
"E:/UE Projects/SixMinutesAtChonkers/Content/Interface_And_Item_Sounds/WAV/Special_Musical_04.uexp" 767
"E:/UE Projects/SixMinutesAtChonkers/Content/Interface_And_Item_Sounds/Cues/Special_Musical_04_Cue.uasset" 768
"E:/UE Projects/SixMinutesAtChonkers/Content/Interface_And_Item_Sounds/Cues/Special_Musical_04_Cue.uexp" 769
"E:/UE Projects/SixMinutesAtChonkers/Content/Interface_And_Item_Sounds/WAV/Special_Musical_03.ubulk" 770
"E:/UE Projects/SixMinutesAtChonkers/Content/Interface_And_Item_Sounds/WAV/Special_Musical_03.uasset" 771
"E:/UE Projects/SixMinutesAtChonkers/Content/Interface_And_Item_Sounds/WAV/Special_Musical_03.uexp" 772
"E:/UE Projects/SixMinutesAtChonkers/Content/Interface_And_Item_Sounds/Cues/Special_Musical_03_Cue.uasset" 773
"E:/UE Projects/SixMinutesAtChonkers/Content/Interface_And_Item_Sounds/Cues/Special_Musical_03_Cue.uexp" 774
"E:/UE Projects/SixMinutesAtChonkers/Content/Interface_And_Item_Sounds/WAV/Special_Musical_02.ubulk" 775
"E:/UE Projects/SixMinutesAtChonkers/Content/Interface_And_Item_Sounds/WAV/Special_Musical_02.uasset" 776
"E:/UE Projects/SixMinutesAtChonkers/Content/Interface_And_Item_Sounds/WAV/Special_Musical_02.uexp" 777
"E:/UE Projects/SixMinutesAtChonkers/Content/Interface_And_Item_Sounds/Cues/Special_Musical_02_Cue.uasset" 778
"E:/UE Projects/SixMinutesAtChonkers/Content/Interface_And_Item_Sounds/Cues/Special_Musical_02_Cue.uexp" 779
"E:/UE Projects/SixMinutesAtChonkers/Content/Interface_And_Item_Sounds/WAV/Special_Musical_01.ubulk" 780
"E:/UE Projects/SixMinutesAtChonkers/Content/Interface_And_Item_Sounds/WAV/Special_Musical_01.uasset" 781
"E:/UE Projects/SixMinutesAtChonkers/Content/Interface_And_Item_Sounds/WAV/Special_Musical_01.uexp" 782
"E:/UE Projects/SixMinutesAtChonkers/Content/Interface_And_Item_Sounds/Cues/Special_Musical_01_Cue.uasset" 783
"E:/UE Projects/SixMinutesAtChonkers/Content/Interface_And_Item_Sounds/Cues/Special_Musical_01_Cue.uexp" 784
"E:/UE Projects/SixMinutesAtChonkers/Content/Interface_And_Item_Sounds/WAV/Ringtone_01.ubulk" 785
"E:/UE Projects/SixMinutesAtChonkers/Content/Interface_And_Item_Sounds/WAV/Ringtone_01.uasset" 786
"E:/UE Projects/SixMinutesAtChonkers/Content/Interface_And_Item_Sounds/WAV/Ringtone_01.uexp" 787
"E:/UE Projects/SixMinutesAtChonkers/Content/Interface_And_Item_Sounds/Cues/Ringtone_01_Cue.uasset" 788
"E:/UE Projects/SixMinutesAtChonkers/Content/Interface_And_Item_Sounds/Cues/Ringtone_01_Cue.uexp" 789
"E:/UE Projects/SixMinutesAtChonkers/Content/Interface_And_Item_Sounds/WAV/Pop_10.ubulk" 790
"E:/UE Projects/SixMinutesAtChonkers/Content/Interface_And_Item_Sounds/WAV/Pop_10.uasset" 791
"E:/UE Projects/SixMinutesAtChonkers/Content/Interface_And_Item_Sounds/WAV/Pop_10.uexp" 792
"E:/UE Projects/SixMinutesAtChonkers/Content/Interface_And_Item_Sounds/Cues/Pop_10_Cue.uasset" 793
"E:/UE Projects/SixMinutesAtChonkers/Content/Interface_And_Item_Sounds/Cues/Pop_10_Cue.uexp" 794
"E:/UE Projects/SixMinutesAtChonkers/Content/Interface_And_Item_Sounds/WAV/Pop_09.ubulk" 795
"E:/UE Projects/SixMinutesAtChonkers/Content/Interface_And_Item_Sounds/WAV/Pop_09.uasset" 796
"E:/UE Projects/SixMinutesAtChonkers/Content/Interface_And_Item_Sounds/WAV/Pop_09.uexp" 797
"E:/UE Projects/SixMinutesAtChonkers/Content/Interface_And_Item_Sounds/Cues/Pop_09_Cue.uasset" 798
"E:/UE Projects/SixMinutesAtChonkers/Content/Interface_And_Item_Sounds/Cues/Pop_09_Cue.uexp" 799
"E:/UE Projects/SixMinutesAtChonkers/Content/StarterContent/Audio/Steam01.ubulk" 800
"E:/UE Projects/SixMinutesAtChonkers/Content/StarterContent/Audio/Steam01.uasset" 801
"E:/UE Projects/SixMinutesAtChonkers/Content/StarterContent/Audio/Steam01.uexp" 802
"E:/UE Projects/SixMinutesAtChonkers/Content/StarterContent/Audio/Starter_Wind06.ubulk" 803
"E:/UE Projects/SixMinutesAtChonkers/Content/StarterContent/Audio/Starter_Wind06.uasset" 804
"E:/UE Projects/SixMinutesAtChonkers/Content/StarterContent/Audio/Starter_Wind06.uexp" 805
"E:/UE Projects/SixMinutesAtChonkers/Content/StarterContent/Audio/Starter_Wind05.ubulk" 806
"E:/UE Projects/SixMinutesAtChonkers/Content/StarterContent/Audio/Starter_Wind05.uasset" 807
"E:/UE Projects/SixMinutesAtChonkers/Content/StarterContent/Audio/Starter_Wind05.uexp" 808
"E:/UE Projects/SixMinutesAtChonkers/Content/StarterContent/Audio/Starter_Music01.ubulk" 809
"E:/UE Projects/SixMinutesAtChonkers/Content/StarterContent/Audio/Starter_Music01.uasset" 810
"E:/UE Projects/SixMinutesAtChonkers/Content/StarterContent/Audio/Starter_Music01.uexp" 811
"E:/UE Projects/SixMinutesAtChonkers/Content/StarterContent/Audio/Starter_Birds01.ubulk" 812
"E:/UE Projects/SixMinutesAtChonkers/Content/StarterContent/Audio/Starter_Birds01.uasset" 813
"E:/UE Projects/SixMinutesAtChonkers/Content/StarterContent/Audio/Starter_Birds01.uexp" 814
"E:/UE Projects/SixMinutesAtChonkers/Content/StarterContent/Audio/Smoke01.ubulk" 815
"E:/UE Projects/SixMinutesAtChonkers/Content/StarterContent/Audio/Smoke01.uasset" 816
"E:/UE Projects/SixMinutesAtChonkers/Content/StarterContent/Audio/Smoke01.uexp" 817
"E:/UE Projects/SixMinutesAtChonkers/Content/StarterContent/Audio/Light02_Cue.uasset" 818
"E:/UE Projects/SixMinutesAtChonkers/Content/StarterContent/Audio/Light02_Cue.uexp" 819
"E:/UE Projects/SixMinutesAtChonkers/Content/StarterContent/Audio/Light02.ubulk" 820
"E:/UE Projects/SixMinutesAtChonkers/Content/StarterContent/Audio/Light02.uasset" 821
"E:/UE Projects/SixMinutesAtChonkers/Content/StarterContent/Audio/Light02.uexp" 822
"E:/UE Projects/SixMinutesAtChonkers/Content/StarterContent/Audio/Light01_Cue.uasset" 823
"E:/UE Projects/SixMinutesAtChonkers/Content/StarterContent/Audio/Light01_Cue.uexp" 824
"E:/UE Projects/SixMinutesAtChonkers/Content/StarterContent/Audio/Light01.ubulk" 825
"E:/UE Projects/SixMinutesAtChonkers/Content/StarterContent/Audio/Light01.uasset" 826
"E:/UE Projects/SixMinutesAtChonkers/Content/StarterContent/Audio/Light01.uexp" 827
"E:/UE Projects/SixMinutesAtChonkers/Content/StarterContent/Audio/Fire_Sparks01.ubulk" 828
"E:/UE Projects/SixMinutesAtChonkers/Content/StarterContent/Audio/Fire_Sparks01.uasset" 829
"E:/UE Projects/SixMinutesAtChonkers/Content/StarterContent/Audio/Fire_Sparks01.uexp" 830
"E:/UE Projects/SixMinutesAtChonkers/Content/StarterContent/Audio/Fire01.ubulk" 831
"E:/UE Projects/SixMinutesAtChonkers/Content/StarterContent/Audio/Fire01.uasset" 832
"E:/UE Projects/SixMinutesAtChonkers/Content/StarterContent/Audio/Fire01.uexp" 833
"E:/UE Projects/SixMinutesAtChonkers/Content/StarterContent/Materials/M_Basic_Wall.uasset" 834
"E:/UE Projects/SixMinutesAtChonkers/Content/StarterContent/Materials/M_Basic_Wall.uexp" 835
"E:/UE Projects/SixMinutesAtChonkers/Content/StarterContent/Shapes/Shape_WideCapsule.ubulk" 836
"E:/UE Projects/SixMinutesAtChonkers/Content/StarterContent/Shapes/Shape_WideCapsule.uasset" 837
"E:/UE Projects/SixMinutesAtChonkers/Content/StarterContent/Shapes/Shape_WideCapsule.uexp" 838
"E:/UE Projects/SixMinutesAtChonkers/Content/StarterContent/Shapes/Shape_Wedge_B.ubulk" 839
"E:/UE Projects/SixMinutesAtChonkers/Content/StarterContent/Shapes/Shape_Wedge_B.uasset" 840
"E:/UE Projects/SixMinutesAtChonkers/Content/StarterContent/Shapes/Shape_Wedge_B.uexp" 841
"E:/UE Projects/SixMinutesAtChonkers/Content/StarterContent/Shapes/Shape_Wedge_A.ubulk" 842
"E:/UE Projects/SixMinutesAtChonkers/Content/StarterContent/Shapes/Shape_Wedge_A.uasset" 843
"E:/UE Projects/SixMinutesAtChonkers/Content/StarterContent/Shapes/Shape_Wedge_A.uexp" 844
"E:/UE Projects/SixMinutesAtChonkers/Content/StarterContent/Shapes/Shape_Tube.ubulk" 845
"E:/UE Projects/SixMinutesAtChonkers/Content/StarterContent/Shapes/Shape_Tube.uasset" 846
"E:/UE Projects/SixMinutesAtChonkers/Content/StarterContent/Shapes/Shape_Tube.uexp" 847
"E:/UE Projects/SixMinutesAtChonkers/Content/StarterContent/Shapes/Shape_TriPyramid.ubulk" 848
"E:/UE Projects/SixMinutesAtChonkers/Content/StarterContent/Shapes/Shape_TriPyramid.uasset" 849
"E:/UE Projects/SixMinutesAtChonkers/Content/StarterContent/Shapes/Shape_TriPyramid.uexp" 850
"E:/UE Projects/SixMinutesAtChonkers/Content/StarterContent/Shapes/Shape_Trim_90_Out.ubulk" 851
"E:/UE Projects/SixMinutesAtChonkers/Content/StarterContent/Shapes/Shape_Trim_90_Out.uasset" 852
"E:/UE Projects/SixMinutesAtChonkers/Content/StarterContent/Shapes/Shape_Trim_90_Out.uexp" 853
"E:/UE Projects/SixMinutesAtChonkers/Content/StarterContent/Shapes/Shape_Trim_90_In.ubulk" 854
"E:/UE Projects/SixMinutesAtChonkers/Content/StarterContent/Shapes/Shape_Trim_90_In.uasset" 855
"E:/UE Projects/SixMinutesAtChonkers/Content/StarterContent/Shapes/Shape_Trim_90_In.uexp" 856
"E:/UE Projects/SixMinutesAtChonkers/Content/StarterContent/Shapes/Shape_Trim.ubulk" 857
"E:/UE Projects/SixMinutesAtChonkers/Content/StarterContent/Shapes/Shape_Trim.uasset" 858
"E:/UE Projects/SixMinutesAtChonkers/Content/StarterContent/Shapes/Shape_Trim.uexp" 859
"E:/UE Projects/SixMinutesAtChonkers/Content/StarterContent/Shapes/Shape_Torus.ubulk" 860
"E:/UE Projects/SixMinutesAtChonkers/Content/StarterContent/Shapes/Shape_Torus.uasset" 861
"E:/UE Projects/SixMinutesAtChonkers/Content/StarterContent/Shapes/Shape_Torus.uexp" 862
"E:/UE Projects/SixMinutesAtChonkers/Content/StarterContent/Shapes/Shape_Plane.ubulk" 863
"E:/UE Projects/SixMinutesAtChonkers/Content/StarterContent/Shapes/Shape_Plane.uasset" 864
"E:/UE Projects/SixMinutesAtChonkers/Content/StarterContent/Shapes/Shape_Plane.uexp" 865
"E:/UE Projects/SixMinutesAtChonkers/Content/StarterContent/Shapes/Shape_Pipe_90.ubulk" 866
"E:/UE Projects/SixMinutesAtChonkers/Content/StarterContent/Shapes/Shape_Pipe_90.uasset" 867
"E:/UE Projects/SixMinutesAtChonkers/Content/StarterContent/Shapes/Shape_Pipe_90.uexp" 868
"E:/UE Projects/SixMinutesAtChonkers/Content/StarterContent/Shapes/Shape_Pipe_180.ubulk" 869
"E:/UE Projects/SixMinutesAtChonkers/Content/StarterContent/Shapes/Shape_Pipe_180.uasset" 870
"E:/UE Projects/SixMinutesAtChonkers/Content/StarterContent/Shapes/Shape_Pipe_180.uexp" 871
"E:/UE Projects/SixMinutesAtChonkers/Content/StarterContent/Shapes/Shape_Pipe.ubulk" 872
"E:/UE Projects/SixMinutesAtChonkers/Content/StarterContent/Shapes/Shape_Pipe.uasset" 873
"E:/UE Projects/SixMinutesAtChonkers/Content/StarterContent/Shapes/Shape_Pipe.uexp" 874
"E:/UE Projects/SixMinutesAtChonkers/Content/StarterContent/Shapes/Shape_NarrowCapsule.ubulk" 875
"E:/UE Projects/SixMinutesAtChonkers/Content/StarterContent/Shapes/Shape_NarrowCapsule.uasset" 876
"E:/UE Projects/SixMinutesAtChonkers/Content/StarterContent/Shapes/Shape_NarrowCapsule.uexp" 877
"E:/UE Projects/SixMinutesAtChonkers/Content/StarterContent/Shapes/Shape_Cylinder.ubulk" 878
"E:/UE Projects/SixMinutesAtChonkers/Content/StarterContent/Shapes/Shape_Cylinder.uasset" 879
"E:/UE Projects/SixMinutesAtChonkers/Content/StarterContent/Shapes/Shape_Cylinder.uexp" 880
"E:/UE Projects/SixMinutesAtChonkers/Content/Characters/Mannequins/Meshes/SK_Mannequin.uasset" 881
"E:/UE Projects/SixMinutesAtChonkers/Content/Characters/Mannequins/Meshes/SK_Mannequin.uexp" 882
"E:/UE Projects/SixMinutesAtChonkers/Content/Characters/Mannequins/Textures/Quinn/T_Quinn_02ID_MSR_MSK.ubulk" 883
"E:/UE Projects/SixMinutesAtChonkers/Content/Characters/Mannequins/Textures/Quinn/T_Quinn_02ID_MSR_MSK.uasset" 884
"E:/UE Projects/SixMinutesAtChonkers/Content/Characters/Mannequins/Textures/Quinn/T_Quinn_02ID_MSR_MSK.uexp" 885
"E:/UE Projects/SixMinutesAtChonkers/Content/Characters/Mannequins/Textures/Quinn/T_Quinn_02ID_BN.ubulk" 886
"E:/UE Projects/SixMinutesAtChonkers/Content/Characters/Mannequins/Textures/Quinn/T_Quinn_02ID_BN.uasset" 887
"E:/UE Projects/SixMinutesAtChonkers/Content/Characters/Mannequins/Textures/Quinn/T_Quinn_02ID_BN.uexp" 888
"E:/UE Projects/SixMinutesAtChonkers/Content/Characters/Mannequins/Textures/Quinn/T_Quinn_02_ASAOMASK_MSK.ubulk" 889
"E:/UE Projects/SixMinutesAtChonkers/Content/Characters/Mannequins/Textures/Quinn/T_Quinn_02_ASAOMASK_MSK.uasset" 890
"E:/UE Projects/SixMinutesAtChonkers/Content/Characters/Mannequins/Textures/Quinn/T_Quinn_02_ASAOMASK_MSK.uexp" 891
"E:/UE Projects/SixMinutesAtChonkers/Content/Characters/Mannequins/Textures/Quinn/T_Quinn_02_CCRCCPlastic_MSK.ubulk" 892
"E:/UE Projects/SixMinutesAtChonkers/Content/Characters/Mannequins/Textures/Quinn/T_Quinn_02_CCRCCPlastic_MSK.uasset" 893
"E:/UE Projects/SixMinutesAtChonkers/Content/Characters/Mannequins/Textures/Quinn/T_Quinn_02_CCRCCPlastic_MSK.uexp" 894
"E:/UE Projects/SixMinutesAtChonkers/Content/Characters/Mannequins/Textures/Quinn/T_Quinn_02ID_Tan.ubulk" 895
"E:/UE Projects/SixMinutesAtChonkers/Content/Characters/Mannequins/Textures/Quinn/T_Quinn_02ID_Tan.uasset" 896
"E:/UE Projects/SixMinutesAtChonkers/Content/Characters/Mannequins/Textures/Quinn/T_Quinn_02ID_Tan.uexp" 897
"E:/UE Projects/SixMinutesAtChonkers/Content/Characters/Mannequins/Textures/Quinn/T_Quinn_02ID_D.ubulk" 898
"E:/UE Projects/SixMinutesAtChonkers/Content/Characters/Mannequins/Textures/Quinn/T_Quinn_02ID_D.uasset" 899
"E:/UE Projects/SixMinutesAtChonkers/Content/Characters/Mannequins/Textures/Quinn/T_Quinn_02ID_D.uexp" 900
"E:/UE Projects/SixMinutesAtChonkers/Content/Characters/Mannequins/Textures/Quinn/T_Quinn_01ID_MSR_MSK.ubulk" 901
"E:/UE Projects/SixMinutesAtChonkers/Content/Characters/Mannequins/Textures/Quinn/T_Quinn_01ID_MSR_MSK.uasset" 902
"E:/UE Projects/SixMinutesAtChonkers/Content/Characters/Mannequins/Textures/Quinn/T_Quinn_01ID_MSR_MSK.uexp" 903
"E:/UE Projects/SixMinutesAtChonkers/Content/Characters/Mannequins/Materials/Functions/ChromaticCurve.uasset" 904
"E:/UE Projects/SixMinutesAtChonkers/Content/Characters/Mannequins/Materials/Functions/ChromaticCurve.uexp" 905
"E:/UE Projects/SixMinutesAtChonkers/Content/Characters/Mannequins/Materials/Functions/CA_Mannequin.uasset" 906
"E:/UE Projects/SixMinutesAtChonkers/Content/Characters/Mannequins/Materials/Functions/CA_Mannequin.uexp" 907
"E:/UE Projects/SixMinutesAtChonkers/Content/Characters/Mannequins/Materials/Functions/MF_Diffraction.uasset" 908
"E:/UE Projects/SixMinutesAtChonkers/Content/Characters/Mannequins/Materials/Functions/MF_Diffraction.uexp" 909
"E:/UE Projects/SixMinutesAtChonkers/Content/Characters/Mannequins/Textures/Manny/T_Manny_01_N.ubulk" 910
"E:/UE Projects/SixMinutesAtChonkers/Content/Characters/Mannequins/Textures/Manny/T_Manny_01_N.uasset" 911
"E:/UE Projects/SixMinutesAtChonkers/Content/Characters/Mannequins/Textures/Manny/T_Manny_01_N.uexp" 912
"E:/UE Projects/SixMinutesAtChonkers/Content/Characters/Mannequins/Materials/Functions/ML_BaseColorFallOff.uasset" 913
"E:/UE Projects/SixMinutesAtChonkers/Content/Characters/Mannequins/Materials/Functions/ML_BaseColorFallOff.uexp" 914
"../../../Engine/Content/Functions/Engine_MaterialFunctions01/Texturing/ScaleUVsByCenter.uasset" 915
"../../../Engine/Content/Functions/Engine_MaterialFunctions01/Texturing/ScaleUVsByCenter.uexp" 916
"E:/UE Projects/SixMinutesAtChonkers/Content/Characters/Mannequins/Textures/Shared/T_UE_Logo_M.uasset" 917
"E:/UE Projects/SixMinutesAtChonkers/Content/Characters/Mannequins/Textures/Shared/T_UE_Logo_M.uexp" 918
"E:/UE Projects/SixMinutesAtChonkers/Content/Characters/Mannequins/Materials/Functions/MF_logo3layers.uasset" 919
"E:/UE Projects/SixMinutesAtChonkers/Content/Characters/Mannequins/Materials/Functions/MF_logo3layers.uexp" 920
"E:/UE Projects/SixMinutesAtChonkers/Content/Characters/Mannequins/Textures/Manny/T_Manny_01_CCRCCPlastic_MSK.ubulk" 921
"E:/UE Projects/SixMinutesAtChonkers/Content/Characters/Mannequins/Textures/Manny/T_Manny_01_CCRCCPlastic_MSK.uasset" 922
"E:/UE Projects/SixMinutesAtChonkers/Content/Characters/Mannequins/Textures/Manny/T_Manny_01_CCRCCPlastic_MSK.uexp" 923
"E:/UE Projects/SixMinutesAtChonkers/Content/Characters/Mannequins/Textures/Manny/T_Manny_01_ASAOPMASK_MSK.ubulk" 924
"E:/UE Projects/SixMinutesAtChonkers/Content/Characters/Mannequins/Textures/Manny/T_Manny_01_ASAOPMASK_MSK.uasset" 925
"E:/UE Projects/SixMinutesAtChonkers/Content/Characters/Mannequins/Textures/Manny/T_Manny_01_ASAOPMASK_MSK.uexp" 926
"E:/UE Projects/SixMinutesAtChonkers/Content/Characters/Mannequins/Textures/Manny/T_Manny_01_MSR_MSK.ubulk" 927
"E:/UE Projects/SixMinutesAtChonkers/Content/Characters/Mannequins/Textures/Manny/T_Manny_01_MSR_MSK.uasset" 928
"E:/UE Projects/SixMinutesAtChonkers/Content/Characters/Mannequins/Textures/Manny/T_Manny_01_MSR_MSK.uexp" 929
"E:/UE Projects/SixMinutesAtChonkers/Content/Characters/Mannequins/Textures/Manny/T_Manny_01_BN.ubulk" 930
"E:/UE Projects/SixMinutesAtChonkers/Content/Characters/Mannequins/Textures/Manny/T_Manny_01_BN.uasset" 931
"E:/UE Projects/SixMinutesAtChonkers/Content/Characters/Mannequins/Textures/Manny/T_Manny_01_BN.uexp" 932
"E:/UE Projects/SixMinutesAtChonkers/Content/Characters/Mannequins/Textures/Manny/T_Manny_01_D.ubulk" 933
"E:/UE Projects/SixMinutesAtChonkers/Content/Characters/Mannequins/Textures/Manny/T_Manny_01_D.uasset" 934
"E:/UE Projects/SixMinutesAtChonkers/Content/Characters/Mannequins/Textures/Manny/T_Manny_01_D.uexp" 935
"E:/UE Projects/SixMinutesAtChonkers/Content/Characters/Mannequins/Textures/Manny/T_Manny_01_Tan.ubulk" 936
"E:/UE Projects/SixMinutesAtChonkers/Content/Characters/Mannequins/Textures/Manny/T_Manny_01_Tan.uasset" 937
"E:/UE Projects/SixMinutesAtChonkers/Content/Characters/Mannequins/Textures/Manny/T_Manny_01_Tan.uexp" 938
"E:/UE Projects/SixMinutesAtChonkers/Content/Characters/Mannequins/Materials/M_Mannequin.uasset" 939
"E:/UE Projects/SixMinutesAtChonkers/Content/Characters/Mannequins/Materials/M_Mannequin.uexp" 940
"E:/UE Projects/SixMinutesAtChonkers/Content/Characters/Mannequins/Textures/Quinn/T_Quinn_01_ASAOMASK_MSK.ubulk" 941
"E:/UE Projects/SixMinutesAtChonkers/Content/Characters/Mannequins/Textures/Quinn/T_Quinn_01_ASAOMASK_MSK.uasset" 942
"E:/UE Projects/SixMinutesAtChonkers/Content/Characters/Mannequins/Textures/Quinn/T_Quinn_01_ASAOMASK_MSK.uexp" 943
"E:/UE Projects/SixMinutesAtChonkers/Content/Characters/Mannequins/Textures/Quinn/T_Quinn_01ID_N.ubulk" 944
"E:/UE Projects/SixMinutesAtChonkers/Content/Characters/Mannequins/Textures/Quinn/T_Quinn_01ID_N.uasset" 945
"E:/UE Projects/SixMinutesAtChonkers/Content/Characters/Mannequins/Textures/Quinn/T_Quinn_01ID_N.uexp" 946
"E:/UE Projects/SixMinutesAtChonkers/Content/Characters/Mannequins/Textures/Quinn/T_Quinn_01ID_BN.ubulk" 947
"E:/UE Projects/SixMinutesAtChonkers/Content/Characters/Mannequins/Textures/Quinn/T_Quinn_01ID_BN.uasset" 948
"E:/UE Projects/SixMinutesAtChonkers/Content/Characters/Mannequins/Textures/Quinn/T_Quinn_01ID_BN.uexp" 949
"E:/UE Projects/SixMinutesAtChonkers/Content/Characters/Mannequins/Textures/Quinn/T_Quinn_01ID_D.ubulk" 950
"E:/UE Projects/SixMinutesAtChonkers/Content/Characters/Mannequins/Textures/Quinn/T_Quinn_01ID_D.uasset" 951
"E:/UE Projects/SixMinutesAtChonkers/Content/Characters/Mannequins/Textures/Quinn/T_Quinn_01ID_D.uexp" 952
"E:/UE Projects/SixMinutesAtChonkers/Content/Characters/Mannequins/Textures/Quinn/T_Quinn_01ID_Tan.ubulk" 953
"E:/UE Projects/SixMinutesAtChonkers/Content/Characters/Mannequins/Textures/Quinn/T_Quinn_01ID_Tan.uasset" 954
"E:/UE Projects/SixMinutesAtChonkers/Content/Characters/Mannequins/Textures/Quinn/T_Quinn_01ID_Tan.uexp" 955
"E:/UE Projects/SixMinutesAtChonkers/Content/Characters/Mannequins/Textures/Quinn/T_Quinn_01_CCRCCPlastic_MSK.ubulk" 956
"E:/UE Projects/SixMinutesAtChonkers/Content/Characters/Mannequins/Textures/Quinn/T_Quinn_01_CCRCCPlastic_MSK.uasset" 957
"E:/UE Projects/SixMinutesAtChonkers/Content/Characters/Mannequins/Textures/Quinn/T_Quinn_01_CCRCCPlastic_MSK.uexp" 958
"E:/UE Projects/SixMinutesAtChonkers/Content/Characters/Mannequins/Materials/Instances/Quinn/MI_Quinn_01.uasset" 959
"E:/UE Projects/SixMinutesAtChonkers/Content/Characters/Mannequins/Materials/Instances/Quinn/MI_Quinn_01.uexp" 960
"E:/UE Projects/SixMinutesAtChonkers/Content/Characters/Mannequins/Textures/Quinn/T_Quinn_02ID_N.ubulk" 961
"E:/UE Projects/SixMinutesAtChonkers/Content/Characters/Mannequins/Textures/Quinn/T_Quinn_02ID_N.uasset" 962
"E:/UE Projects/SixMinutesAtChonkers/Content/Characters/Mannequins/Textures/Quinn/T_Quinn_02ID_N.uexp" 963
"E:/UE Projects/SixMinutesAtChonkers/Content/Characters/Mannequins/Materials/Instances/Quinn/MI_Quinn_02.uasset" 964
"E:/UE Projects/SixMinutesAtChonkers/Content/Characters/Mannequins/Materials/Instances/Quinn/MI_Quinn_02.uexp" 965
"E:/UE Projects/SixMinutesAtChonkers/Content/Characters/Mannequins/Rigs/PA_Mannequin.uasset" 966
"E:/UE Projects/SixMinutesAtChonkers/Content/Characters/Mannequins/Rigs/PA_Mannequin.uexp" 967
"E:/UE Projects/SixMinutesAtChonkers/Content/Characters/Mannequins/Meshes/SKM_Quinn_Simple.uasset" 968
"E:/UE Projects/SixMinutesAtChonkers/Content/Characters/Mannequins/Meshes/SKM_Quinn_Simple.uexp" 969
"E:/UE Projects/SixMinutesAtChonkers/Content/ThirdPerson/Input/Actions/IA_Jump.uasset" 970
"E:/UE Projects/SixMinutesAtChonkers/Content/ThirdPerson/Input/Actions/IA_Jump.uexp" 971
"E:/UE Projects/SixMinutesAtChonkers/Content/ThirdPerson/Input/Actions/IA_Look.uasset" 972
"E:/UE Projects/SixMinutesAtChonkers/Content/ThirdPerson/Input/Actions/IA_Look.uexp" 973
"E:/UE Projects/SixMinutesAtChonkers/Content/ThirdPerson/Input/Actions/IA_Move.uasset" 974
"E:/UE Projects/SixMinutesAtChonkers/Content/ThirdPerson/Input/Actions/IA_Move.uexp" 975
"E:/UE Projects/SixMinutesAtChonkers/Content/ThirdPerson/Input/IMC_Default.uasset" 976
"E:/UE Projects/SixMinutesAtChonkers/Content/ThirdPerson/Input/IMC_Default.uexp" 977
"E:/UE Projects/SixMinutesAtChonkers/Content/Characters/Mannequins/Animations/Quinn/MF_Run_Fwd.uasset" 978
"E:/UE Projects/SixMinutesAtChonkers/Content/Characters/Mannequins/Animations/Quinn/MF_Run_Fwd.uexp" 979
"E:/UE Projects/SixMinutesAtChonkers/Content/Characters/Mannequins/Animations/Quinn/MF_Walk_Fwd.uasset" 980
"E:/UE Projects/SixMinutesAtChonkers/Content/Characters/Mannequins/Animations/Quinn/MF_Walk_Fwd.uexp" 981
"E:/UE Projects/SixMinutesAtChonkers/Content/Characters/Mannequins/Animations/Manny/MM_Walk_InPlace.uasset" 982
"E:/UE Projects/SixMinutesAtChonkers/Content/Characters/Mannequins/Animations/Manny/MM_Walk_InPlace.uexp" 983
"E:/UE Projects/SixMinutesAtChonkers/Content/Characters/Mannequins/Animations/Quinn/BS_MF_Unarmed_WalkRun.uasset" 984
"E:/UE Projects/SixMinutesAtChonkers/Content/Characters/Mannequins/Animations/Quinn/BS_MF_Unarmed_WalkRun.uexp" 985
"E:/UE Projects/SixMinutesAtChonkers/Content/Characters/Mannequins/Animations/Quinn/MF_Idle.uasset" 986
"E:/UE Projects/SixMinutesAtChonkers/Content/Characters/Mannequins/Animations/Quinn/MF_Idle.uexp" 987
"E:/UE Projects/SixMinutesAtChonkers/Content/Characters/Mannequins/Animations/Manny/MM_Fall_Loop.uasset" 988
"E:/UE Projects/SixMinutesAtChonkers/Content/Characters/Mannequins/Animations/Manny/MM_Fall_Loop.uexp" 989
"E:/UE Projects/SixMinutesAtChonkers/Content/Characters/Mannequins/Animations/Manny/MM_Jump.uasset" 990
"E:/UE Projects/SixMinutesAtChonkers/Content/Characters/Mannequins/Animations/Manny/MM_Jump.uexp" 991
"../../../Engine/Plugins/Animation/ControlRig/Content/Controls/DefaultGizmoLibrary.uasset" 992
"../../../Engine/Plugins/Animation/ControlRig/Content/Controls/DefaultGizmoLibrary.uexp" 993
"E:/UE Projects/SixMinutesAtChonkers/Content/Characters/Mannequins/Rigs/CR_Mannequin_BasicFootIK.uasset" 994
"E:/UE Projects/SixMinutesAtChonkers/Content/Characters/Mannequins/Rigs/CR_Mannequin_BasicFootIK.uexp" 995
"E:/UE Projects/SixMinutesAtChonkers/Content/Characters/Mannequins/Animations/Manny/MM_Run_Fwd.uasset" 996
"E:/UE Projects/SixMinutesAtChonkers/Content/Characters/Mannequins/Animations/Manny/MM_Run_Fwd.uexp" 997
"E:/UE Projects/SixMinutesAtChonkers/Content/Characters/Mannequins/Animations/Manny/MM_Walk_Fwd.uasset" 998
"E:/UE Projects/SixMinutesAtChonkers/Content/Characters/Mannequins/Animations/Manny/MM_Walk_Fwd.uexp" 999
"E:/UE Projects/SixMinutesAtChonkers/Content/Characters/Mannequins/Animations/Manny/BS_MM_WalkRun.uasset" 1000
"E:/UE Projects/SixMinutesAtChonkers/Content/Characters/Mannequins/Animations/Manny/BS_MM_WalkRun.uexp" 1001
"E:/UE Projects/SixMinutesAtChonkers/Content/Characters/Mannequins/Animations/Manny/MM_Land.uasset" 1002
"E:/UE Projects/SixMinutesAtChonkers/Content/Characters/Mannequins/Animations/Manny/MM_Land.uexp" 1003
"E:/UE Projects/SixMinutesAtChonkers/Content/Characters/Mannequins/Animations/Manny/MM_Idle.uasset" 1004
"E:/UE Projects/SixMinutesAtChonkers/Content/Characters/Mannequins/Animations/Manny/MM_Idle.uexp" 1005
"E:/UE Projects/SixMinutesAtChonkers/Content/Characters/Mannequins/Animations/ABP_Manny.uasset" 1006
"E:/UE Projects/SixMinutesAtChonkers/Content/Characters/Mannequins/Animations/ABP_Manny.uexp" 1007
"E:/UE Projects/SixMinutesAtChonkers/Content/Characters/Mannequins/Animations/ABP_Quinn.uasset" 1008
"E:/UE Projects/SixMinutesAtChonkers/Content/Characters/Mannequins/Animations/ABP_Quinn.uexp" 1009
"E:/UE Projects/SixMinutesAtChonkers/Content/ThirdPerson/Blueprints/BP_ThirdPersonCharacter.uasset" 1010
"E:/UE Projects/SixMinutesAtChonkers/Content/ThirdPerson/Blueprints/BP_ThirdPersonCharacter.uexp" 1011
"E:/UE Projects/SixMinutesAtChonkers/Content/ThirdPerson/Maps/ThirdPersonMap_BuiltData.ubulk" 1012
"E:/UE Projects/SixMinutesAtChonkers/Content/ThirdPerson/Maps/ThirdPersonMap_BuiltData.uasset" 1013
"E:/UE Projects/SixMinutesAtChonkers/Content/ThirdPerson/Maps/ThirdPersonMap_BuiltData.uexp" 1014
"../../../Engine/Content/EditorResources/LightIcons/S_LightError.uasset" 1015
"../../../Engine/Content/EditorResources/LightIcons/S_LightError.uexp" 1016
"../../../Engine/Content/EditorResources/AudioIcons/S_AudioComponent_AutoActivate.uasset" 1017
"../../../Engine/Content/EditorResources/AudioIcons/S_AudioComponent_AutoActivate.uexp" 1018
"../../../Engine/Content/EngineSky/VolumetricClouds/CloudWeatherTexture.uasset" 1019
"../../../Engine/Content/EngineSky/VolumetricClouds/CloudWeatherTexture.uexp" 1020
"../../../Engine/Content/Functions/Engine_MaterialFunctions02/Utility/MakeFloat2.uasset" 1021
"../../../Engine/Content/Functions/Engine_MaterialFunctions02/Utility/MakeFloat2.uexp" 1022
"../../../Engine/Content/EngineSky/VolumetricClouds/CloudGradientTexture.uasset" 1023
"../../../Engine/Content/EngineSky/VolumetricClouds/CloudGradientTexture.uexp" 1024
"../../../Engine/Content/EngineSky/VolumetricClouds/T_NoiseShape64.ubulk" 1025
"../../../Engine/Content/EngineSky/VolumetricClouds/T_NoiseShape64.uasset" 1026
"../../../Engine/Content/EngineSky/VolumetricClouds/T_NoiseShape64.uexp" 1027
"../../../Engine/Content/EngineSky/VolumetricClouds/T_VolumeNoiseShape64.uasset" 1028
"../../../Engine/Content/EngineSky/VolumetricClouds/T_VolumeNoiseShape64.uexp" 1029
"../../../Engine/Content/EngineSky/VolumetricClouds/T_NoiseErosion.ubulk" 1030
"../../../Engine/Content/EngineSky/VolumetricClouds/T_NoiseErosion.uasset" 1031
"../../../Engine/Content/EngineSky/VolumetricClouds/T_NoiseErosion.uexp" 1032
"../../../Engine/Content/EngineSky/VolumetricClouds/T_VolumeNoiseErosion32.uasset" 1033
"../../../Engine/Content/EngineSky/VolumetricClouds/T_VolumeNoiseErosion32.uexp" 1034
"../../../Engine/Content/EngineSky/VolumetricClouds/m_SimpleVolumetricCloud.uasset" 1035
"../../../Engine/Content/EngineSky/VolumetricClouds/m_SimpleVolumetricCloud.uexp" 1036
"../../../Engine/Content/EngineSky/VolumetricClouds/m_SimpleVolumetricCloud_Inst.uasset" 1037
"../../../Engine/Content/EngineSky/VolumetricClouds/m_SimpleVolumetricCloud_Inst.uexp" 1038
"../../../Engine/Content/EngineResources/FilmGrains/Marcie_Grain_v3_128_M2_000.uasset" 1039
"../../../Engine/Content/EngineResources/FilmGrains/Marcie_Grain_v3_128_M2_000.uexp" 1040
"../../../Engine/Content/MobileResources/HUD/VirtualJoystick_Background.uasset" 1041
"../../../Engine/Content/MobileResources/HUD/VirtualJoystick_Background.uexp" 1042
"../../../Engine/Content/MobileResources/HUD/VirtualJoystick_Thumb.uasset" 1043
"../../../Engine/Content/MobileResources/HUD/VirtualJoystick_Thumb.uexp" 1044
"../../../Engine/Content/MobileResources/HUD/DefaultVirtualJoysticks.uasset" 1045
"../../../Engine/Content/MobileResources/HUD/DefaultVirtualJoysticks.uexp" 1046
"../../../Engine/Content/EditorResources/SequenceRecorder/RecordingIndicator.uasset" 1047
"../../../Engine/Content/EditorResources/SequenceRecorder/RecordingIndicator.uexp" 1048
"../../../Engine/Content/EditorResources/SequenceRecorder/Countdown.uasset" 1049
"../../../Engine/Content/EditorResources/SequenceRecorder/Countdown.uexp" 1050
"../../../Engine/Content/EditorResources/AudioIcons/S_AudioComponent.uasset" 1051
"../../../Engine/Content/EditorResources/AudioIcons/S_AudioComponent.uexp" 1052
"E:/UE Projects/SixMinutesAtChonkers/Content/StarterContent/Shapes/Shape_Cone.ubulk" 1053
"E:/UE Projects/SixMinutesAtChonkers/Content/StarterContent/Shapes/Shape_Cone.uasset" 1054
"E:/UE Projects/SixMinutesAtChonkers/Content/StarterContent/Shapes/Shape_Cone.uexp" 1055
"E:/UE Projects/SixMinutesAtChonkers/Content/StarterContent/Materials/M_Basic_Floor.uasset" 1056
"E:/UE Projects/SixMinutesAtChonkers/Content/StarterContent/Materials/M_Basic_Floor.uexp" 1057
"E:/UE Projects/SixMinutesAtChonkers/Content/StarterContent/Props/SM_Stairs.ubulk" 1058
"E:/UE Projects/SixMinutesAtChonkers/Content/StarterContent/Props/SM_Stairs.uasset" 1059
"E:/UE Projects/SixMinutesAtChonkers/Content/StarterContent/Props/SM_Stairs.uexp" 1060
"E:/UE Projects/SixMinutesAtChonkers/Content/StarterContent/Textures/T_Shelf_N.ubulk" 1061
"E:/UE Projects/SixMinutesAtChonkers/Content/StarterContent/Textures/T_Shelf_N.uasset" 1062
"E:/UE Projects/SixMinutesAtChonkers/Content/StarterContent/Textures/T_Shelf_N.uexp" 1063
"E:/UE Projects/SixMinutesAtChonkers/Content/StarterContent/Textures/T_Shelf_M.ubulk" 1064
"E:/UE Projects/SixMinutesAtChonkers/Content/StarterContent/Textures/T_Shelf_M.uasset" 1065
"E:/UE Projects/SixMinutesAtChonkers/Content/StarterContent/Textures/T_Shelf_M.uexp" 1066
"E:/UE Projects/SixMinutesAtChonkers/Content/StarterContent/Props/Materials/M_Shelf.uasset" 1067
"E:/UE Projects/SixMinutesAtChonkers/Content/StarterContent/Props/Materials/M_Shelf.uexp" 1068
"E:/UE Projects/SixMinutesAtChonkers/Content/StarterContent/Props/SM_Shelf.ubulk" 1069
"E:/UE Projects/SixMinutesAtChonkers/Content/StarterContent/Props/SM_Shelf.uasset" 1070
"E:/UE Projects/SixMinutesAtChonkers/Content/StarterContent/Props/SM_Shelf.uexp" 1071
"E:/UE Projects/SixMinutesAtChonkers/Content/StarterContent/Textures/T_Detail_Rocky_N.ubulk" 1072
"E:/UE Projects/SixMinutesAtChonkers/Content/StarterContent/Textures/T_Detail_Rocky_N.uasset" 1073
"E:/UE Projects/SixMinutesAtChonkers/Content/StarterContent/Textures/T_Detail_Rocky_N.uexp" 1074
"E:/UE Projects/SixMinutesAtChonkers/Content/StarterContent/Textures/T_Rock_Basalt_D.ubulk" 1075
"E:/UE Projects/SixMinutesAtChonkers/Content/StarterContent/Textures/T_Rock_Basalt_D.uasset" 1076
"E:/UE Projects/SixMinutesAtChonkers/Content/StarterContent/Textures/T_Rock_Basalt_D.uexp" 1077
"E:/UE Projects/SixMinutesAtChonkers/Content/StarterContent/Textures/T_RockMesh_N.ubulk" 1078
"E:/UE Projects/SixMinutesAtChonkers/Content/StarterContent/Textures/T_RockMesh_N.uasset" 1079
"E:/UE Projects/SixMinutesAtChonkers/Content/StarterContent/Textures/T_RockMesh_N.uexp" 1080
"E:/UE Projects/SixMinutesAtChonkers/Content/StarterContent/Textures/T_RockMesh_M.ubulk" 1081
"E:/UE Projects/SixMinutesAtChonkers/Content/StarterContent/Textures/T_RockMesh_M.uasset" 1082
"E:/UE Projects/SixMinutesAtChonkers/Content/StarterContent/Textures/T_RockMesh_M.uexp" 1083
"E:/UE Projects/SixMinutesAtChonkers/Content/StarterContent/Props/Materials/M_Rock.uasset" 1084
"E:/UE Projects/SixMinutesAtChonkers/Content/StarterContent/Props/Materials/M_Rock.uexp" 1085
"E:/UE Projects/SixMinutesAtChonkers/Content/StarterContent/Props/SM_Rock.ubulk" 1086
"E:/UE Projects/SixMinutesAtChonkers/Content/StarterContent/Props/SM_Rock.uasset" 1087
"E:/UE Projects/SixMinutesAtChonkers/Content/StarterContent/Props/SM_Rock.uexp" 1088
"E:/UE Projects/SixMinutesAtChonkers/Content/StarterContent/Materials/M_Glass.uasset" 1089
"E:/UE Projects/SixMinutesAtChonkers/Content/StarterContent/Materials/M_Glass.uexp" 1090
"E:/UE Projects/SixMinutesAtChonkers/Content/StarterContent/Textures/T_Door_N.ubulk" 1091
"E:/UE Projects/SixMinutesAtChonkers/Content/StarterContent/Textures/T_Door_N.uasset" 1092
"E:/UE Projects/SixMinutesAtChonkers/Content/StarterContent/Textures/T_Door_N.uexp" 1093
"E:/UE Projects/SixMinutesAtChonkers/Content/StarterContent/Textures/T_Door_M.ubulk" 1094
"E:/UE Projects/SixMinutesAtChonkers/Content/StarterContent/Textures/T_Door_M.uasset" 1095
"E:/UE Projects/SixMinutesAtChonkers/Content/StarterContent/Textures/T_Door_M.uexp" 1096
"E:/UE Projects/SixMinutesAtChonkers/Content/StarterContent/Props/Materials/M_Door.uasset" 1097
"E:/UE Projects/SixMinutesAtChonkers/Content/StarterContent/Props/Materials/M_Door.uexp" 1098
"E:/UE Projects/SixMinutesAtChonkers/Content/StarterContent/Props/SM_Door.ubulk" 1099
"E:/UE Projects/SixMinutesAtChonkers/Content/StarterContent/Props/SM_Door.uasset" 1100
"E:/UE Projects/SixMinutesAtChonkers/Content/StarterContent/Props/SM_Door.uexp" 1101
"E:/UE Projects/SixMinutesAtChonkers/Content/StarterContent/Textures/T_Chair_N.ubulk" 1102
"E:/UE Projects/SixMinutesAtChonkers/Content/StarterContent/Textures/T_Chair_N.uasset" 1103
"E:/UE Projects/SixMinutesAtChonkers/Content/StarterContent/Textures/T_Chair_N.uexp" 1104
"E:/UE Projects/SixMinutesAtChonkers/Content/StarterContent/Textures/T_Chair_M.ubulk" 1105
"E:/UE Projects/SixMinutesAtChonkers/Content/StarterContent/Textures/T_Chair_M.uasset" 1106
"E:/UE Projects/SixMinutesAtChonkers/Content/StarterContent/Textures/T_Chair_M.uexp" 1107
"E:/UE Projects/SixMinutesAtChonkers/Content/StarterContent/Props/Materials/M_Chair.uasset" 1108
"E:/UE Projects/SixMinutesAtChonkers/Content/StarterContent/Props/Materials/M_Chair.uexp" 1109
"E:/UE Projects/SixMinutesAtChonkers/Content/StarterContent/Props/SM_Couch.ubulk" 1110
"E:/UE Projects/SixMinutesAtChonkers/Content/StarterContent/Props/SM_Couch.uasset" 1111
"E:/UE Projects/SixMinutesAtChonkers/Content/StarterContent/Props/SM_Couch.uexp" 1112
"E:/UE Projects/SixMinutesAtChonkers/Content/StarterContent/Textures/T_Bush_N.ubulk" 1113
"E:/UE Projects/SixMinutesAtChonkers/Content/StarterContent/Textures/T_Bush_N.uasset" 1114
"E:/UE Projects/SixMinutesAtChonkers/Content/StarterContent/Textures/T_Bush_N.uexp" 1115
"E:/UE Projects/SixMinutesAtChonkers/Content/StarterContent/Textures/T_Bush_D.ubulk" 1116
"E:/UE Projects/SixMinutesAtChonkers/Content/StarterContent/Textures/T_Bush_D.uasset" 1117
"E:/UE Projects/SixMinutesAtChonkers/Content/StarterContent/Textures/T_Bush_D.uexp" 1118
"E:/UE Projects/SixMinutesAtChonkers/Content/StarterContent/Props/Materials/M_Bush.uasset" 1119
"E:/UE Projects/SixMinutesAtChonkers/Content/StarterContent/Props/Materials/M_Bush.uexp" 1120
"E:/UE Projects/SixMinutesAtChonkers/Content/StarterContent/Props/SM_Bush.ubulk" 1121
"E:/UE Projects/SixMinutesAtChonkers/Content/StarterContent/Props/SM_Bush.uasset" 1122
"E:/UE Projects/SixMinutesAtChonkers/Content/StarterContent/Props/SM_Bush.uexp" 1123
"../../../Engine/Content/EditorMeshes/ColorCalibrator/T_ColorGrid.ubulk" 1124
"../../../Engine/Content/EditorMeshes/ColorCalibrator/T_ColorGrid.uasset" 1125
"../../../Engine/Content/EditorMeshes/ColorCalibrator/T_ColorGrid.uexp" 1126
"E:/UE Projects/SixMinutesAtChonkers/Content/StarterContent/Materials/M_ColorGrid_LowSpec.uasset" 1127
"E:/UE Projects/SixMinutesAtChonkers/Content/StarterContent/Materials/M_ColorGrid_LowSpec.uexp" 1128
"E:/UE Projects/SixMinutesAtChonkers/Content/StarterContent/Textures/T_Smoke_SubUV.ubulk" 1129
"E:/UE Projects/SixMinutesAtChonkers/Content/StarterContent/Textures/T_Smoke_SubUV.uasset" 1130
"E:/UE Projects/SixMinutesAtChonkers/Content/StarterContent/Textures/T_Smoke_SubUV.uexp" 1131
"E:/UE Projects/SixMinutesAtChonkers/Content/StarterContent/Textures/T_Smoke_Tiled_D.ubulk" 1132
"E:/UE Projects/SixMinutesAtChonkers/Content/StarterContent/Textures/T_Smoke_Tiled_D.uasset" 1133
"E:/UE Projects/SixMinutesAtChonkers/Content/StarterContent/Textures/T_Smoke_Tiled_D.uexp" 1134
"E:/UE Projects/SixMinutesAtChonkers/Content/StarterContent/Particles/Materials/M_smoke_subUV.uasset" 1135
"E:/UE Projects/SixMinutesAtChonkers/Content/StarterContent/Particles/Materials/M_smoke_subUV.uexp" 1136
"E:/UE Projects/SixMinutesAtChonkers/Content/StarterContent/Textures/T_Burst_M.ubulk" 1137
"E:/UE Projects/SixMinutesAtChonkers/Content/StarterContent/Textures/T_Burst_M.uasset" 1138
"E:/UE Projects/SixMinutesAtChonkers/Content/StarterContent/Textures/T_Burst_M.uexp" 1139
"E:/UE Projects/SixMinutesAtChonkers/Content/StarterContent/Particles/Materials/M_Burst.uasset" 1140
"E:/UE Projects/SixMinutesAtChonkers/Content/StarterContent/Particles/Materials/M_Burst.uexp" 1141
"E:/UE Projects/SixMinutesAtChonkers/Content/StarterContent/Particles/Materials/m_flare_01.uasset" 1142
"E:/UE Projects/SixMinutesAtChonkers/Content/StarterContent/Particles/Materials/m_flare_01.uexp" 1143
"E:/UE Projects/SixMinutesAtChonkers/Content/StarterContent/Textures/T_Explosion_SubUV.ubulk" 1144
"E:/UE Projects/SixMinutesAtChonkers/Content/StarterContent/Textures/T_Explosion_SubUV.uasset" 1145
"E:/UE Projects/SixMinutesAtChonkers/Content/StarterContent/Textures/T_Explosion_SubUV.uexp" 1146
"E:/UE Projects/SixMinutesAtChonkers/Content/StarterContent/Particles/Materials/M_explosion_subUV.uasset" 1147
"E:/UE Projects/SixMinutesAtChonkers/Content/StarterContent/Particles/Materials/M_explosion_subUV.uexp" 1148
"../../../Engine/Content/Functions/Engine_MaterialFunctions01/Gradient/RadialGradient.uasset" 1149
"../../../Engine/Content/Functions/Engine_MaterialFunctions01/Gradient/RadialGradient.uexp" 1150
"E:/UE Projects/SixMinutesAtChonkers/Content/StarterContent/Particles/Materials/M_radial_ramp.uasset" 1151
"E:/UE Projects/SixMinutesAtChonkers/Content/StarterContent/Particles/Materials/M_radial_ramp.uexp" 1152
"E:/UE Projects/SixMinutesAtChonkers/Content/StarterContent/Particles/P_Explosion.uasset" 1153
"E:/UE Projects/SixMinutesAtChonkers/Content/StarterContent/Particles/P_Explosion.uexp" 1154
"E:/UE Projects/SixMinutesAtChonkers/Content/StarterContent/Audio/Explosion_Cue.uasset" 1155
"E:/UE Projects/SixMinutesAtChonkers/Content/StarterContent/Audio/Explosion_Cue.uexp" 1156
"E:/UE Projects/SixMinutesAtChonkers/Content/StarterContent/Blueprints/Blueprint_Effect_Explosion.uasset" 1157
"E:/UE Projects/SixMinutesAtChonkers/Content/StarterContent/Blueprints/Blueprint_Effect_Explosion.uexp" 1158
"E:/UE Projects/SixMinutesAtChonkers/Content/StarterContent/Audio/Explosion02.ubulk" 1159
"E:/UE Projects/SixMinutesAtChonkers/Content/StarterContent/Audio/Explosion02.uasset" 1160
"E:/UE Projects/SixMinutesAtChonkers/Content/StarterContent/Audio/Explosion02.uexp" 1161
"E:/UE Projects/SixMinutesAtChonkers/Content/StarterContent/Audio/Explosion01.ubulk" 1162
"E:/UE Projects/SixMinutesAtChonkers/Content/StarterContent/Audio/Explosion01.uasset" 1163
"E:/UE Projects/SixMinutesAtChonkers/Content/StarterContent/Audio/Explosion01.uexp" 1164
"E:/UE Projects/SixMinutesAtChonkers/Content/StarterContent/Audio/Collapse02.ubulk" 1165
"E:/UE Projects/SixMinutesAtChonkers/Content/StarterContent/Audio/Collapse02.uasset" 1166
"E:/UE Projects/SixMinutesAtChonkers/Content/StarterContent/Audio/Collapse02.uexp" 1167
"E:/UE Projects/SixMinutesAtChonkers/Content/StarterContent/Audio/Collapse01.ubulk" 1168
"E:/UE Projects/SixMinutesAtChonkers/Content/StarterContent/Audio/Collapse01.uasset" 1169
"E:/UE Projects/SixMinutesAtChonkers/Content/StarterContent/Audio/Collapse01.uexp" 1170
"E:/UE Projects/SixMinutesAtChonkers/Content/StarterContent/Architecture/Wall_Window_400x400.ubulk" 1171
"E:/UE Projects/SixMinutesAtChonkers/Content/StarterContent/Architecture/Wall_Window_400x400.uasset" 1172
"E:/UE Projects/SixMinutesAtChonkers/Content/StarterContent/Architecture/Wall_Window_400x400.uexp" 1173
"E:/UE Projects/SixMinutesAtChonkers/Content/StarterContent/Architecture/Wall_Door_400x400.ubulk" 1174
"E:/UE Projects/SixMinutesAtChonkers/Content/StarterContent/Architecture/Wall_Door_400x400.uasset" 1175
"E:/UE Projects/SixMinutesAtChonkers/Content/StarterContent/Architecture/Wall_Door_400x400.uexp" 1176
"E:/UE Projects/SixMinutesAtChonkers/Content/StarterContent/Architecture/Wall_400x400.ubulk" 1177
"E:/UE Projects/SixMinutesAtChonkers/Content/StarterContent/Architecture/Wall_400x400.uasset" 1178
"E:/UE Projects/SixMinutesAtChonkers/Content/StarterContent/Architecture/Wall_400x400.uexp" 1179
"E:/UE Projects/SixMinutesAtChonkers/Content/StarterContent/Architecture/Pillar_50x500.ubulk" 1180
"E:/UE Projects/SixMinutesAtChonkers/Content/StarterContent/Architecture/Pillar_50x500.uasset" 1181
"E:/UE Projects/SixMinutesAtChonkers/Content/StarterContent/Architecture/Pillar_50x500.uexp" 1182
"E:/UE Projects/SixMinutesAtChonkers/Content/Security/CCTV/CCTV_CAM_1.uasset" 1183
"E:/UE Projects/SixMinutesAtChonkers/Content/Security/CCTV/CCTV_CAM_1.uexp" 1184
"E:/UE Projects/SixMinutesAtChonkers/Content/Security/CCTV/CCTV_CAM_1_Mat.uasset" 1185
"E:/UE Projects/SixMinutesAtChonkers/Content/Security/CCTV/CCTV_CAM_1_Mat.uexp" 1186
"../../../Engine/Content/BasicShapes/BasicShapeMaterial.uasset" 1187
"../../../Engine/Content/BasicShapes/BasicShapeMaterial.uexp" 1188
"E:/UE Projects/SixMinutesAtChonkers/Content/Security/CCTV/BP_Monitor.uasset" 1189
"E:/UE Projects/SixMinutesAtChonkers/Content/Security/CCTV/BP_Monitor.uexp" 1190
"E:/UE Projects/SixMinutesAtChonkers/Content/Security/CCTV/BP_CCTV.uasset" 1191
"E:/UE Projects/SixMinutesAtChonkers/Content/Security/CCTV/BP_CCTV.uexp" 1192
"E:/UE Projects/SixMinutesAtChonkers/Content/StarterContent/Textures/T_Brick_Clay_Old_D.ubulk" 1193
"E:/UE Projects/SixMinutesAtChonkers/Content/StarterContent/Textures/T_Brick_Clay_Old_D.uasset" 1194
"E:/UE Projects/SixMinutesAtChonkers/Content/StarterContent/Textures/T_Brick_Clay_Old_D.uexp" 1195
"E:/UE Projects/SixMinutesAtChonkers/Content/Rooms/Office/Mats/TransculentBrick_Mat.uasset" 1196
"E:/UE Projects/SixMinutesAtChonkers/Content/Rooms/Office/Mats/TransculentBrick_Mat.uexp" 1197
"E:/UE Projects/SixMinutesAtChonkers/Content/Rooms/Office/Graphics/OfficeDoor_BG.uasset" 1198
"E:/UE Projects/SixMinutesAtChonkers/Content/Rooms/Office/Graphics/OfficeDoor_BG.uexp" 1199
"E:/UE Projects/SixMinutesAtChonkers/Content/Rooms/Office/Mats/OfficeDoor_BG_Mat.uasset" 1200
"E:/UE Projects/SixMinutesAtChonkers/Content/Rooms/Office/Mats/OfficeDoor_BG_Mat.uexp" 1201
"E:/UE Projects/SixMinutesAtChonkers/Content/Rooms/Office/Mats/None_Mat.uasset" 1202
"E:/UE Projects/SixMinutesAtChonkers/Content/Rooms/Office/Mats/None_Mat.uexp" 1203
"E:/UE Projects/SixMinutesAtChonkers/Content/Rooms/Office/Graphics/Monitor.uasset" 1204
"E:/UE Projects/SixMinutesAtChonkers/Content/Rooms/Office/Graphics/Monitor.uexp" 1205
"E:/UE Projects/SixMinutesAtChonkers/Content/Rooms/Office/Mats/Monitor_Mat.uasset" 1206
"E:/UE Projects/SixMinutesAtChonkers/Content/Rooms/Office/Mats/Monitor_Mat.uexp" 1207
"E:/UE Projects/SixMinutesAtChonkers/Content/Rooms/Office/Graphics/Desk.uasset" 1208
"E:/UE Projects/SixMinutesAtChonkers/Content/Rooms/Office/Graphics/Desk.uexp" 1209
"E:/UE Projects/SixMinutesAtChonkers/Content/Rooms/Office/Mats/Desk_Mat.uasset" 1210
"E:/UE Projects/SixMinutesAtChonkers/Content/Rooms/Office/Mats/Desk_Mat.uexp" 1211
"E:/UE Projects/SixMinutesAtChonkers/Content/LevelPrototyping/Textures/T_GridChecker_A.ubulk" 1212
"E:/UE Projects/SixMinutesAtChonkers/Content/LevelPrototyping/Textures/T_GridChecker_A.uasset" 1213
"E:/UE Projects/SixMinutesAtChonkers/Content/LevelPrototyping/Textures/T_GridChecker_A.uexp" 1214
"../../../Engine/Content/Functions/Engine_MaterialFunctions02/Utility/MakeFloat3.uasset" 1215
"../../../Engine/Content/Functions/Engine_MaterialFunctions02/Utility/MakeFloat3.uexp" 1216
"../../../Engine/Content/Functions/Engine_MaterialFunctions01/Gradient/LinearGradient.uasset" 1217
"../../../Engine/Content/Functions/Engine_MaterialFunctions01/Gradient/LinearGradient.uexp" 1218
"../../../Engine/Content/Functions/Engine_MaterialFunctions01/ImageAdjustment/CheapContrast.uasset" 1219
"../../../Engine/Content/Functions/Engine_MaterialFunctions01/ImageAdjustment/CheapContrast.uexp" 1220
"E:/UE Projects/SixMinutesAtChonkers/Content/LevelPrototyping/Materials/MF_ProcGrid.uasset" 1221
"E:/UE Projects/SixMinutesAtChonkers/Content/LevelPrototyping/Materials/MF_ProcGrid.uexp" 1222
"E:/UE Projects/SixMinutesAtChonkers/Content/LevelPrototyping/Materials/M_PrototypeGrid.uasset" 1223
"E:/UE Projects/SixMinutesAtChonkers/Content/LevelPrototyping/Materials/M_PrototypeGrid.uexp" 1224
"E:/UE Projects/SixMinutesAtChonkers/Content/LevelPrototyping/Materials/MI_PrototypeGrid_Gray.uasset" 1225
"E:/UE Projects/SixMinutesAtChonkers/Content/LevelPrototyping/Materials/MI_PrototypeGrid_Gray.uexp" 1226
"E:/UE Projects/SixMinutesAtChonkers/Content/LevelPrototyping/Meshes/SM_Ramp.ubulk" 1227
"E:/UE Projects/SixMinutesAtChonkers/Content/LevelPrototyping/Meshes/SM_Ramp.uasset" 1228
"E:/UE Projects/SixMinutesAtChonkers/Content/LevelPrototyping/Meshes/SM_Ramp.uexp" 1229
"E:/UE Projects/SixMinutesAtChonkers/Content/LevelPrototyping/Meshes/SM_QuarterCylinder.ubulk" 1230
"E:/UE Projects/SixMinutesAtChonkers/Content/LevelPrototyping/Meshes/SM_QuarterCylinder.uasset" 1231
"E:/UE Projects/SixMinutesAtChonkers/Content/LevelPrototyping/Meshes/SM_QuarterCylinder.uexp" 1232
"E:/UE Projects/SixMinutesAtChonkers/Content/LevelPrototyping/Meshes/SM_Cylinder.ubulk" 1233
"E:/UE Projects/SixMinutesAtChonkers/Content/LevelPrototyping/Meshes/SM_Cylinder.uasset" 1234
"E:/UE Projects/SixMinutesAtChonkers/Content/LevelPrototyping/Meshes/SM_Cylinder.uexp" 1235
"E:/UE Projects/SixMinutesAtChonkers/Content/LevelPrototyping/Meshes/SM_Cube.ubulk" 1236
"E:/UE Projects/SixMinutesAtChonkers/Content/LevelPrototyping/Meshes/SM_Cube.uasset" 1237
"E:/UE Projects/SixMinutesAtChonkers/Content/LevelPrototyping/Meshes/SM_Cube.uexp" 1238
"E:/UE Projects/SixMinutesAtChonkers/Content/LevelPrototyping/Materials/M_Solid.uasset" 1239
"E:/UE Projects/SixMinutesAtChonkers/Content/LevelPrototyping/Materials/M_Solid.uexp" 1240
"E:/UE Projects/SixMinutesAtChonkers/Content/LevelPrototyping/Materials/MI_Solid_Blue.uasset" 1241
"E:/UE Projects/SixMinutesAtChonkers/Content/LevelPrototyping/Materials/MI_Solid_Blue.uexp" 1242
"E:/UE Projects/SixMinutesAtChonkers/Content/LevelPrototyping/Meshes/SM_ChamferCube.ubulk" 1243
"E:/UE Projects/SixMinutesAtChonkers/Content/LevelPrototyping/Meshes/SM_ChamferCube.uasset" 1244
"E:/UE Projects/SixMinutesAtChonkers/Content/LevelPrototyping/Meshes/SM_ChamferCube.uexp" 1245
"E:/UE Projects/SixMinutesAtChonkers/Content/LevelPrototyping/Materials/MI_PrototypeGrid_TopDark.uasset" 1246
"E:/UE Projects/SixMinutesAtChonkers/Content/LevelPrototyping/Materials/MI_PrototypeGrid_TopDark.uexp" 1247
"E:/UE Projects/SixMinutesAtChonkers/Content/LevelPrototyping/Materials/MI_PrototypeGrid_Gray_02.uasset" 1248
"E:/UE Projects/SixMinutesAtChonkers/Content/LevelPrototyping/Materials/MI_PrototypeGrid_Gray_02.uexp" 1249
"E:/UE Projects/SixMinutesAtChonkers/Content/Interface_And_Item_Sounds/WAV/Pop_08.ubulk" 1250
"E:/UE Projects/SixMinutesAtChonkers/Content/Interface_And_Item_Sounds/WAV/Pop_08.uasset" 1251
"E:/UE Projects/SixMinutesAtChonkers/Content/Interface_And_Item_Sounds/WAV/Pop_08.uexp" 1252
"E:/UE Projects/SixMinutesAtChonkers/Content/Interface_And_Item_Sounds/Cues/Pop_08_Cue.uasset" 1253
"E:/UE Projects/SixMinutesAtChonkers/Content/Interface_And_Item_Sounds/Cues/Pop_08_Cue.uexp" 1254
"E:/UE Projects/SixMinutesAtChonkers/Content/Interface_And_Item_Sounds/WAV/Pop_07.ubulk" 1255
"E:/UE Projects/SixMinutesAtChonkers/Content/Interface_And_Item_Sounds/WAV/Pop_07.uasset" 1256
"E:/UE Projects/SixMinutesAtChonkers/Content/Interface_And_Item_Sounds/WAV/Pop_07.uexp" 1257
"E:/UE Projects/SixMinutesAtChonkers/Content/Interface_And_Item_Sounds/Cues/Pop_07_Cue.uasset" 1258
"E:/UE Projects/SixMinutesAtChonkers/Content/Interface_And_Item_Sounds/Cues/Pop_07_Cue.uexp" 1259
"E:/UE Projects/SixMinutesAtChonkers/Content/Interface_And_Item_Sounds/WAV/Pop_06.ubulk" 1260
"E:/UE Projects/SixMinutesAtChonkers/Content/Interface_And_Item_Sounds/WAV/Pop_06.uasset" 1261
"E:/UE Projects/SixMinutesAtChonkers/Content/Interface_And_Item_Sounds/WAV/Pop_06.uexp" 1262
"E:/UE Projects/SixMinutesAtChonkers/Content/Interface_And_Item_Sounds/Cues/Pop_06_Cue.uasset" 1263
"E:/UE Projects/SixMinutesAtChonkers/Content/Interface_And_Item_Sounds/Cues/Pop_06_Cue.uexp" 1264
"E:/UE Projects/SixMinutesAtChonkers/Content/Interface_And_Item_Sounds/WAV/Pop_05.ubulk" 1265
"E:/UE Projects/SixMinutesAtChonkers/Content/Interface_And_Item_Sounds/WAV/Pop_05.uasset" 1266
"E:/UE Projects/SixMinutesAtChonkers/Content/Interface_And_Item_Sounds/WAV/Pop_05.uexp" 1267
"E:/UE Projects/SixMinutesAtChonkers/Content/Interface_And_Item_Sounds/Cues/Pop_05_Cue.uasset" 1268
"E:/UE Projects/SixMinutesAtChonkers/Content/Interface_And_Item_Sounds/Cues/Pop_05_Cue.uexp" 1269
"E:/UE Projects/SixMinutesAtChonkers/Content/Interface_And_Item_Sounds/WAV/Pop_04.ubulk" 1270
"E:/UE Projects/SixMinutesAtChonkers/Content/Interface_And_Item_Sounds/WAV/Pop_04.uasset" 1271
"E:/UE Projects/SixMinutesAtChonkers/Content/Interface_And_Item_Sounds/WAV/Pop_04.uexp" 1272
"E:/UE Projects/SixMinutesAtChonkers/Content/Interface_And_Item_Sounds/Cues/Pop_04_Cue.uasset" 1273
"E:/UE Projects/SixMinutesAtChonkers/Content/Interface_And_Item_Sounds/Cues/Pop_04_Cue.uexp" 1274
"E:/UE Projects/SixMinutesAtChonkers/Content/Interface_And_Item_Sounds/WAV/Pop_03.ubulk" 1275
"E:/UE Projects/SixMinutesAtChonkers/Content/Interface_And_Item_Sounds/WAV/Pop_03.uasset" 1276
"E:/UE Projects/SixMinutesAtChonkers/Content/Interface_And_Item_Sounds/WAV/Pop_03.uexp" 1277
"E:/UE Projects/SixMinutesAtChonkers/Content/Interface_And_Item_Sounds/Cues/Pop_03_Cue.uasset" 1278
"E:/UE Projects/SixMinutesAtChonkers/Content/Interface_And_Item_Sounds/Cues/Pop_03_Cue.uexp" 1279
"E:/UE Projects/SixMinutesAtChonkers/Content/Interface_And_Item_Sounds/WAV/Pop_02.ubulk" 1280
"E:/UE Projects/SixMinutesAtChonkers/Content/Interface_And_Item_Sounds/WAV/Pop_02.uasset" 1281
"E:/UE Projects/SixMinutesAtChonkers/Content/Interface_And_Item_Sounds/WAV/Pop_02.uexp" 1282
"E:/UE Projects/SixMinutesAtChonkers/Content/Interface_And_Item_Sounds/Cues/Pop_02_Cue.uasset" 1283
"E:/UE Projects/SixMinutesAtChonkers/Content/Interface_And_Item_Sounds/Cues/Pop_02_Cue.uexp" 1284
"E:/UE Projects/SixMinutesAtChonkers/Content/Interface_And_Item_Sounds/WAV/Pop_01.ubulk" 1285
"E:/UE Projects/SixMinutesAtChonkers/Content/Interface_And_Item_Sounds/WAV/Pop_01.uasset" 1286
"E:/UE Projects/SixMinutesAtChonkers/Content/Interface_And_Item_Sounds/WAV/Pop_01.uexp" 1287
"E:/UE Projects/SixMinutesAtChonkers/Content/Interface_And_Item_Sounds/Cues/Pop_01_Cue.uasset" 1288
"E:/UE Projects/SixMinutesAtChonkers/Content/Interface_And_Item_Sounds/Cues/Pop_01_Cue.uexp" 1289
"E:/UE Projects/SixMinutesAtChonkers/Content/Interface_And_Item_Sounds/WAV/Musical_Click_10.ubulk" 1290
"E:/UE Projects/SixMinutesAtChonkers/Content/Interface_And_Item_Sounds/WAV/Musical_Click_10.uasset" 1291
"E:/UE Projects/SixMinutesAtChonkers/Content/Interface_And_Item_Sounds/WAV/Musical_Click_10.uexp" 1292
"E:/UE Projects/SixMinutesAtChonkers/Content/Interface_And_Item_Sounds/Cues/Musical_Click_10_Cue.uasset" 1293
"E:/UE Projects/SixMinutesAtChonkers/Content/Interface_And_Item_Sounds/Cues/Musical_Click_10_Cue.uexp" 1294
"E:/UE Projects/SixMinutesAtChonkers/Content/Interface_And_Item_Sounds/WAV/Musical_Click_09.ubulk" 1295
"E:/UE Projects/SixMinutesAtChonkers/Content/Interface_And_Item_Sounds/WAV/Musical_Click_09.uasset" 1296
"E:/UE Projects/SixMinutesAtChonkers/Content/Interface_And_Item_Sounds/WAV/Musical_Click_09.uexp" 1297
"E:/UE Projects/SixMinutesAtChonkers/Content/Interface_And_Item_Sounds/Cues/Musical_Click_09_Cue.uasset" 1298
"E:/UE Projects/SixMinutesAtChonkers/Content/Interface_And_Item_Sounds/Cues/Musical_Click_09_Cue.uexp" 1299
"E:/UE Projects/SixMinutesAtChonkers/Content/Interface_And_Item_Sounds/WAV/Musical_Click_08.ubulk" 1300
"E:/UE Projects/SixMinutesAtChonkers/Content/Interface_And_Item_Sounds/WAV/Musical_Click_08.uasset" 1301
"E:/UE Projects/SixMinutesAtChonkers/Content/Interface_And_Item_Sounds/WAV/Musical_Click_08.uexp" 1302
"E:/UE Projects/SixMinutesAtChonkers/Content/Interface_And_Item_Sounds/Cues/Musical_Click_08_Cue.uasset" 1303
"E:/UE Projects/SixMinutesAtChonkers/Content/Interface_And_Item_Sounds/Cues/Musical_Click_08_Cue.uexp" 1304
"E:/UE Projects/SixMinutesAtChonkers/Content/Interface_And_Item_Sounds/WAV/Musical_Click_07.ubulk" 1305
"E:/UE Projects/SixMinutesAtChonkers/Content/Interface_And_Item_Sounds/WAV/Musical_Click_07.uasset" 1306
"E:/UE Projects/SixMinutesAtChonkers/Content/Interface_And_Item_Sounds/WAV/Musical_Click_07.uexp" 1307
"E:/UE Projects/SixMinutesAtChonkers/Content/Interface_And_Item_Sounds/Cues/Musical_Click_07_Cue.uasset" 1308
"E:/UE Projects/SixMinutesAtChonkers/Content/Interface_And_Item_Sounds/Cues/Musical_Click_07_Cue.uexp" 1309
"E:/UE Projects/SixMinutesAtChonkers/Content/Interface_And_Item_Sounds/WAV/Musical_Click_06.ubulk" 1310
"E:/UE Projects/SixMinutesAtChonkers/Content/Interface_And_Item_Sounds/WAV/Musical_Click_06.uasset" 1311
"E:/UE Projects/SixMinutesAtChonkers/Content/Interface_And_Item_Sounds/WAV/Musical_Click_06.uexp" 1312
"E:/UE Projects/SixMinutesAtChonkers/Content/Interface_And_Item_Sounds/Cues/Musical_Click_06_Cue.uasset" 1313
"E:/UE Projects/SixMinutesAtChonkers/Content/Interface_And_Item_Sounds/Cues/Musical_Click_06_Cue.uexp" 1314
"E:/UE Projects/SixMinutesAtChonkers/Content/Interface_And_Item_Sounds/WAV/Musical_Click_05.ubulk" 1315
"E:/UE Projects/SixMinutesAtChonkers/Content/Interface_And_Item_Sounds/WAV/Musical_Click_05.uasset" 1316
"E:/UE Projects/SixMinutesAtChonkers/Content/Interface_And_Item_Sounds/WAV/Musical_Click_05.uexp" 1317
"E:/UE Projects/SixMinutesAtChonkers/Content/Interface_And_Item_Sounds/Cues/Musical_Click_05_Cue.uasset" 1318
"E:/UE Projects/SixMinutesAtChonkers/Content/Interface_And_Item_Sounds/Cues/Musical_Click_05_Cue.uexp" 1319
"E:/UE Projects/SixMinutesAtChonkers/Content/Interface_And_Item_Sounds/WAV/Musical_Click_04.ubulk" 1320
"E:/UE Projects/SixMinutesAtChonkers/Content/Interface_And_Item_Sounds/WAV/Musical_Click_04.uasset" 1321
"E:/UE Projects/SixMinutesAtChonkers/Content/Interface_And_Item_Sounds/WAV/Musical_Click_04.uexp" 1322
"E:/UE Projects/SixMinutesAtChonkers/Content/Interface_And_Item_Sounds/Cues/Musical_Click_04_Cue.uasset" 1323
"E:/UE Projects/SixMinutesAtChonkers/Content/Interface_And_Item_Sounds/Cues/Musical_Click_04_Cue.uexp" 1324
"E:/UE Projects/SixMinutesAtChonkers/Content/Interface_And_Item_Sounds/WAV/Musical_Click_03.ubulk" 1325
"E:/UE Projects/SixMinutesAtChonkers/Content/Interface_And_Item_Sounds/WAV/Musical_Click_03.uasset" 1326
"E:/UE Projects/SixMinutesAtChonkers/Content/Interface_And_Item_Sounds/WAV/Musical_Click_03.uexp" 1327
"E:/UE Projects/SixMinutesAtChonkers/Content/Interface_And_Item_Sounds/Cues/Musical_Click_03_Cue.uasset" 1328
"E:/UE Projects/SixMinutesAtChonkers/Content/Interface_And_Item_Sounds/Cues/Musical_Click_03_Cue.uexp" 1329
"E:/UE Projects/SixMinutesAtChonkers/Content/Interface_And_Item_Sounds/WAV/Musical_Click_02.ubulk" 1330
"E:/UE Projects/SixMinutesAtChonkers/Content/Interface_And_Item_Sounds/WAV/Musical_Click_02.uasset" 1331
"E:/UE Projects/SixMinutesAtChonkers/Content/Interface_And_Item_Sounds/WAV/Musical_Click_02.uexp" 1332
"E:/UE Projects/SixMinutesAtChonkers/Content/Interface_And_Item_Sounds/Cues/Musical_Click_02_Cue.uasset" 1333
"E:/UE Projects/SixMinutesAtChonkers/Content/Interface_And_Item_Sounds/Cues/Musical_Click_02_Cue.uexp" 1334
"E:/UE Projects/SixMinutesAtChonkers/Content/Interface_And_Item_Sounds/WAV/Musical_Click_01.ubulk" 1335
"E:/UE Projects/SixMinutesAtChonkers/Content/Interface_And_Item_Sounds/WAV/Musical_Click_01.uasset" 1336
"E:/UE Projects/SixMinutesAtChonkers/Content/Interface_And_Item_Sounds/WAV/Musical_Click_01.uexp" 1337
"E:/UE Projects/SixMinutesAtChonkers/Content/Interface_And_Item_Sounds/Cues/Musical_Click_01_Cue.uasset" 1338
"E:/UE Projects/SixMinutesAtChonkers/Content/Interface_And_Item_Sounds/Cues/Musical_Click_01_Cue.uexp" 1339
"E:/UE Projects/SixMinutesAtChonkers/Content/Interface_And_Item_Sounds/WAV/Item_Sell_Purchase_05.ubulk" 1340
"E:/UE Projects/SixMinutesAtChonkers/Content/Interface_And_Item_Sounds/WAV/Item_Sell_Purchase_05.uasset" 1341
"E:/UE Projects/SixMinutesAtChonkers/Content/Interface_And_Item_Sounds/WAV/Item_Sell_Purchase_05.uexp" 1342
"E:/UE Projects/SixMinutesAtChonkers/Content/Interface_And_Item_Sounds/Cues/Item_Sell_Purchase_05_Cue.uasset" 1343
"E:/UE Projects/SixMinutesAtChonkers/Content/Interface_And_Item_Sounds/Cues/Item_Sell_Purchase_05_Cue.uexp" 1344
"E:/UE Projects/SixMinutesAtChonkers/Content/Interface_And_Item_Sounds/WAV/Item_Sell_Purchase_04.ubulk" 1345
"E:/UE Projects/SixMinutesAtChonkers/Content/Interface_And_Item_Sounds/WAV/Item_Sell_Purchase_04.uasset" 1346
"E:/UE Projects/SixMinutesAtChonkers/Content/Interface_And_Item_Sounds/WAV/Item_Sell_Purchase_04.uexp" 1347
"E:/UE Projects/SixMinutesAtChonkers/Content/Interface_And_Item_Sounds/Cues/Item_Sell_Purchase_04_Cue.uasset" 1348
"E:/UE Projects/SixMinutesAtChonkers/Content/Interface_And_Item_Sounds/Cues/Item_Sell_Purchase_04_Cue.uexp" 1349
"E:/UE Projects/SixMinutesAtChonkers/Content/Interface_And_Item_Sounds/WAV/Item_Sell_Purchase_03.ubulk" 1350
"E:/UE Projects/SixMinutesAtChonkers/Content/Interface_And_Item_Sounds/WAV/Item_Sell_Purchase_03.uasset" 1351
"E:/UE Projects/SixMinutesAtChonkers/Content/Interface_And_Item_Sounds/WAV/Item_Sell_Purchase_03.uexp" 1352
"E:/UE Projects/SixMinutesAtChonkers/Content/Interface_And_Item_Sounds/Cues/Item_Sell_Purchase_03_Cue.uasset" 1353
"E:/UE Projects/SixMinutesAtChonkers/Content/Interface_And_Item_Sounds/Cues/Item_Sell_Purchase_03_Cue.uexp" 1354
"E:/UE Projects/SixMinutesAtChonkers/Content/Interface_And_Item_Sounds/WAV/Item_Sell_Purchase_02.ubulk" 1355
"E:/UE Projects/SixMinutesAtChonkers/Content/Interface_And_Item_Sounds/WAV/Item_Sell_Purchase_02.uasset" 1356
"E:/UE Projects/SixMinutesAtChonkers/Content/Interface_And_Item_Sounds/WAV/Item_Sell_Purchase_02.uexp" 1357
"E:/UE Projects/SixMinutesAtChonkers/Content/Interface_And_Item_Sounds/Cues/Item_Sell_Purchase_02_Cue.uasset" 1358
"E:/UE Projects/SixMinutesAtChonkers/Content/Interface_And_Item_Sounds/Cues/Item_Sell_Purchase_02_Cue.uexp" 1359
"E:/UE Projects/SixMinutesAtChonkers/Content/Interface_And_Item_Sounds/WAV/Item_Sell_Purchase_01.ubulk" 1360
"E:/UE Projects/SixMinutesAtChonkers/Content/Interface_And_Item_Sounds/WAV/Item_Sell_Purchase_01.uasset" 1361
"E:/UE Projects/SixMinutesAtChonkers/Content/Interface_And_Item_Sounds/WAV/Item_Sell_Purchase_01.uexp" 1362
"E:/UE Projects/SixMinutesAtChonkers/Content/Interface_And_Item_Sounds/Cues/Item_Sell_Purchase_01_Cue.uasset" 1363
"E:/UE Projects/SixMinutesAtChonkers/Content/Interface_And_Item_Sounds/Cues/Item_Sell_Purchase_01_Cue.uexp" 1364
"E:/UE Projects/SixMinutesAtChonkers/Content/Interface_And_Item_Sounds/WAV/Gong_03.ubulk" 1365
"E:/UE Projects/SixMinutesAtChonkers/Content/Interface_And_Item_Sounds/WAV/Gong_03.uasset" 1366
"E:/UE Projects/SixMinutesAtChonkers/Content/Interface_And_Item_Sounds/WAV/Gong_03.uexp" 1367
"E:/UE Projects/SixMinutesAtChonkers/Content/Interface_And_Item_Sounds/Cues/Gong_03_Cue.uasset" 1368
"E:/UE Projects/SixMinutesAtChonkers/Content/Interface_And_Item_Sounds/Cues/Gong_03_Cue.uexp" 1369
"E:/UE Projects/SixMinutesAtChonkers/Content/Interface_And_Item_Sounds/WAV/Gong_02.ubulk" 1370
"E:/UE Projects/SixMinutesAtChonkers/Content/Interface_And_Item_Sounds/WAV/Gong_02.uasset" 1371
"E:/UE Projects/SixMinutesAtChonkers/Content/Interface_And_Item_Sounds/WAV/Gong_02.uexp" 1372
"E:/UE Projects/SixMinutesAtChonkers/Content/Interface_And_Item_Sounds/Cues/Gong_02_Cue.uasset" 1373
"E:/UE Projects/SixMinutesAtChonkers/Content/Interface_And_Item_Sounds/Cues/Gong_02_Cue.uexp" 1374
"E:/UE Projects/SixMinutesAtChonkers/Content/Interface_And_Item_Sounds/WAV/Futuristic_Click_11.ubulk" 1375
"E:/UE Projects/SixMinutesAtChonkers/Content/Interface_And_Item_Sounds/WAV/Futuristic_Click_11.uasset" 1376
"E:/UE Projects/SixMinutesAtChonkers/Content/Interface_And_Item_Sounds/WAV/Futuristic_Click_11.uexp" 1377
"E:/UE Projects/SixMinutesAtChonkers/Content/Interface_And_Item_Sounds/Cues/Futuristic_Click_11_Cue.uasset" 1378
"E:/UE Projects/SixMinutesAtChonkers/Content/Interface_And_Item_Sounds/Cues/Futuristic_Click_11_Cue.uexp" 1379
"E:/UE Projects/SixMinutesAtChonkers/Content/Interface_And_Item_Sounds/WAV/Futuristic_Click_10.ubulk" 1380
"E:/UE Projects/SixMinutesAtChonkers/Content/Interface_And_Item_Sounds/WAV/Futuristic_Click_10.uasset" 1381
"E:/UE Projects/SixMinutesAtChonkers/Content/Interface_And_Item_Sounds/WAV/Futuristic_Click_10.uexp" 1382
"E:/UE Projects/SixMinutesAtChonkers/Content/Interface_And_Item_Sounds/Cues/Futuristic_Click_10_Cue.uasset" 1383
"E:/UE Projects/SixMinutesAtChonkers/Content/Interface_And_Item_Sounds/Cues/Futuristic_Click_10_Cue.uexp" 1384
"E:/UE Projects/SixMinutesAtChonkers/Content/Interface_And_Item_Sounds/WAV/Futuristic_Click_09.ubulk" 1385
"E:/UE Projects/SixMinutesAtChonkers/Content/Interface_And_Item_Sounds/WAV/Futuristic_Click_09.uasset" 1386
"E:/UE Projects/SixMinutesAtChonkers/Content/Interface_And_Item_Sounds/WAV/Futuristic_Click_09.uexp" 1387
"E:/UE Projects/SixMinutesAtChonkers/Content/Interface_And_Item_Sounds/Cues/Futuristic_Click_09_Cue.uasset" 1388
"E:/UE Projects/SixMinutesAtChonkers/Content/Interface_And_Item_Sounds/Cues/Futuristic_Click_09_Cue.uexp" 1389
"E:/UE Projects/SixMinutesAtChonkers/Content/Interface_And_Item_Sounds/WAV/Futuristic_Click_08.ubulk" 1390
"E:/UE Projects/SixMinutesAtChonkers/Content/Interface_And_Item_Sounds/WAV/Futuristic_Click_08.uasset" 1391
"E:/UE Projects/SixMinutesAtChonkers/Content/Interface_And_Item_Sounds/WAV/Futuristic_Click_08.uexp" 1392
"E:/UE Projects/SixMinutesAtChonkers/Content/Interface_And_Item_Sounds/Cues/Futuristic_Click_08_Cue.uasset" 1393
"E:/UE Projects/SixMinutesAtChonkers/Content/Interface_And_Item_Sounds/Cues/Futuristic_Click_08_Cue.uexp" 1394
"E:/UE Projects/SixMinutesAtChonkers/Content/Interface_And_Item_Sounds/WAV/Futuristic_Click_07.ubulk" 1395
"E:/UE Projects/SixMinutesAtChonkers/Content/Interface_And_Item_Sounds/WAV/Futuristic_Click_07.uasset" 1396
"E:/UE Projects/SixMinutesAtChonkers/Content/Interface_And_Item_Sounds/WAV/Futuristic_Click_07.uexp" 1397
"E:/UE Projects/SixMinutesAtChonkers/Content/Interface_And_Item_Sounds/Cues/Futuristic_Click_07_Cue.uasset" 1398
"E:/UE Projects/SixMinutesAtChonkers/Content/Interface_And_Item_Sounds/Cues/Futuristic_Click_07_Cue.uexp" 1399
"E:/UE Projects/SixMinutesAtChonkers/Content/Interface_And_Item_Sounds/WAV/Futuristic_Click_06.ubulk" 1400
"E:/UE Projects/SixMinutesAtChonkers/Content/Interface_And_Item_Sounds/WAV/Futuristic_Click_06.uasset" 1401
"E:/UE Projects/SixMinutesAtChonkers/Content/Interface_And_Item_Sounds/WAV/Futuristic_Click_06.uexp" 1402
"E:/UE Projects/SixMinutesAtChonkers/Content/Interface_And_Item_Sounds/Cues/Futuristic_Click_06_Cue.uasset" 1403
"E:/UE Projects/SixMinutesAtChonkers/Content/Interface_And_Item_Sounds/Cues/Futuristic_Click_06_Cue.uexp" 1404
"E:/UE Projects/SixMinutesAtChonkers/Content/Interface_And_Item_Sounds/WAV/Futuristic_Click_05.ubulk" 1405
"E:/UE Projects/SixMinutesAtChonkers/Content/Interface_And_Item_Sounds/WAV/Futuristic_Click_05.uasset" 1406
"E:/UE Projects/SixMinutesAtChonkers/Content/Interface_And_Item_Sounds/WAV/Futuristic_Click_05.uexp" 1407
"E:/UE Projects/SixMinutesAtChonkers/Content/Interface_And_Item_Sounds/Cues/Futuristic_Click_05_Cue.uasset" 1408
"E:/UE Projects/SixMinutesAtChonkers/Content/Interface_And_Item_Sounds/Cues/Futuristic_Click_05_Cue.uexp" 1409
"E:/UE Projects/SixMinutesAtChonkers/Content/Interface_And_Item_Sounds/WAV/Futuristic_Click_04.ubulk" 1410
"E:/UE Projects/SixMinutesAtChonkers/Content/Interface_And_Item_Sounds/WAV/Futuristic_Click_04.uasset" 1411
"E:/UE Projects/SixMinutesAtChonkers/Content/Interface_And_Item_Sounds/WAV/Futuristic_Click_04.uexp" 1412
"E:/UE Projects/SixMinutesAtChonkers/Content/Interface_And_Item_Sounds/Cues/Futuristic_Click_04_Cue.uasset" 1413
"E:/UE Projects/SixMinutesAtChonkers/Content/Interface_And_Item_Sounds/Cues/Futuristic_Click_04_Cue.uexp" 1414
"E:/UE Projects/SixMinutesAtChonkers/Content/Interface_And_Item_Sounds/WAV/Futuristic_Click_03.ubulk" 1415
"E:/UE Projects/SixMinutesAtChonkers/Content/Interface_And_Item_Sounds/WAV/Futuristic_Click_03.uasset" 1416
"E:/UE Projects/SixMinutesAtChonkers/Content/Interface_And_Item_Sounds/WAV/Futuristic_Click_03.uexp" 1417
"E:/UE Projects/SixMinutesAtChonkers/Content/Interface_And_Item_Sounds/Cues/Futuristic_Click_03_Cue.uasset" 1418
"E:/UE Projects/SixMinutesAtChonkers/Content/Interface_And_Item_Sounds/Cues/Futuristic_Click_03_Cue.uexp" 1419
"E:/UE Projects/SixMinutesAtChonkers/Content/Interface_And_Item_Sounds/WAV/Futuristic_Click_02.ubulk" 1420
"E:/UE Projects/SixMinutesAtChonkers/Content/Interface_And_Item_Sounds/WAV/Futuristic_Click_02.uasset" 1421
"E:/UE Projects/SixMinutesAtChonkers/Content/Interface_And_Item_Sounds/WAV/Futuristic_Click_02.uexp" 1422
"E:/UE Projects/SixMinutesAtChonkers/Content/Interface_And_Item_Sounds/Cues/Futuristic_Click_02_Cue.uasset" 1423
"E:/UE Projects/SixMinutesAtChonkers/Content/Interface_And_Item_Sounds/Cues/Futuristic_Click_02_Cue.uexp" 1424
"E:/UE Projects/SixMinutesAtChonkers/Content/Interface_And_Item_Sounds/WAV/Futuristic_Click_01.ubulk" 1425
"E:/UE Projects/SixMinutesAtChonkers/Content/Interface_And_Item_Sounds/WAV/Futuristic_Click_01.uasset" 1426
"E:/UE Projects/SixMinutesAtChonkers/Content/Interface_And_Item_Sounds/WAV/Futuristic_Click_01.uexp" 1427
"E:/UE Projects/SixMinutesAtChonkers/Content/Interface_And_Item_Sounds/Cues/Futuristic_Click_01_Cue.uasset" 1428
"E:/UE Projects/SixMinutesAtChonkers/Content/Interface_And_Item_Sounds/Cues/Futuristic_Click_01_Cue.uexp" 1429
"E:/UE Projects/SixMinutesAtChonkers/Content/Interface_And_Item_Sounds/WAV/Futuristic_Alarm_01.ubulk" 1430
"E:/UE Projects/SixMinutesAtChonkers/Content/Interface_And_Item_Sounds/WAV/Futuristic_Alarm_01.uasset" 1431
"E:/UE Projects/SixMinutesAtChonkers/Content/Interface_And_Item_Sounds/WAV/Futuristic_Alarm_01.uexp" 1432
"E:/UE Projects/SixMinutesAtChonkers/Content/Interface_And_Item_Sounds/Cues/Futuristic_Alarm_01_Cue.uasset" 1433
"E:/UE Projects/SixMinutesAtChonkers/Content/Interface_And_Item_Sounds/Cues/Futuristic_Alarm_01_Cue.uexp" 1434
"E:/UE Projects/SixMinutesAtChonkers/Content/Interface_And_Item_Sounds/WAV/Flick_Switch_05.ubulk" 1435
"E:/UE Projects/SixMinutesAtChonkers/Content/Interface_And_Item_Sounds/WAV/Flick_Switch_05.uasset" 1436
"E:/UE Projects/SixMinutesAtChonkers/Content/Interface_And_Item_Sounds/WAV/Flick_Switch_05.uexp" 1437
"E:/UE Projects/SixMinutesAtChonkers/Content/Interface_And_Item_Sounds/Cues/Flick_Switch_05_Cue.uasset" 1438
"E:/UE Projects/SixMinutesAtChonkers/Content/Interface_And_Item_Sounds/Cues/Flick_Switch_05_Cue.uexp" 1439
"E:/UE Projects/SixMinutesAtChonkers/Content/Interface_And_Item_Sounds/WAV/Flick_Switch_04.ubulk" 1440
"E:/UE Projects/SixMinutesAtChonkers/Content/Interface_And_Item_Sounds/WAV/Flick_Switch_04.uasset" 1441
"E:/UE Projects/SixMinutesAtChonkers/Content/Interface_And_Item_Sounds/WAV/Flick_Switch_04.uexp" 1442
"E:/UE Projects/SixMinutesAtChonkers/Content/Interface_And_Item_Sounds/Cues/Flick_Switch_04_Cue.uasset" 1443
"E:/UE Projects/SixMinutesAtChonkers/Content/Interface_And_Item_Sounds/Cues/Flick_Switch_04_Cue.uexp" 1444
"E:/UE Projects/SixMinutesAtChonkers/Content/Interface_And_Item_Sounds/WAV/Flick_Switch_03.ubulk" 1445
"E:/UE Projects/SixMinutesAtChonkers/Content/Interface_And_Item_Sounds/WAV/Flick_Switch_03.uasset" 1446
"E:/UE Projects/SixMinutesAtChonkers/Content/Interface_And_Item_Sounds/WAV/Flick_Switch_03.uexp" 1447
"E:/UE Projects/SixMinutesAtChonkers/Content/Interface_And_Item_Sounds/Cues/Flick_Switch_03_Cue.uasset" 1448
"E:/UE Projects/SixMinutesAtChonkers/Content/Interface_And_Item_Sounds/Cues/Flick_Switch_03_Cue.uexp" 1449
"E:/UE Projects/SixMinutesAtChonkers/Content/Interface_And_Item_Sounds/WAV/Flick_Switch_02.ubulk" 1450
"E:/UE Projects/SixMinutesAtChonkers/Content/Interface_And_Item_Sounds/WAV/Flick_Switch_02.uasset" 1451
"E:/UE Projects/SixMinutesAtChonkers/Content/Interface_And_Item_Sounds/WAV/Flick_Switch_02.uexp" 1452
"E:/UE Projects/SixMinutesAtChonkers/Content/Interface_And_Item_Sounds/Cues/Flick_Switch_02_Cue.uasset" 1453
"E:/UE Projects/SixMinutesAtChonkers/Content/Interface_And_Item_Sounds/Cues/Flick_Switch_02_Cue.uexp" 1454
"E:/UE Projects/SixMinutesAtChonkers/Content/Interface_And_Item_Sounds/WAV/Flick_Switch_01.ubulk" 1455
"E:/UE Projects/SixMinutesAtChonkers/Content/Interface_And_Item_Sounds/WAV/Flick_Switch_01.uasset" 1456
"E:/UE Projects/SixMinutesAtChonkers/Content/Interface_And_Item_Sounds/WAV/Flick_Switch_01.uexp" 1457
"E:/UE Projects/SixMinutesAtChonkers/Content/Interface_And_Item_Sounds/Cues/Flick_Switch_01_Cue.uasset" 1458
"E:/UE Projects/SixMinutesAtChonkers/Content/Interface_And_Item_Sounds/Cues/Flick_Switch_01_Cue.uexp" 1459
"E:/UE Projects/SixMinutesAtChonkers/Content/Interface_And_Item_Sounds/WAV/Error_Buzz_05.ubulk" 1460
"E:/UE Projects/SixMinutesAtChonkers/Content/Interface_And_Item_Sounds/WAV/Error_Buzz_05.uasset" 1461
"E:/UE Projects/SixMinutesAtChonkers/Content/Interface_And_Item_Sounds/WAV/Error_Buzz_05.uexp" 1462
"E:/UE Projects/SixMinutesAtChonkers/Content/Interface_And_Item_Sounds/Cues/Error_Buzz_05_Cue.uasset" 1463
"E:/UE Projects/SixMinutesAtChonkers/Content/Interface_And_Item_Sounds/Cues/Error_Buzz_05_Cue.uexp" 1464
"E:/UE Projects/SixMinutesAtChonkers/Content/Interface_And_Item_Sounds/WAV/Error_Buzz_04.ubulk" 1465
"E:/UE Projects/SixMinutesAtChonkers/Content/Interface_And_Item_Sounds/WAV/Error_Buzz_04.uasset" 1466
"E:/UE Projects/SixMinutesAtChonkers/Content/Interface_And_Item_Sounds/WAV/Error_Buzz_04.uexp" 1467
"E:/UE Projects/SixMinutesAtChonkers/Content/Interface_And_Item_Sounds/Cues/Error_Buzz_04_Cue.uasset" 1468
"E:/UE Projects/SixMinutesAtChonkers/Content/Interface_And_Item_Sounds/Cues/Error_Buzz_04_Cue.uexp" 1469
"E:/UE Projects/SixMinutesAtChonkers/Content/Interface_And_Item_Sounds/WAV/Error_Buzz_03.ubulk" 1470
"E:/UE Projects/SixMinutesAtChonkers/Content/Interface_And_Item_Sounds/WAV/Error_Buzz_03.uasset" 1471
"E:/UE Projects/SixMinutesAtChonkers/Content/Interface_And_Item_Sounds/WAV/Error_Buzz_03.uexp" 1472
"E:/UE Projects/SixMinutesAtChonkers/Content/Interface_And_Item_Sounds/Cues/Error_Buzz_03_Cue.uasset" 1473
"E:/UE Projects/SixMinutesAtChonkers/Content/Interface_And_Item_Sounds/Cues/Error_Buzz_03_Cue.uexp" 1474
"E:/UE Projects/SixMinutesAtChonkers/Content/Interface_And_Item_Sounds/WAV/Error_Buzz_02.ubulk" 1475
"E:/UE Projects/SixMinutesAtChonkers/Content/Interface_And_Item_Sounds/WAV/Error_Buzz_02.uasset" 1476
"E:/UE Projects/SixMinutesAtChonkers/Content/Interface_And_Item_Sounds/WAV/Error_Buzz_02.uexp" 1477
"E:/UE Projects/SixMinutesAtChonkers/Content/Interface_And_Item_Sounds/Cues/Error_Buzz_02_Cue.uasset" 1478
"E:/UE Projects/SixMinutesAtChonkers/Content/Interface_And_Item_Sounds/Cues/Error_Buzz_02_Cue.uexp" 1479
"E:/UE Projects/SixMinutesAtChonkers/Content/Interface_And_Item_Sounds/WAV/Error_Buzz_01.ubulk" 1480
"E:/UE Projects/SixMinutesAtChonkers/Content/Interface_And_Item_Sounds/WAV/Error_Buzz_01.uasset" 1481
"E:/UE Projects/SixMinutesAtChonkers/Content/Interface_And_Item_Sounds/WAV/Error_Buzz_01.uexp" 1482
"E:/UE Projects/SixMinutesAtChonkers/Content/Interface_And_Item_Sounds/Cues/Error_Buzz_01_Cue.uasset" 1483
"E:/UE Projects/SixMinutesAtChonkers/Content/Interface_And_Item_Sounds/Cues/Error_Buzz_01_Cue.uexp" 1484
"E:/UE Projects/SixMinutesAtChonkers/Content/Interface_And_Item_Sounds/WAV/Discordant_GameOver_Musical_Short.ubulk" 1485
"E:/UE Projects/SixMinutesAtChonkers/Content/Interface_And_Item_Sounds/WAV/Discordant_GameOver_Musical_Short.uasset" 1486
"E:/UE Projects/SixMinutesAtChonkers/Content/Interface_And_Item_Sounds/WAV/Discordant_GameOver_Musical_Short.uexp" 1487
"E:/UE Projects/SixMinutesAtChonkers/Content/Interface_And_Item_Sounds/Cues/Discordant_GameOver_Musical_Short_Cue.uasset" 1488
"E:/UE Projects/SixMinutesAtChonkers/Content/Interface_And_Item_Sounds/Cues/Discordant_GameOver_Musical_Short_Cue.uexp" 1489
"E:/UE Projects/SixMinutesAtChonkers/Content/Interface_And_Item_Sounds/WAV/Discordant_GameOver_Musical_Long.ubulk" 1490
"E:/UE Projects/SixMinutesAtChonkers/Content/Interface_And_Item_Sounds/WAV/Discordant_GameOver_Musical_Long.uasset" 1491
"E:/UE Projects/SixMinutesAtChonkers/Content/Interface_And_Item_Sounds/WAV/Discordant_GameOver_Musical_Long.uexp" 1492
"E:/UE Projects/SixMinutesAtChonkers/Content/Interface_And_Item_Sounds/Cues/Discordant_GameOver_Musical_Long_Cue.uasset" 1493
"E:/UE Projects/SixMinutesAtChonkers/Content/Interface_And_Item_Sounds/Cues/Discordant_GameOver_Musical_Long_Cue.uexp" 1494
"E:/UE Projects/SixMinutesAtChonkers/Content/Interface_And_Item_Sounds/WAV/Coins_15.ubulk" 1495
"E:/UE Projects/SixMinutesAtChonkers/Content/Interface_And_Item_Sounds/WAV/Coins_15.uasset" 1496
"E:/UE Projects/SixMinutesAtChonkers/Content/Interface_And_Item_Sounds/WAV/Coins_15.uexp" 1497
"E:/UE Projects/SixMinutesAtChonkers/Content/Interface_And_Item_Sounds/Cues/Coins_15_Cue.uasset" 1498
"E:/UE Projects/SixMinutesAtChonkers/Content/Interface_And_Item_Sounds/Cues/Coins_15_Cue.uexp" 1499
"E:/UE Projects/SixMinutesAtChonkers/Content/Interface_And_Item_Sounds/WAV/Coins_14.ubulk" 1500
"E:/UE Projects/SixMinutesAtChonkers/Content/Interface_And_Item_Sounds/WAV/Coins_14.uasset" 1501
"E:/UE Projects/SixMinutesAtChonkers/Content/Interface_And_Item_Sounds/WAV/Coins_14.uexp" 1502
"E:/UE Projects/SixMinutesAtChonkers/Content/Interface_And_Item_Sounds/Cues/Coins_14_Cue.uasset" 1503
"E:/UE Projects/SixMinutesAtChonkers/Content/Interface_And_Item_Sounds/Cues/Coins_14_Cue.uexp" 1504
"E:/UE Projects/SixMinutesAtChonkers/Content/Interface_And_Item_Sounds/WAV/Coins_13.ubulk" 1505
"E:/UE Projects/SixMinutesAtChonkers/Content/Interface_And_Item_Sounds/WAV/Coins_13.uasset" 1506
"E:/UE Projects/SixMinutesAtChonkers/Content/Interface_And_Item_Sounds/WAV/Coins_13.uexp" 1507
"E:/UE Projects/SixMinutesAtChonkers/Content/Interface_And_Item_Sounds/Cues/Coins_13_Cue.uasset" 1508
"E:/UE Projects/SixMinutesAtChonkers/Content/Interface_And_Item_Sounds/Cues/Coins_13_Cue.uexp" 1509
"E:/UE Projects/SixMinutesAtChonkers/Content/Interface_And_Item_Sounds/WAV/Coins_12.ubulk" 1510
"E:/UE Projects/SixMinutesAtChonkers/Content/Interface_And_Item_Sounds/WAV/Coins_12.uasset" 1511
"E:/UE Projects/SixMinutesAtChonkers/Content/Interface_And_Item_Sounds/WAV/Coins_12.uexp" 1512
"E:/UE Projects/SixMinutesAtChonkers/Content/Interface_And_Item_Sounds/Cues/Coins_12_Cue.uasset" 1513
"E:/UE Projects/SixMinutesAtChonkers/Content/Interface_And_Item_Sounds/Cues/Coins_12_Cue.uexp" 1514
"E:/UE Projects/SixMinutesAtChonkers/Content/Interface_And_Item_Sounds/WAV/Coins_11.ubulk" 1515
"E:/UE Projects/SixMinutesAtChonkers/Content/Interface_And_Item_Sounds/WAV/Coins_11.uasset" 1516
"E:/UE Projects/SixMinutesAtChonkers/Content/Interface_And_Item_Sounds/WAV/Coins_11.uexp" 1517
"E:/UE Projects/SixMinutesAtChonkers/Content/Interface_And_Item_Sounds/Cues/Coins_11_Cue.uasset" 1518
"E:/UE Projects/SixMinutesAtChonkers/Content/Interface_And_Item_Sounds/Cues/Coins_11_Cue.uexp" 1519
"E:/UE Projects/SixMinutesAtChonkers/Content/Interface_And_Item_Sounds/WAV/Coins_10.ubulk" 1520
"E:/UE Projects/SixMinutesAtChonkers/Content/Interface_And_Item_Sounds/WAV/Coins_10.uasset" 1521
"E:/UE Projects/SixMinutesAtChonkers/Content/Interface_And_Item_Sounds/WAV/Coins_10.uexp" 1522
"E:/UE Projects/SixMinutesAtChonkers/Content/Interface_And_Item_Sounds/Cues/Coins_10_Cue.uasset" 1523
"E:/UE Projects/SixMinutesAtChonkers/Content/Interface_And_Item_Sounds/Cues/Coins_10_Cue.uexp" 1524
"E:/UE Projects/SixMinutesAtChonkers/Content/Interface_And_Item_Sounds/WAV/Coins_09.ubulk" 1525
"E:/UE Projects/SixMinutesAtChonkers/Content/Interface_And_Item_Sounds/WAV/Coins_09.uasset" 1526
"E:/UE Projects/SixMinutesAtChonkers/Content/Interface_And_Item_Sounds/WAV/Coins_09.uexp" 1527
"E:/UE Projects/SixMinutesAtChonkers/Content/Interface_And_Item_Sounds/Cues/Coins_09_Cue.uasset" 1528
"E:/UE Projects/SixMinutesAtChonkers/Content/Interface_And_Item_Sounds/Cues/Coins_09_Cue.uexp" 1529
"E:/UE Projects/SixMinutesAtChonkers/Content/Interface_And_Item_Sounds/WAV/Coins_08.ubulk" 1530
"E:/UE Projects/SixMinutesAtChonkers/Content/Interface_And_Item_Sounds/WAV/Coins_08.uasset" 1531
"E:/UE Projects/SixMinutesAtChonkers/Content/Interface_And_Item_Sounds/WAV/Coins_08.uexp" 1532
"E:/UE Projects/SixMinutesAtChonkers/Content/Interface_And_Item_Sounds/Cues/Coins_08_Cue.uasset" 1533
"E:/UE Projects/SixMinutesAtChonkers/Content/Interface_And_Item_Sounds/Cues/Coins_08_Cue.uexp" 1534
"E:/UE Projects/SixMinutesAtChonkers/Content/Interface_And_Item_Sounds/WAV/Coins_07.ubulk" 1535
"E:/UE Projects/SixMinutesAtChonkers/Content/Interface_And_Item_Sounds/WAV/Coins_07.uasset" 1536
"E:/UE Projects/SixMinutesAtChonkers/Content/Interface_And_Item_Sounds/WAV/Coins_07.uexp" 1537
"E:/UE Projects/SixMinutesAtChonkers/Content/Interface_And_Item_Sounds/Cues/Coins_07_Cue.uasset" 1538
"E:/UE Projects/SixMinutesAtChonkers/Content/Interface_And_Item_Sounds/Cues/Coins_07_Cue.uexp" 1539
"E:/UE Projects/SixMinutesAtChonkers/Content/Interface_And_Item_Sounds/WAV/Coins_06.ubulk" 1540
"E:/UE Projects/SixMinutesAtChonkers/Content/Interface_And_Item_Sounds/WAV/Coins_06.uasset" 1541
"E:/UE Projects/SixMinutesAtChonkers/Content/Interface_And_Item_Sounds/WAV/Coins_06.uexp" 1542
"E:/UE Projects/SixMinutesAtChonkers/Content/Interface_And_Item_Sounds/Cues/Coins_06_Cue.uasset" 1543
"E:/UE Projects/SixMinutesAtChonkers/Content/Interface_And_Item_Sounds/Cues/Coins_06_Cue.uexp" 1544
"E:/UE Projects/SixMinutesAtChonkers/Content/Interface_And_Item_Sounds/WAV/Coins_05.ubulk" 1545
"E:/UE Projects/SixMinutesAtChonkers/Content/Interface_And_Item_Sounds/WAV/Coins_05.uasset" 1546
"E:/UE Projects/SixMinutesAtChonkers/Content/Interface_And_Item_Sounds/WAV/Coins_05.uexp" 1547
"E:/UE Projects/SixMinutesAtChonkers/Content/Interface_And_Item_Sounds/Cues/Coins_05_Cue.uasset" 1548
"E:/UE Projects/SixMinutesAtChonkers/Content/Interface_And_Item_Sounds/Cues/Coins_05_Cue.uexp" 1549
"E:/UE Projects/SixMinutesAtChonkers/Content/Interface_And_Item_Sounds/WAV/Coins_04.ubulk" 1550
"E:/UE Projects/SixMinutesAtChonkers/Content/Interface_And_Item_Sounds/WAV/Coins_04.uasset" 1551
"E:/UE Projects/SixMinutesAtChonkers/Content/Interface_And_Item_Sounds/WAV/Coins_04.uexp" 1552
"E:/UE Projects/SixMinutesAtChonkers/Content/Interface_And_Item_Sounds/Cues/Coins_04_Cue.uasset" 1553
"E:/UE Projects/SixMinutesAtChonkers/Content/Interface_And_Item_Sounds/Cues/Coins_04_Cue.uexp" 1554
"E:/UE Projects/SixMinutesAtChonkers/Content/Interface_And_Item_Sounds/WAV/Coins_03.ubulk" 1555
"E:/UE Projects/SixMinutesAtChonkers/Content/Interface_And_Item_Sounds/WAV/Coins_03.uasset" 1556
"E:/UE Projects/SixMinutesAtChonkers/Content/Interface_And_Item_Sounds/WAV/Coins_03.uexp" 1557
"E:/UE Projects/SixMinutesAtChonkers/Content/Interface_And_Item_Sounds/Cues/Coins_03_Cue.uasset" 1558
"E:/UE Projects/SixMinutesAtChonkers/Content/Interface_And_Item_Sounds/Cues/Coins_03_Cue.uexp" 1559
"E:/UE Projects/SixMinutesAtChonkers/Content/Interface_And_Item_Sounds/WAV/Coins_02.ubulk" 1560
"E:/UE Projects/SixMinutesAtChonkers/Content/Interface_And_Item_Sounds/WAV/Coins_02.uasset" 1561
"E:/UE Projects/SixMinutesAtChonkers/Content/Interface_And_Item_Sounds/WAV/Coins_02.uexp" 1562
"E:/UE Projects/SixMinutesAtChonkers/Content/Interface_And_Item_Sounds/Cues/Coins_02_Cue.uasset" 1563
"E:/UE Projects/SixMinutesAtChonkers/Content/Interface_And_Item_Sounds/Cues/Coins_02_Cue.uexp" 1564
"E:/UE Projects/SixMinutesAtChonkers/Content/Interface_And_Item_Sounds/WAV/Coins_01.ubulk" 1565
"E:/UE Projects/SixMinutesAtChonkers/Content/Interface_And_Item_Sounds/WAV/Coins_01.uasset" 1566
"E:/UE Projects/SixMinutesAtChonkers/Content/Interface_And_Item_Sounds/WAV/Coins_01.uexp" 1567
"E:/UE Projects/SixMinutesAtChonkers/Content/Interface_And_Item_Sounds/Cues/Coins_01_Cue.uasset" 1568
"E:/UE Projects/SixMinutesAtChonkers/Content/Interface_And_Item_Sounds/Cues/Coins_01_Cue.uexp" 1569
"E:/UE Projects/SixMinutesAtChonkers/Content/Interface_And_Item_Sounds/WAV/Click_11.ubulk" 1570
"E:/UE Projects/SixMinutesAtChonkers/Content/Interface_And_Item_Sounds/WAV/Click_11.uasset" 1571
"E:/UE Projects/SixMinutesAtChonkers/Content/Interface_And_Item_Sounds/WAV/Click_11.uexp" 1572
"E:/UE Projects/SixMinutesAtChonkers/Content/Interface_And_Item_Sounds/Cues/Click_11_Cue.uasset" 1573
"E:/UE Projects/SixMinutesAtChonkers/Content/Interface_And_Item_Sounds/Cues/Click_11_Cue.uexp" 1574
"E:/UE Projects/SixMinutesAtChonkers/Content/Interface_And_Item_Sounds/WAV/Click_10.ubulk" 1575
"E:/UE Projects/SixMinutesAtChonkers/Content/Interface_And_Item_Sounds/WAV/Click_10.uasset" 1576
"E:/UE Projects/SixMinutesAtChonkers/Content/Interface_And_Item_Sounds/WAV/Click_10.uexp" 1577
"E:/UE Projects/SixMinutesAtChonkers/Content/Interface_And_Item_Sounds/Cues/Click_10_Cue.uasset" 1578
"E:/UE Projects/SixMinutesAtChonkers/Content/Interface_And_Item_Sounds/Cues/Click_10_Cue.uexp" 1579
"E:/UE Projects/SixMinutesAtChonkers/Content/Interface_And_Item_Sounds/WAV/Click_09.ubulk" 1580
"E:/UE Projects/SixMinutesAtChonkers/Content/Interface_And_Item_Sounds/WAV/Click_09.uasset" 1581
"E:/UE Projects/SixMinutesAtChonkers/Content/Interface_And_Item_Sounds/WAV/Click_09.uexp" 1582
"E:/UE Projects/SixMinutesAtChonkers/Content/Interface_And_Item_Sounds/Cues/Click_09_Cue.uasset" 1583
"E:/UE Projects/SixMinutesAtChonkers/Content/Interface_And_Item_Sounds/Cues/Click_09_Cue.uexp" 1584
"E:/UE Projects/SixMinutesAtChonkers/Content/Interface_And_Item_Sounds/WAV/Click_08.ubulk" 1585
"E:/UE Projects/SixMinutesAtChonkers/Content/Interface_And_Item_Sounds/WAV/Click_08.uasset" 1586
"E:/UE Projects/SixMinutesAtChonkers/Content/Interface_And_Item_Sounds/WAV/Click_08.uexp" 1587
"E:/UE Projects/SixMinutesAtChonkers/Content/Interface_And_Item_Sounds/Cues/Click_08_Cue.uasset" 1588
"E:/UE Projects/SixMinutesAtChonkers/Content/Interface_And_Item_Sounds/Cues/Click_08_Cue.uexp" 1589
"E:/UE Projects/SixMinutesAtChonkers/Content/Interface_And_Item_Sounds/WAV/Click_07.ubulk" 1590
"E:/UE Projects/SixMinutesAtChonkers/Content/Interface_And_Item_Sounds/WAV/Click_07.uasset" 1591
"E:/UE Projects/SixMinutesAtChonkers/Content/Interface_And_Item_Sounds/WAV/Click_07.uexp" 1592
"E:/UE Projects/SixMinutesAtChonkers/Content/Interface_And_Item_Sounds/Cues/Click_07_Cue.uasset" 1593
"E:/UE Projects/SixMinutesAtChonkers/Content/Interface_And_Item_Sounds/Cues/Click_07_Cue.uexp" 1594
"E:/UE Projects/SixMinutesAtChonkers/Content/Interface_And_Item_Sounds/WAV/Click_06.ubulk" 1595
"E:/UE Projects/SixMinutesAtChonkers/Content/Interface_And_Item_Sounds/WAV/Click_06.uasset" 1596
"E:/UE Projects/SixMinutesAtChonkers/Content/Interface_And_Item_Sounds/WAV/Click_06.uexp" 1597
"E:/UE Projects/SixMinutesAtChonkers/Content/Interface_And_Item_Sounds/Cues/Click_06_Cue.uasset" 1598
"E:/UE Projects/SixMinutesAtChonkers/Content/Interface_And_Item_Sounds/Cues/Click_06_Cue.uexp" 1599
"E:/UE Projects/SixMinutesAtChonkers/Content/Interface_And_Item_Sounds/WAV/Click_05.ubulk" 1600
"E:/UE Projects/SixMinutesAtChonkers/Content/Interface_And_Item_Sounds/WAV/Click_05.uasset" 1601
"E:/UE Projects/SixMinutesAtChonkers/Content/Interface_And_Item_Sounds/WAV/Click_05.uexp" 1602
"E:/UE Projects/SixMinutesAtChonkers/Content/Interface_And_Item_Sounds/Cues/Click_05_Cue.uasset" 1603
"E:/UE Projects/SixMinutesAtChonkers/Content/Interface_And_Item_Sounds/Cues/Click_05_Cue.uexp" 1604
"E:/UE Projects/SixMinutesAtChonkers/Content/Interface_And_Item_Sounds/WAV/Click_04.ubulk" 1605
"E:/UE Projects/SixMinutesAtChonkers/Content/Interface_And_Item_Sounds/WAV/Click_04.uasset" 1606
"E:/UE Projects/SixMinutesAtChonkers/Content/Interface_And_Item_Sounds/WAV/Click_04.uexp" 1607
"E:/UE Projects/SixMinutesAtChonkers/Content/Interface_And_Item_Sounds/Cues/Click_04_Cue.uasset" 1608
"E:/UE Projects/SixMinutesAtChonkers/Content/Interface_And_Item_Sounds/Cues/Click_04_Cue.uexp" 1609
"E:/UE Projects/SixMinutesAtChonkers/Content/Interface_And_Item_Sounds/WAV/Click_03.ubulk" 1610
"E:/UE Projects/SixMinutesAtChonkers/Content/Interface_And_Item_Sounds/WAV/Click_03.uasset" 1611
"E:/UE Projects/SixMinutesAtChonkers/Content/Interface_And_Item_Sounds/WAV/Click_03.uexp" 1612
"E:/UE Projects/SixMinutesAtChonkers/Content/Interface_And_Item_Sounds/Cues/Click_03_Cue.uasset" 1613
"E:/UE Projects/SixMinutesAtChonkers/Content/Interface_And_Item_Sounds/Cues/Click_03_Cue.uexp" 1614
"E:/UE Projects/SixMinutesAtChonkers/Content/Interface_And_Item_Sounds/WAV/Click_02.ubulk" 1615
"E:/UE Projects/SixMinutesAtChonkers/Content/Interface_And_Item_Sounds/WAV/Click_02.uasset" 1616
"E:/UE Projects/SixMinutesAtChonkers/Content/Interface_And_Item_Sounds/WAV/Click_02.uexp" 1617
"E:/UE Projects/SixMinutesAtChonkers/Content/Interface_And_Item_Sounds/Cues/Click_02_Cue.uasset" 1618
"E:/UE Projects/SixMinutesAtChonkers/Content/Interface_And_Item_Sounds/Cues/Click_02_Cue.uexp" 1619
"E:/UE Projects/SixMinutesAtChonkers/Content/Interface_And_Item_Sounds/WAV/Click_01.ubulk" 1620
"E:/UE Projects/SixMinutesAtChonkers/Content/Interface_And_Item_Sounds/WAV/Click_01.uasset" 1621
"E:/UE Projects/SixMinutesAtChonkers/Content/Interface_And_Item_Sounds/WAV/Click_01.uexp" 1622
"E:/UE Projects/SixMinutesAtChonkers/Content/Interface_And_Item_Sounds/Cues/Click_01_Cue.uasset" 1623
"E:/UE Projects/SixMinutesAtChonkers/Content/Interface_And_Item_Sounds/Cues/Click_01_Cue.uexp" 1624
"E:/UE Projects/SixMinutesAtChonkers/Content/Interface_And_Item_Sounds/WAV/Cartoon_Falling_04.ubulk" 1625
"E:/UE Projects/SixMinutesAtChonkers/Content/Interface_And_Item_Sounds/WAV/Cartoon_Falling_04.uasset" 1626
"E:/UE Projects/SixMinutesAtChonkers/Content/Interface_And_Item_Sounds/WAV/Cartoon_Falling_04.uexp" 1627
"E:/UE Projects/SixMinutesAtChonkers/Content/Interface_And_Item_Sounds/Cues/Cartoon_Falling_04_Cue.uasset" 1628
"E:/UE Projects/SixMinutesAtChonkers/Content/Interface_And_Item_Sounds/Cues/Cartoon_Falling_04_Cue.uexp" 1629
"E:/UE Projects/SixMinutesAtChonkers/Content/Interface_And_Item_Sounds/WAV/Cartoon_Falling_03.ubulk" 1630
"E:/UE Projects/SixMinutesAtChonkers/Content/Interface_And_Item_Sounds/WAV/Cartoon_Falling_03.uasset" 1631
"E:/UE Projects/SixMinutesAtChonkers/Content/Interface_And_Item_Sounds/WAV/Cartoon_Falling_03.uexp" 1632
"E:/UE Projects/SixMinutesAtChonkers/Content/Interface_And_Item_Sounds/Cues/Cartoon_Falling_03_Cue.uasset" 1633
"E:/UE Projects/SixMinutesAtChonkers/Content/Interface_And_Item_Sounds/Cues/Cartoon_Falling_03_Cue.uexp" 1634
"E:/UE Projects/SixMinutesAtChonkers/Content/Interface_And_Item_Sounds/WAV/Cartoon_Falling_02.ubulk" 1635
"E:/UE Projects/SixMinutesAtChonkers/Content/Interface_And_Item_Sounds/WAV/Cartoon_Falling_02.uasset" 1636
"E:/UE Projects/SixMinutesAtChonkers/Content/Interface_And_Item_Sounds/WAV/Cartoon_Falling_02.uexp" 1637
"E:/UE Projects/SixMinutesAtChonkers/Content/Interface_And_Item_Sounds/Cues/Cartoon_Falling_02_Cue.uasset" 1638
"E:/UE Projects/SixMinutesAtChonkers/Content/Interface_And_Item_Sounds/Cues/Cartoon_Falling_02_Cue.uexp" 1639
"E:/UE Projects/SixMinutesAtChonkers/Content/Interface_And_Item_Sounds/WAV/Cartoon_Falling_01.ubulk" 1640
"E:/UE Projects/SixMinutesAtChonkers/Content/Interface_And_Item_Sounds/WAV/Cartoon_Falling_01.uasset" 1641
"E:/UE Projects/SixMinutesAtChonkers/Content/Interface_And_Item_Sounds/WAV/Cartoon_Falling_01.uexp" 1642
"E:/UE Projects/SixMinutesAtChonkers/Content/Interface_And_Item_Sounds/Cues/Cartoon_Falling_01_Cue.uasset" 1643
"E:/UE Projects/SixMinutesAtChonkers/Content/Interface_And_Item_Sounds/Cues/Cartoon_Falling_01_Cue.uexp" 1644
"E:/UE Projects/SixMinutesAtChonkers/Content/Interface_And_Item_Sounds/WAV/Bar_Filling_02.ubulk" 1645
"E:/UE Projects/SixMinutesAtChonkers/Content/Interface_And_Item_Sounds/WAV/Bar_Filling_02.uasset" 1646
"E:/UE Projects/SixMinutesAtChonkers/Content/Interface_And_Item_Sounds/WAV/Bar_Filling_02.uexp" 1647
"E:/UE Projects/SixMinutesAtChonkers/Content/Interface_And_Item_Sounds/Cues/Bar_Filling_02_Cue.uasset" 1648
"E:/UE Projects/SixMinutesAtChonkers/Content/Interface_And_Item_Sounds/Cues/Bar_Filling_02_Cue.uexp" 1649
"E:/UE Projects/SixMinutesAtChonkers/Content/Interface_And_Item_Sounds/WAV/Bar_Filling_01.ubulk" 1650
"E:/UE Projects/SixMinutesAtChonkers/Content/Interface_And_Item_Sounds/WAV/Bar_Filling_01.uasset" 1651
"E:/UE Projects/SixMinutesAtChonkers/Content/Interface_And_Item_Sounds/WAV/Bar_Filling_01.uexp" 1652
"E:/UE Projects/SixMinutesAtChonkers/Content/Interface_And_Item_Sounds/Cues/Bar_Filling_01_Cue.uasset" 1653
"E:/UE Projects/SixMinutesAtChonkers/Content/Interface_And_Item_Sounds/Cues/Bar_Filling_01_Cue.uexp" 1654
"E:/UE Projects/SixMinutesAtChonkers/Content/Interface_And_Item_Sounds/WAV/Back_Click_11.ubulk" 1655
"E:/UE Projects/SixMinutesAtChonkers/Content/Interface_And_Item_Sounds/WAV/Back_Click_11.uasset" 1656
"E:/UE Projects/SixMinutesAtChonkers/Content/Interface_And_Item_Sounds/WAV/Back_Click_11.uexp" 1657
"E:/UE Projects/SixMinutesAtChonkers/Content/Interface_And_Item_Sounds/Cues/Back_Click_11_Cue.uasset" 1658
"E:/UE Projects/SixMinutesAtChonkers/Content/Interface_And_Item_Sounds/Cues/Back_Click_11_Cue.uexp" 1659
"E:/UE Projects/SixMinutesAtChonkers/Content/Interface_And_Item_Sounds/WAV/Back_Click_10.ubulk" 1660
"E:/UE Projects/SixMinutesAtChonkers/Content/Interface_And_Item_Sounds/WAV/Back_Click_10.uasset" 1661
"E:/UE Projects/SixMinutesAtChonkers/Content/Interface_And_Item_Sounds/WAV/Back_Click_10.uexp" 1662
"E:/UE Projects/SixMinutesAtChonkers/Content/Interface_And_Item_Sounds/Cues/Back_Click_10_Cue.uasset" 1663
"E:/UE Projects/SixMinutesAtChonkers/Content/Interface_And_Item_Sounds/Cues/Back_Click_10_Cue.uexp" 1664
"E:/UE Projects/SixMinutesAtChonkers/Content/Interface_And_Item_Sounds/WAV/Back_Click_09.ubulk" 1665
"E:/UE Projects/SixMinutesAtChonkers/Content/Interface_And_Item_Sounds/WAV/Back_Click_09.uasset" 1666
"E:/UE Projects/SixMinutesAtChonkers/Content/Interface_And_Item_Sounds/WAV/Back_Click_09.uexp" 1667
"E:/UE Projects/SixMinutesAtChonkers/Content/Interface_And_Item_Sounds/Cues/Back_Click_09_Cue.uasset" 1668
"E:/UE Projects/SixMinutesAtChonkers/Content/Interface_And_Item_Sounds/Cues/Back_Click_09_Cue.uexp" 1669
"E:/UE Projects/SixMinutesAtChonkers/Content/Interface_And_Item_Sounds/WAV/Back_Click_08.ubulk" 1670
"E:/UE Projects/SixMinutesAtChonkers/Content/Interface_And_Item_Sounds/WAV/Back_Click_08.uasset" 1671
"E:/UE Projects/SixMinutesAtChonkers/Content/Interface_And_Item_Sounds/WAV/Back_Click_08.uexp" 1672
"E:/UE Projects/SixMinutesAtChonkers/Content/Interface_And_Item_Sounds/Cues/Back_Click_08_Cue.uasset" 1673
"E:/UE Projects/SixMinutesAtChonkers/Content/Interface_And_Item_Sounds/Cues/Back_Click_08_Cue.uexp" 1674
"E:/UE Projects/SixMinutesAtChonkers/Content/Interface_And_Item_Sounds/WAV/Back_Click_07.ubulk" 1675
"E:/UE Projects/SixMinutesAtChonkers/Content/Interface_And_Item_Sounds/WAV/Back_Click_07.uasset" 1676
"E:/UE Projects/SixMinutesAtChonkers/Content/Interface_And_Item_Sounds/WAV/Back_Click_07.uexp" 1677
"E:/UE Projects/SixMinutesAtChonkers/Content/Interface_And_Item_Sounds/Cues/Back_Click_07_Cue.uasset" 1678
"E:/UE Projects/SixMinutesAtChonkers/Content/Interface_And_Item_Sounds/Cues/Back_Click_07_Cue.uexp" 1679
"E:/UE Projects/SixMinutesAtChonkers/Content/Interface_And_Item_Sounds/WAV/Back_Click_06.ubulk" 1680
"E:/UE Projects/SixMinutesAtChonkers/Content/Interface_And_Item_Sounds/WAV/Back_Click_06.uasset" 1681
"E:/UE Projects/SixMinutesAtChonkers/Content/Interface_And_Item_Sounds/WAV/Back_Click_06.uexp" 1682
"E:/UE Projects/SixMinutesAtChonkers/Content/Interface_And_Item_Sounds/Cues/Back_Click_06_Cue.uasset" 1683
"E:/UE Projects/SixMinutesAtChonkers/Content/Interface_And_Item_Sounds/Cues/Back_Click_06_Cue.uexp" 1684
"E:/UE Projects/SixMinutesAtChonkers/Content/Interface_And_Item_Sounds/WAV/Back_Click_05.ubulk" 1685
"E:/UE Projects/SixMinutesAtChonkers/Content/Interface_And_Item_Sounds/WAV/Back_Click_05.uasset" 1686
"E:/UE Projects/SixMinutesAtChonkers/Content/Interface_And_Item_Sounds/WAV/Back_Click_05.uexp" 1687
"E:/UE Projects/SixMinutesAtChonkers/Content/Interface_And_Item_Sounds/Cues/Back_Click_05_Cue.uasset" 1688
"E:/UE Projects/SixMinutesAtChonkers/Content/Interface_And_Item_Sounds/Cues/Back_Click_05_Cue.uexp" 1689
"E:/UE Projects/SixMinutesAtChonkers/Content/Interface_And_Item_Sounds/WAV/Back_Click_04.ubulk" 1690
"E:/UE Projects/SixMinutesAtChonkers/Content/Interface_And_Item_Sounds/WAV/Back_Click_04.uasset" 1691
"E:/UE Projects/SixMinutesAtChonkers/Content/Interface_And_Item_Sounds/WAV/Back_Click_04.uexp" 1692
"E:/UE Projects/SixMinutesAtChonkers/Content/Interface_And_Item_Sounds/Cues/Back_Click_04_Cue.uasset" 1693
"E:/UE Projects/SixMinutesAtChonkers/Content/Interface_And_Item_Sounds/Cues/Back_Click_04_Cue.uexp" 1694
"E:/UE Projects/SixMinutesAtChonkers/Content/Interface_And_Item_Sounds/WAV/Back_Click_03.ubulk" 1695
"E:/UE Projects/SixMinutesAtChonkers/Content/Interface_And_Item_Sounds/WAV/Back_Click_03.uasset" 1696
"E:/UE Projects/SixMinutesAtChonkers/Content/Interface_And_Item_Sounds/WAV/Back_Click_03.uexp" 1697
"E:/UE Projects/SixMinutesAtChonkers/Content/Interface_And_Item_Sounds/Cues/Back_Click_03_Cue.uasset" 1698
"E:/UE Projects/SixMinutesAtChonkers/Content/Interface_And_Item_Sounds/Cues/Back_Click_03_Cue.uexp" 1699
"E:/UE Projects/SixMinutesAtChonkers/Content/Interface_And_Item_Sounds/WAV/Back_Click_02.ubulk" 1700
"E:/UE Projects/SixMinutesAtChonkers/Content/Interface_And_Item_Sounds/WAV/Back_Click_02.uasset" 1701
"E:/UE Projects/SixMinutesAtChonkers/Content/Interface_And_Item_Sounds/WAV/Back_Click_02.uexp" 1702
"E:/UE Projects/SixMinutesAtChonkers/Content/Interface_And_Item_Sounds/Cues/Back_Click_02_Cue.uasset" 1703
"E:/UE Projects/SixMinutesAtChonkers/Content/Interface_And_Item_Sounds/Cues/Back_Click_02_Cue.uexp" 1704
"E:/UE Projects/SixMinutesAtChonkers/Content/Interface_And_Item_Sounds/WAV/Back_Click_01.ubulk" 1705
"E:/UE Projects/SixMinutesAtChonkers/Content/Interface_And_Item_Sounds/WAV/Back_Click_01.uasset" 1706
"E:/UE Projects/SixMinutesAtChonkers/Content/Interface_And_Item_Sounds/WAV/Back_Click_01.uexp" 1707
"E:/UE Projects/SixMinutesAtChonkers/Content/Interface_And_Item_Sounds/Cues/Back_Click_01_Cue.uasset" 1708
"E:/UE Projects/SixMinutesAtChonkers/Content/Interface_And_Item_Sounds/Cues/Back_Click_01_Cue.uexp" 1709
"E:/UE Projects/SixMinutesAtChonkers/Content/Interface_And_Item_Sounds/WAV/Abstract_Pop_04.ubulk" 1710
"E:/UE Projects/SixMinutesAtChonkers/Content/Interface_And_Item_Sounds/WAV/Abstract_Pop_04.uasset" 1711
"E:/UE Projects/SixMinutesAtChonkers/Content/Interface_And_Item_Sounds/WAV/Abstract_Pop_04.uexp" 1712
"E:/UE Projects/SixMinutesAtChonkers/Content/Interface_And_Item_Sounds/Cues/Abstract_Pop_04_Cue.uasset" 1713
"E:/UE Projects/SixMinutesAtChonkers/Content/Interface_And_Item_Sounds/Cues/Abstract_Pop_04_Cue.uexp" 1714
"E:/UE Projects/SixMinutesAtChonkers/Content/Interface_And_Item_Sounds/WAV/Abstract_Pop_03.ubulk" 1715
"E:/UE Projects/SixMinutesAtChonkers/Content/Interface_And_Item_Sounds/WAV/Abstract_Pop_03.uasset" 1716
"E:/UE Projects/SixMinutesAtChonkers/Content/Interface_And_Item_Sounds/WAV/Abstract_Pop_03.uexp" 1717
"E:/UE Projects/SixMinutesAtChonkers/Content/Interface_And_Item_Sounds/Cues/Abstract_Pop_03_Cue.uasset" 1718
"E:/UE Projects/SixMinutesAtChonkers/Content/Interface_And_Item_Sounds/Cues/Abstract_Pop_03_Cue.uexp" 1719
"E:/UE Projects/SixMinutesAtChonkers/Content/Interface_And_Item_Sounds/WAV/Abstract_Pop_02.ubulk" 1720
"E:/UE Projects/SixMinutesAtChonkers/Content/Interface_And_Item_Sounds/WAV/Abstract_Pop_02.uasset" 1721
"E:/UE Projects/SixMinutesAtChonkers/Content/Interface_And_Item_Sounds/WAV/Abstract_Pop_02.uexp" 1722
"E:/UE Projects/SixMinutesAtChonkers/Content/Interface_And_Item_Sounds/Cues/Abstract_Pop_02_Cue.uasset" 1723
"E:/UE Projects/SixMinutesAtChonkers/Content/Interface_And_Item_Sounds/Cues/Abstract_Pop_02_Cue.uexp" 1724
"E:/UE Projects/SixMinutesAtChonkers/Content/Interface_And_Item_Sounds/WAV/Abstract_Pop_01.ubulk" 1725
"E:/UE Projects/SixMinutesAtChonkers/Content/Interface_And_Item_Sounds/WAV/Abstract_Pop_01.uasset" 1726
"E:/UE Projects/SixMinutesAtChonkers/Content/Interface_And_Item_Sounds/WAV/Abstract_Pop_01.uexp" 1727
"E:/UE Projects/SixMinutesAtChonkers/Content/Interface_And_Item_Sounds/Cues/Abstract_Pop_01_Cue.uasset" 1728
"E:/UE Projects/SixMinutesAtChonkers/Content/Interface_And_Item_Sounds/Cues/Abstract_Pop_01_Cue.uexp" 1729
"E:/UE Projects/SixMinutesAtChonkers/Content/FirstPerson/Maps/FirstPersonMap_BuiltData.ubulk" 1730
"E:/UE Projects/SixMinutesAtChonkers/Content/FirstPerson/Maps/FirstPersonMap_BuiltData.uasset" 1731
"E:/UE Projects/SixMinutesAtChonkers/Content/FirstPerson/Maps/FirstPersonMap_BuiltData.uexp" 1732
"E:/UE Projects/SixMinutesAtChonkers/Content/Audiora_FreeMusic/wav/Loops/The_Kingdom_Beyond_loop.ubulk" 1733
"E:/UE Projects/SixMinutesAtChonkers/Content/Audiora_FreeMusic/wav/Loops/The_Kingdom_Beyond_loop.uasset" 1734
"E:/UE Projects/SixMinutesAtChonkers/Content/Audiora_FreeMusic/wav/Loops/The_Kingdom_Beyond_loop.uexp" 1735
"E:/UE Projects/SixMinutesAtChonkers/Content/Audiora_FreeMusic/cues/Loops/The_Kingdom_Beyond_loop_Cue.uasset" 1736
"E:/UE Projects/SixMinutesAtChonkers/Content/Audiora_FreeMusic/cues/Loops/The_Kingdom_Beyond_loop_Cue.uexp" 1737
"E:/UE Projects/SixMinutesAtChonkers/Content/Audiora_FreeMusic/wav/Loops/Surrounded_by_Darkness_Loop.ubulk" 1738
"E:/UE Projects/SixMinutesAtChonkers/Content/Audiora_FreeMusic/wav/Loops/Surrounded_by_Darkness_Loop.uasset" 1739
"E:/UE Projects/SixMinutesAtChonkers/Content/Audiora_FreeMusic/wav/Loops/Surrounded_by_Darkness_Loop.uexp" 1740
"E:/UE Projects/SixMinutesAtChonkers/Content/Audiora_FreeMusic/cues/Loops/Surrounded_by_Darkness_Loop_Cue.uasset" 1741
"E:/UE Projects/SixMinutesAtChonkers/Content/Audiora_FreeMusic/cues/Loops/Surrounded_by_Darkness_Loop_Cue.uexp" 1742
"E:/UE Projects/SixMinutesAtChonkers/Content/Audiora_FreeMusic/wav/Loops/Last_Sound_in_the_Dust_Loop.ubulk" 1743
"E:/UE Projects/SixMinutesAtChonkers/Content/Audiora_FreeMusic/wav/Loops/Last_Sound_in_the_Dust_Loop.uasset" 1744
"E:/UE Projects/SixMinutesAtChonkers/Content/Audiora_FreeMusic/wav/Loops/Last_Sound_in_the_Dust_Loop.uexp" 1745
"E:/UE Projects/SixMinutesAtChonkers/Content/Audiora_FreeMusic/cues/Loops/Last_Sound_in_the_Dust_Loop_Cue.uasset" 1746
"E:/UE Projects/SixMinutesAtChonkers/Content/Audiora_FreeMusic/cues/Loops/Last_Sound_in_the_Dust_Loop_Cue.uexp" 1747
"E:/UE Projects/SixMinutesAtChonkers/Content/Audiora_FreeMusic/wav/Themes/The_Enchanted_Highlands.ubulk" 1748
"E:/UE Projects/SixMinutesAtChonkers/Content/Audiora_FreeMusic/wav/Themes/The_Enchanted_Highlands.uasset" 1749
"E:/UE Projects/SixMinutesAtChonkers/Content/Audiora_FreeMusic/wav/Themes/The_Enchanted_Highlands.uexp" 1750
"E:/UE Projects/SixMinutesAtChonkers/Content/Audiora_FreeMusic/cues/Themes/The_Enchanted_Highlands_Cue.uasset" 1751
"E:/UE Projects/SixMinutesAtChonkers/Content/Audiora_FreeMusic/cues/Themes/The_Enchanted_Highlands_Cue.uexp" 1752
"E:/UE Projects/SixMinutesAtChonkers/Content/Audiora_FreeMusic/wav/Themes/Surrounded_by_Darkness.ubulk" 1753
"E:/UE Projects/SixMinutesAtChonkers/Content/Audiora_FreeMusic/wav/Themes/Surrounded_by_Darkness.uasset" 1754
"E:/UE Projects/SixMinutesAtChonkers/Content/Audiora_FreeMusic/wav/Themes/Surrounded_by_Darkness.uexp" 1755
"E:/UE Projects/SixMinutesAtChonkers/Content/Audiora_FreeMusic/cues/Themes/Surrounded_by_Darkness_Cue.uasset" 1756
"E:/UE Projects/SixMinutesAtChonkers/Content/Audiora_FreeMusic/cues/Themes/Surrounded_by_Darkness_Cue.uexp" 1757
"E:/UE Projects/SixMinutesAtChonkers/Content/Audiora_FreeMusic/wav/Themes/Sunlit_Peaks.ubulk" 1758
"E:/UE Projects/SixMinutesAtChonkers/Content/Audiora_FreeMusic/wav/Themes/Sunlit_Peaks.uasset" 1759
"E:/UE Projects/SixMinutesAtChonkers/Content/Audiora_FreeMusic/wav/Themes/Sunlit_Peaks.uexp" 1760
"E:/UE Projects/SixMinutesAtChonkers/Content/Audiora_FreeMusic/cues/Themes/Sunlit_Peaks_Cue.uasset" 1761
"E:/UE Projects/SixMinutesAtChonkers/Content/Audiora_FreeMusic/cues/Themes/Sunlit_Peaks_Cue.uexp" 1762
"../../../Engine/Content/Maps/Templates/HLODs/HLODLayer_Merged.uasset" 1763
"../../../Engine/Content/Maps/Templates/HLODs/HLODLayer_Merged.uexp" 1764
"../../../Engine/Content/Functions/Engine_MaterialFunctions01/Shading/PowerToRoughness.uasset" 1765
"../../../Engine/Content/Functions/Engine_MaterialFunctions01/Shading/PowerToRoughness.uexp" 1766
"../../../Engine/Content/Functions/Engine_MaterialFunctions01/Shading/ConvertFromDiffSpec.uasset" 1767
"../../../Engine/Content/Functions/Engine_MaterialFunctions01/Shading/ConvertFromDiffSpec.uexp" 1768
"E:/UE Projects/SixMinutesAtChonkers/Content/Rooms/Office/Graphics/OfficeDoorv2_CHONKER.uasset" 1769
"E:/UE Projects/SixMinutesAtChonkers/Content/Rooms/Office/Graphics/OfficeDoorv2_CHONKER.uexp" 1770
"E:/UE Projects/SixMinutesAtChonkers/Content/Rooms/Office/Mats/OfficeDoorv2_CHONKER_Mat.uasset" 1771
"E:/UE Projects/SixMinutesAtChonkers/Content/Rooms/Office/Mats/OfficeDoorv2_CHONKER_Mat.uexp" 1772
"E:/UE Projects/SixMinutesAtChonkers/Content/Rooms/Office/Graphics/OfficeRight.uasset" 1773
"E:/UE Projects/SixMinutesAtChonkers/Content/Rooms/Office/Graphics/OfficeRight.uexp" 1774
"E:/UE Projects/SixMinutesAtChonkers/Content/FPWeapon/Materials/MaterialLayers/T_ML_FineRubber.ubulk" 1775
"E:/UE Projects/SixMinutesAtChonkers/Content/FPWeapon/Materials/MaterialLayers/T_ML_FineRubber.uasset" 1776
"E:/UE Projects/SixMinutesAtChonkers/Content/FPWeapon/Materials/MaterialLayers/T_ML_FineRubber.uexp" 1777
"E:/UE Projects/SixMinutesAtChonkers/Content/Characters/Mannequin_UE4/Meshes/SK_Mannequin_Skeleton.uasset" 1778
"E:/UE Projects/SixMinutesAtChonkers/Content/Characters/Mannequin_UE4/Meshes/SK_Mannequin_Skeleton.uexp" 1779
"E:/UE Projects/SixMinutesAtChonkers/Content/Characters/Mannequin_UE4/Animations/Jog_Fwd.uasset" 1780
"E:/UE Projects/SixMinutesAtChonkers/Content/Characters/Mannequin_UE4/Animations/Jog_Fwd.uexp" 1781
"E:/UE Projects/SixMinutesAtChonkers/Content/Characters/Mannequins/Rigs/Poses/Quinn/Quinn_foot_l_anim.uasset" 1782
"E:/UE Projects/SixMinutesAtChonkers/Content/Characters/Mannequins/Rigs/Poses/Quinn/Quinn_foot_l_anim.uexp" 1783
"E:/UE Projects/SixMinutesAtChonkers/Content/Characters/Mannequins/Rigs/Poses/Quinn/Quinn_foot_l_pose.uasset" 1784
"E:/UE Projects/SixMinutesAtChonkers/Content/Characters/Mannequins/Rigs/Poses/Quinn/Quinn_foot_l_pose.uexp" 1785
"E:/UE Projects/SixMinutesAtChonkers/Content/Characters/Mannequins/Rigs/Poses/Quinn/Quinn_clavicle_l_anim.uasset" 1786
"E:/UE Projects/SixMinutesAtChonkers/Content/Characters/Mannequins/Rigs/Poses/Quinn/Quinn_clavicle_l_anim.uexp" 1787
"E:/UE Projects/SixMinutesAtChonkers/Content/Characters/Mannequins/Rigs/Poses/Quinn/Quinn_clavicle_l_pose.uasset" 1788
"E:/UE Projects/SixMinutesAtChonkers/Content/Characters/Mannequins/Rigs/Poses/Quinn/Quinn_clavicle_l_pose.uexp" 1789
"E:/UE Projects/SixMinutesAtChonkers/Content/Characters/Mannequins/Rigs/Poses/Quinn/Quinn_clavicle_r_anim.uasset" 1790
"E:/UE Projects/SixMinutesAtChonkers/Content/Characters/Mannequins/Rigs/Poses/Quinn/Quinn_clavicle_r_anim.uexp" 1791
"E:/UE Projects/SixMinutesAtChonkers/Content/Characters/Mannequins/Rigs/Poses/Quinn/Quinn_clavicle_r_pose.uasset" 1792
"E:/UE Projects/SixMinutesAtChonkers/Content/Characters/Mannequins/Rigs/Poses/Quinn/Quinn_clavicle_r_pose.uexp" 1793
"E:/UE Projects/SixMinutesAtChonkers/Content/Characters/Mannequins/Rigs/Poses/Quinn/Quinn_upperarm_l_anim.uasset" 1794
"E:/UE Projects/SixMinutesAtChonkers/Content/Characters/Mannequins/Rigs/Poses/Quinn/Quinn_upperarm_l_anim.uexp" 1795
"E:/UE Projects/SixMinutesAtChonkers/Content/Characters/Mannequins/Rigs/Poses/Quinn/Quinn_upperarm_l_pose.uasset" 1796
"E:/UE Projects/SixMinutesAtChonkers/Content/Characters/Mannequins/Rigs/Poses/Quinn/Quinn_upperarm_l_pose.uexp" 1797
"E:/UE Projects/SixMinutesAtChonkers/Content/Characters/Mannequins/Rigs/Poses/Quinn/Quinn_lowerarm_l_anim.uasset" 1798
"E:/UE Projects/SixMinutesAtChonkers/Content/Characters/Mannequins/Rigs/Poses/Quinn/Quinn_lowerarm_l_anim.uexp" 1799
"E:/UE Projects/SixMinutesAtChonkers/Content/Characters/Mannequins/Rigs/Poses/Quinn/Quinn_lowerarm_l_pose.uasset" 1800
"E:/UE Projects/SixMinutesAtChonkers/Content/Characters/Mannequins/Rigs/Poses/Quinn/Quinn_lowerarm_l_pose.uexp" 1801
"E:/UE Projects/SixMinutesAtChonkers/Content/Characters/Mannequins/Rigs/Poses/Quinn/Quinn_calf_l_anim.uasset" 1802
"E:/UE Projects/SixMinutesAtChonkers/Content/Characters/Mannequins/Rigs/Poses/Quinn/Quinn_calf_l_anim.uexp" 1803
"E:/UE Projects/SixMinutesAtChonkers/Content/Characters/Mannequins/Rigs/Poses/Quinn/Quinn_calf_l_pose.uasset" 1804
"E:/UE Projects/SixMinutesAtChonkers/Content/Characters/Mannequins/Rigs/Poses/Quinn/Quinn_calf_l_pose.uexp" 1805
"E:/UE Projects/SixMinutesAtChonkers/Content/Characters/Mannequins/Rigs/CR_Mannequin_Procedural.uasset" 1806
"E:/UE Projects/SixMinutesAtChonkers/Content/Characters/Mannequins/Rigs/CR_Mannequin_Procedural.uexp" 1807
"E:/UE Projects/SixMinutesAtChonkers/Content/Characters/Mannequins/Rigs/Poses/Quinn/Quinn_upperarm_r_anim.uasset" 1808
"E:/UE Projects/SixMinutesAtChonkers/Content/Characters/Mannequins/Rigs/Poses/Quinn/Quinn_upperarm_r_anim.uexp" 1809
"E:/UE Projects/SixMinutesAtChonkers/Content/Characters/Mannequins/Rigs/Poses/Quinn/Quinn_upperarm_r_pose.uasset" 1810
"E:/UE Projects/SixMinutesAtChonkers/Content/Characters/Mannequins/Rigs/Poses/Quinn/Quinn_upperarm_r_pose.uexp" 1811
"E:/UE Projects/SixMinutesAtChonkers/Content/Characters/Mannequins/Rigs/Poses/Quinn/Quinn_calf_r_anim.uasset" 1812
"E:/UE Projects/SixMinutesAtChonkers/Content/Characters/Mannequins/Rigs/Poses/Quinn/Quinn_calf_r_anim.uexp" 1813
"E:/UE Projects/SixMinutesAtChonkers/Content/Characters/Mannequins/Rigs/Poses/Quinn/Quinn_calf_r_pose.uasset" 1814
"E:/UE Projects/SixMinutesAtChonkers/Content/Characters/Mannequins/Rigs/Poses/Quinn/Quinn_calf_r_pose.uexp" 1815
"E:/UE Projects/SixMinutesAtChonkers/Content/Characters/Mannequins/Rigs/Poses/Quinn/Quinn_foot_r_anim.uasset" 1816
"E:/UE Projects/SixMinutesAtChonkers/Content/Characters/Mannequins/Rigs/Poses/Quinn/Quinn_foot_r_anim.uexp" 1817
"E:/UE Projects/SixMinutesAtChonkers/Content/Characters/Mannequins/Rigs/Poses/Quinn/Quinn_foot_r_pose.uasset" 1818
"E:/UE Projects/SixMinutesAtChonkers/Content/Characters/Mannequins/Rigs/Poses/Quinn/Quinn_foot_r_pose.uexp" 1819
"E:/UE Projects/SixMinutesAtChonkers/Content/Characters/Mannequins/Rigs/Poses/Quinn/Quinn_lowerarm_r_anim.uasset" 1820
"E:/UE Projects/SixMinutesAtChonkers/Content/Characters/Mannequins/Rigs/Poses/Quinn/Quinn_lowerarm_r_anim.uexp" 1821
"E:/UE Projects/SixMinutesAtChonkers/Content/Characters/Mannequins/Rigs/Poses/Quinn/Quinn_lowerarm_r_pose.uasset" 1822
"E:/UE Projects/SixMinutesAtChonkers/Content/Characters/Mannequins/Rigs/Poses/Quinn/Quinn_lowerarm_r_pose.uexp" 1823
"E:/UE Projects/SixMinutesAtChonkers/Content/Characters/Mannequins/Rigs/Poses/Quinn/Quinn_thigh_l_anim.uasset" 1824
"E:/UE Projects/SixMinutesAtChonkers/Content/Characters/Mannequins/Rigs/Poses/Quinn/Quinn_thigh_l_anim.uexp" 1825
"E:/UE Projects/SixMinutesAtChonkers/Content/Characters/Mannequins/Rigs/Poses/Quinn/Quinn_thigh_l_pose.uasset" 1826
"E:/UE Projects/SixMinutesAtChonkers/Content/Characters/Mannequins/Rigs/Poses/Quinn/Quinn_thigh_l_pose.uexp" 1827
"E:/UE Projects/SixMinutesAtChonkers/Content/Characters/Mannequins/Rigs/Poses/Quinn/Quinn_thigh_r_anim.uasset" 1828
"E:/UE Projects/SixMinutesAtChonkers/Content/Characters/Mannequins/Rigs/Poses/Quinn/Quinn_thigh_r_anim.uexp" 1829
"E:/UE Projects/SixMinutesAtChonkers/Content/Characters/Mannequins/Rigs/Poses/Quinn/Quinn_thigh_r_pose.uasset" 1830
"E:/UE Projects/SixMinutesAtChonkers/Content/Characters/Mannequins/Rigs/Poses/Quinn/Quinn_thigh_r_pose.uexp" 1831
"E:/UE Projects/SixMinutesAtChonkers/Content/Characters/Mannequins/Rigs/Poses/Quinn/Quinn_hand_l_anim.uasset" 1832
"E:/UE Projects/SixMinutesAtChonkers/Content/Characters/Mannequins/Rigs/Poses/Quinn/Quinn_hand_l_anim.uexp" 1833
"E:/UE Projects/SixMinutesAtChonkers/Content/Characters/Mannequins/Rigs/Poses/Quinn/Quinn_hand_l_pose.uasset" 1834
"E:/UE Projects/SixMinutesAtChonkers/Content/Characters/Mannequins/Rigs/Poses/Quinn/Quinn_hand_l_pose.uexp" 1835
"E:/UE Projects/SixMinutesAtChonkers/Content/Characters/Mannequins/Rigs/Poses/Quinn/Quinn_hand_r_anim.uasset" 1836
"E:/UE Projects/SixMinutesAtChonkers/Content/Characters/Mannequins/Rigs/Poses/Quinn/Quinn_hand_r_anim.uexp" 1837
"E:/UE Projects/SixMinutesAtChonkers/Content/Characters/Mannequins/Rigs/Poses/Quinn/Quinn_hand_r_pose.uasset" 1838
"E:/UE Projects/SixMinutesAtChonkers/Content/Characters/Mannequins/Rigs/Poses/Quinn/Quinn_hand_r_pose.uexp" 1839
"E:/UE Projects/SixMinutesAtChonkers/Content/Characters/Mannequins/Rigs/ABP_Quinn_PostProcess.uasset" 1840
"E:/UE Projects/SixMinutesAtChonkers/Content/Characters/Mannequins/Rigs/ABP_Quinn_PostProcess.uexp" 1841
"E:/UE Projects/SixMinutesAtChonkers/Content/Characters/Mannequins/Meshes/SKM_Quinn.uasset" 1842
"E:/UE Projects/SixMinutesAtChonkers/Content/Characters/Mannequins/Meshes/SKM_Quinn.uexp" 1843
"E:/UE Projects/SixMinutesAtChonkers/Content/Characters/Mannequins/Meshes/Mannequin_LODSettings.uasset" 1844
"E:/UE Projects/SixMinutesAtChonkers/Content/Characters/Mannequins/Meshes/Mannequin_LODSettings.uexp" 1845
"E:/UE Projects/SixMinutesAtChonkers/Content/Audiora_FreeMusic/wav/Themes/Rivers_of_Gold.ubulk" 1846
"E:/UE Projects/SixMinutesAtChonkers/Content/Audiora_FreeMusic/wav/Themes/Rivers_of_Gold.uasset" 1847
"E:/UE Projects/SixMinutesAtChonkers/Content/Audiora_FreeMusic/wav/Themes/Rivers_of_Gold.uexp" 1848
"E:/UE Projects/SixMinutesAtChonkers/Content/Audiora_FreeMusic/cues/Themes/Rivers_of_Gold_Cue.uasset" 1849
"E:/UE Projects/SixMinutesAtChonkers/Content/Audiora_FreeMusic/cues/Themes/Rivers_of_Gold_Cue.uexp" 1850
"E:/UE Projects/SixMinutesAtChonkers/Content/Audiora_FreeMusic/wav/Themes/Last_Sound_in_the_Dust.ubulk" 1851
"E:/UE Projects/SixMinutesAtChonkers/Content/Audiora_FreeMusic/wav/Themes/Last_Sound_in_the_Dust.uasset" 1852
"E:/UE Projects/SixMinutesAtChonkers/Content/Audiora_FreeMusic/wav/Themes/Last_Sound_in_the_Dust.uexp" 1853
"E:/UE Projects/SixMinutesAtChonkers/Content/Audiora_FreeMusic/cues/Themes/Last_Sound_in_the_Dust_Cue.uasset" 1854
"E:/UE Projects/SixMinutesAtChonkers/Content/Audiora_FreeMusic/cues/Themes/Last_Sound_in_the_Dust_Cue.uexp" 1855
"E:/UE Projects/SixMinutesAtChonkers/Content/Audiora_FreeMusic/wav/Themes/Hand_Bells.ubulk" 1856
"E:/UE Projects/SixMinutesAtChonkers/Content/Audiora_FreeMusic/wav/Themes/Hand_Bells.uasset" 1857
"E:/UE Projects/SixMinutesAtChonkers/Content/Audiora_FreeMusic/wav/Themes/Hand_Bells.uexp" 1858
"E:/UE Projects/SixMinutesAtChonkers/Content/Audiora_FreeMusic/cues/Themes/Hand_Bells_Cue.uasset" 1859
"E:/UE Projects/SixMinutesAtChonkers/Content/Audiora_FreeMusic/cues/Themes/Hand_Bells_Cue.uexp" 1860
"E:/UE Projects/SixMinutesAtChonkers/Content/Audiora_FreeMusic/wav/Themes/Enchantment_of_Strings.ubulk" 1861
"E:/UE Projects/SixMinutesAtChonkers/Content/Audiora_FreeMusic/wav/Themes/Enchantment_of_Strings.uasset" 1862
"E:/UE Projects/SixMinutesAtChonkers/Content/Audiora_FreeMusic/wav/Themes/Enchantment_of_Strings.uexp" 1863
"E:/UE Projects/SixMinutesAtChonkers/Content/Audiora_FreeMusic/cues/Themes/Enchantment_of_Strings_Cue.uasset" 1864
"E:/UE Projects/SixMinutesAtChonkers/Content/Audiora_FreeMusic/cues/Themes/Enchantment_of_Strings_Cue.uexp" 1865
"E:/UE Projects/SixMinutesAtChonkers/Content/Audiora_FreeMusic/wav/Themes/Ancient_Chimes.ubulk" 1866
"E:/UE Projects/SixMinutesAtChonkers/Content/Audiora_FreeMusic/wav/Themes/Ancient_Chimes.uasset" 1867
"E:/UE Projects/SixMinutesAtChonkers/Content/Audiora_FreeMusic/wav/Themes/Ancient_Chimes.uexp" 1868
"E:/UE Projects/SixMinutesAtChonkers/Content/Audiora_FreeMusic/cues/Themes/Ancient_Chimes_Cue.uasset" 1869
"E:/UE Projects/SixMinutesAtChonkers/Content/Audiora_FreeMusic/cues/Themes/Ancient_Chimes_Cue.uexp" 1870
"E:/UE Projects/SixMinutesAtChonkers/Content/Characters/Mannequins/Animations/Manny/MM_T_Pose.uasset" 1871
"E:/UE Projects/SixMinutesAtChonkers/Content/Characters/Mannequins/Animations/Manny/MM_T_Pose.uexp" 1872
"E:/UE Projects/SixMinutesAtChonkers/Content/Characters/Mannequins/Rigs/Poses/Manny/Manny_foot_l_anim.uasset" 1873
"E:/UE Projects/SixMinutesAtChonkers/Content/Characters/Mannequins/Rigs/Poses/Manny/Manny_foot_l_anim.uexp" 1874
"E:/UE Projects/SixMinutesAtChonkers/Content/Characters/Mannequins/Rigs/Poses/Manny/Manny_foot_l_pose.uasset" 1875
"E:/UE Projects/SixMinutesAtChonkers/Content/Characters/Mannequins/Rigs/Poses/Manny/Manny_foot_l_pose.uexp" 1876
"E:/UE Projects/SixMinutesAtChonkers/Content/Characters/Mannequins/Rigs/Poses/Manny/Manny_thigh_r_anim.uasset" 1877
"E:/UE Projects/SixMinutesAtChonkers/Content/Characters/Mannequins/Rigs/Poses/Manny/Manny_thigh_r_anim.uexp" 1878
"E:/UE Projects/SixMinutesAtChonkers/Content/Characters/Mannequins/Rigs/Poses/Manny/Manny_thigh_r_pose.uasset" 1879
"E:/UE Projects/SixMinutesAtChonkers/Content/Characters/Mannequins/Rigs/Poses/Manny/Manny_thigh_r_pose.uexp" 1880
"E:/UE Projects/SixMinutesAtChonkers/Content/Characters/Mannequins/Rigs/Poses/Manny/Manny_hand_r_anim.uasset" 1881
"E:/UE Projects/SixMinutesAtChonkers/Content/Characters/Mannequins/Rigs/Poses/Manny/Manny_hand_r_anim.uexp" 1882
"E:/UE Projects/SixMinutesAtChonkers/Content/Characters/Mannequins/Rigs/Poses/Manny/Manny_hand_r_pose.uasset" 1883
"E:/UE Projects/SixMinutesAtChonkers/Content/Characters/Mannequins/Rigs/Poses/Manny/Manny_hand_r_pose.uexp" 1884
"E:/UE Projects/SixMinutesAtChonkers/Content/Characters/Mannequins/Rigs/Poses/Manny/Manny_clavicle_l_anim.uasset" 1885
"E:/UE Projects/SixMinutesAtChonkers/Content/Characters/Mannequins/Rigs/Poses/Manny/Manny_clavicle_l_anim.uexp" 1886
"E:/UE Projects/SixMinutesAtChonkers/Content/Characters/Mannequins/Rigs/Poses/Manny/Manny_clavicle_l_pose.uasset" 1887
"E:/UE Projects/SixMinutesAtChonkers/Content/Characters/Mannequins/Rigs/Poses/Manny/Manny_clavicle_l_pose.uexp" 1888
"E:/UE Projects/SixMinutesAtChonkers/Content/Characters/Mannequins/Rigs/Poses/Manny/Manny_calf_l_anim.uasset" 1889
"E:/UE Projects/SixMinutesAtChonkers/Content/Characters/Mannequins/Rigs/Poses/Manny/Manny_calf_l_anim.uexp" 1890
"E:/UE Projects/SixMinutesAtChonkers/Content/Characters/Mannequins/Rigs/Poses/Manny/Manny_calf_l_pose.uasset" 1891
"E:/UE Projects/SixMinutesAtChonkers/Content/Characters/Mannequins/Rigs/Poses/Manny/Manny_calf_l_pose.uexp" 1892
"E:/UE Projects/SixMinutesAtChonkers/Content/Characters/Mannequins/Rigs/Poses/Manny/Manny_hand_l_anim.uasset" 1893
"E:/UE Projects/SixMinutesAtChonkers/Content/Characters/Mannequins/Rigs/Poses/Manny/Manny_hand_l_anim.uexp" 1894
"E:/UE Projects/SixMinutesAtChonkers/Content/Characters/Mannequins/Rigs/Poses/Manny/Manny_hand_l_pose.uasset" 1895
"E:/UE Projects/SixMinutesAtChonkers/Content/Characters/Mannequins/Rigs/Poses/Manny/Manny_hand_l_pose.uexp" 1896
"E:/UE Projects/SixMinutesAtChonkers/Content/Characters/Mannequins/Rigs/Poses/Manny/Manny_upperarm_r_anim.uasset" 1897
"E:/UE Projects/SixMinutesAtChonkers/Content/Characters/Mannequins/Rigs/Poses/Manny/Manny_upperarm_r_anim.uexp" 1898
"E:/UE Projects/SixMinutesAtChonkers/Content/Characters/Mannequins/Rigs/Poses/Manny/Manny_upperarm_r_pose.uasset" 1899
"E:/UE Projects/SixMinutesAtChonkers/Content/Characters/Mannequins/Rigs/Poses/Manny/Manny_upperarm_r_pose.uexp" 1900
"E:/UE Projects/SixMinutesAtChonkers/Content/Characters/Mannequins/Rigs/Poses/Manny/Manny_lowerarm_r_anim.uasset" 1901
"E:/UE Projects/SixMinutesAtChonkers/Content/Characters/Mannequins/Rigs/Poses/Manny/Manny_lowerarm_r_anim.uexp" 1902
"E:/UE Projects/SixMinutesAtChonkers/Content/Characters/Mannequins/Rigs/Poses/Manny/Manny_lowerarm_r_pose.uasset" 1903
"E:/UE Projects/SixMinutesAtChonkers/Content/Characters/Mannequins/Rigs/Poses/Manny/Manny_lowerarm_r_pose.uexp" 1904
"E:/UE Projects/SixMinutesAtChonkers/Content/Characters/Mannequins/Rigs/Poses/Manny/Manny_calf_r_anim.uasset" 1905
"E:/UE Projects/SixMinutesAtChonkers/Content/Characters/Mannequins/Rigs/Poses/Manny/Manny_calf_r_anim.uexp" 1906
"E:/UE Projects/SixMinutesAtChonkers/Content/Characters/Mannequins/Rigs/Poses/Manny/Manny_calf_r_pose.uasset" 1907
"E:/UE Projects/SixMinutesAtChonkers/Content/Characters/Mannequins/Rigs/Poses/Manny/Manny_calf_r_pose.uexp" 1908
"E:/UE Projects/SixMinutesAtChonkers/Content/Characters/Mannequins/Rigs/Poses/Manny/Manny_foot_r_anim.uasset" 1909
"E:/UE Projects/SixMinutesAtChonkers/Content/Characters/Mannequins/Rigs/Poses/Manny/Manny_foot_r_anim.uexp" 1910
"E:/UE Projects/SixMinutesAtChonkers/Content/Characters/Mannequins/Rigs/Poses/Manny/Manny_foot_r_pose.uasset" 1911
"E:/UE Projects/SixMinutesAtChonkers/Content/Characters/Mannequins/Rigs/Poses/Manny/Manny_foot_r_pose.uexp" 1912
"E:/UE Projects/SixMinutesAtChonkers/Content/Characters/Mannequins/Rigs/Poses/Manny/Manny_lowerarm_l_anim.uasset" 1913
"E:/UE Projects/SixMinutesAtChonkers/Content/Characters/Mannequins/Rigs/Poses/Manny/Manny_lowerarm_l_anim.uexp" 1914
"E:/UE Projects/SixMinutesAtChonkers/Content/Characters/Mannequins/Rigs/Poses/Manny/Manny_lowerarm_l_pose.uasset" 1915
"E:/UE Projects/SixMinutesAtChonkers/Content/Characters/Mannequins/Rigs/Poses/Manny/Manny_lowerarm_l_pose.uexp" 1916
"E:/UE Projects/SixMinutesAtChonkers/Content/Characters/Mannequins/Rigs/Poses/Manny/Manny_clavicle_r_anim.uasset" 1917
"E:/UE Projects/SixMinutesAtChonkers/Content/Characters/Mannequins/Rigs/Poses/Manny/Manny_clavicle_r_anim.uexp" 1918
"E:/UE Projects/SixMinutesAtChonkers/Content/Characters/Mannequins/Rigs/Poses/Manny/Manny_clavicle_r_pose.uasset" 1919
"E:/UE Projects/SixMinutesAtChonkers/Content/Characters/Mannequins/Rigs/Poses/Manny/Manny_clavicle_r_pose.uexp" 1920
"E:/UE Projects/SixMinutesAtChonkers/Content/Characters/Mannequins/Rigs/Poses/Manny/Manny_thigh_l_anim.uasset" 1921
"E:/UE Projects/SixMinutesAtChonkers/Content/Characters/Mannequins/Rigs/Poses/Manny/Manny_thigh_l_anim.uexp" 1922
"E:/UE Projects/SixMinutesAtChonkers/Content/Characters/Mannequins/Rigs/Poses/Manny/Manny_thigh_l_pose.uasset" 1923
"E:/UE Projects/SixMinutesAtChonkers/Content/Characters/Mannequins/Rigs/Poses/Manny/Manny_thigh_l_pose.uexp" 1924
"E:/UE Projects/SixMinutesAtChonkers/Content/Characters/Mannequins/Rigs/Poses/Manny/Manny_upperarm_l_anim.uasset" 1925
"E:/UE Projects/SixMinutesAtChonkers/Content/Characters/Mannequins/Rigs/Poses/Manny/Manny_upperarm_l_anim.uexp" 1926
"E:/UE Projects/SixMinutesAtChonkers/Content/Characters/Mannequins/Rigs/Poses/Manny/Manny_upperarm_l_pose.uasset" 1927
"E:/UE Projects/SixMinutesAtChonkers/Content/Characters/Mannequins/Rigs/Poses/Manny/Manny_upperarm_l_pose.uexp" 1928
"E:/UE Projects/SixMinutesAtChonkers/Content/Characters/Mannequins/Rigs/ABP_Manny_PostProcess.uasset" 1929
"E:/UE Projects/SixMinutesAtChonkers/Content/Characters/Mannequins/Rigs/ABP_Manny_PostProcess.uexp" 1930
"E:/UE Projects/SixMinutesAtChonkers/Content/Characters/Mannequins/Textures/Manny/T_Manny_02_MSR_MSK.ubulk" 1931
"E:/UE Projects/SixMinutesAtChonkers/Content/Characters/Mannequins/Textures/Manny/T_Manny_02_MSR_MSK.uasset" 1932
"E:/UE Projects/SixMinutesAtChonkers/Content/Characters/Mannequins/Textures/Manny/T_Manny_02_MSR_MSK.uexp" 1933
"E:/UE Projects/SixMinutesAtChonkers/Content/Characters/Mannequins/Textures/Manny/T_Manny_02_CCRCCPlastic_MSK.ubulk" 1934
"E:/UE Projects/SixMinutesAtChonkers/Content/Characters/Mannequins/Textures/Manny/T_Manny_02_CCRCCPlastic_MSK.uasset" 1935
"E:/UE Projects/SixMinutesAtChonkers/Content/Characters/Mannequins/Textures/Manny/T_Manny_02_CCRCCPlastic_MSK.uexp" 1936
"E:/UE Projects/SixMinutesAtChonkers/Content/Characters/Mannequins/Textures/Manny/T_Manny_02_Tan.ubulk" 1937
"E:/UE Projects/SixMinutesAtChonkers/Content/Characters/Mannequins/Textures/Manny/T_Manny_02_Tan.uasset" 1938
"E:/UE Projects/SixMinutesAtChonkers/Content/Characters/Mannequins/Textures/Manny/T_Manny_02_Tan.uexp" 1939
"E:/UE Projects/SixMinutesAtChonkers/Content/Characters/Mannequins/Textures/Manny/T_Manny_02_N.ubulk" 1940
"E:/UE Projects/SixMinutesAtChonkers/Content/Characters/Mannequins/Textures/Manny/T_Manny_02_N.uasset" 1941
"E:/UE Projects/SixMinutesAtChonkers/Content/Characters/Mannequins/Textures/Manny/T_Manny_02_N.uexp" 1942
"E:/UE Projects/SixMinutesAtChonkers/Content/Characters/Mannequins/Materials/Instances/Manny/MI_Manny_01.uasset" 1943
"E:/UE Projects/SixMinutesAtChonkers/Content/Characters/Mannequins/Materials/Instances/Manny/MI_Manny_01.uexp" 1944
"E:/UE Projects/SixMinutesAtChonkers/Content/Characters/Mannequins/Textures/Manny/T_Manny_02_BN.ubulk" 1945
"E:/UE Projects/SixMinutesAtChonkers/Content/Characters/Mannequins/Textures/Manny/T_Manny_02_BN.uasset" 1946
"E:/UE Projects/SixMinutesAtChonkers/Content/Characters/Mannequins/Textures/Manny/T_Manny_02_BN.uexp" 1947
"E:/UE Projects/SixMinutesAtChonkers/Content/Characters/Mannequins/Textures/Manny/T_Manny_02_ASAOPMASK_MSK.ubulk" 1948
"E:/UE Projects/SixMinutesAtChonkers/Content/Characters/Mannequins/Textures/Manny/T_Manny_02_ASAOPMASK_MSK.uasset" 1949
"E:/UE Projects/SixMinutesAtChonkers/Content/Characters/Mannequins/Textures/Manny/T_Manny_02_ASAOPMASK_MSK.uexp" 1950
"E:/UE Projects/SixMinutesAtChonkers/Content/Characters/Mannequins/Textures/Manny/T_Manny_02_D.ubulk" 1951
"E:/UE Projects/SixMinutesAtChonkers/Content/Characters/Mannequins/Textures/Manny/T_Manny_02_D.uasset" 1952
"E:/UE Projects/SixMinutesAtChonkers/Content/Characters/Mannequins/Textures/Manny/T_Manny_02_D.uexp" 1953
"E:/UE Projects/SixMinutesAtChonkers/Content/Characters/Mannequins/Materials/Instances/Manny/MI_Manny_02.uasset" 1954
"E:/UE Projects/SixMinutesAtChonkers/Content/Characters/Mannequins/Materials/Instances/Manny/MI_Manny_02.uexp" 1955
"E:/UE Projects/SixMinutesAtChonkers/Content/Characters/Mannequins/Meshes/SKM_Manny.uasset" 1956
"E:/UE Projects/SixMinutesAtChonkers/Content/Characters/Mannequins/Meshes/SKM_Manny.uexp" 1957
"E:/UE Projects/SixMinutesAtChonkers/Content/Characters/Mannequins/Meshes/SKM_Manny_Simple.uasset" 1958
"E:/UE Projects/SixMinutesAtChonkers/Content/Characters/Mannequins/Meshes/SKM_Manny_Simple.uexp" 1959
"E:/UE Projects/SixMinutesAtChonkers/Content/Characters/Mannequins/Rigs/RTG_Mannequin.uasset" 1960
"E:/UE Projects/SixMinutesAtChonkers/Content/Characters/Mannequins/Rigs/RTG_Mannequin.uexp" 1961
"E:/UE Projects/SixMinutesAtChonkers/Content/Characters/Mannequins/Rigs/IK_Mannequin.uasset" 1962
"E:/UE Projects/SixMinutesAtChonkers/Content/Characters/Mannequins/Rigs/IK_Mannequin.uexp" 1963
"../../../Engine/Plugins/Animation/ControlRig/Content/Controls/DefaultGizmoLibraryNormalized.uasset" 1964
"../../../Engine/Plugins/Animation/ControlRig/Content/Controls/DefaultGizmoLibraryNormalized.uexp" 1965
"E:/UE Projects/SixMinutesAtChonkers/Content/Characters/Mannequins/Rigs/CR_Mannequin_Body.uasset" 1966
"E:/UE Projects/SixMinutesAtChonkers/Content/Characters/Mannequins/Rigs/CR_Mannequin_Body.uexp" 1967
"E:/UE Projects/SixMinutesAtChonkers/Content/Characters/Mannequin_UE4/Textures/T_UELogo_N_TGA.ubulk" 1968
"E:/UE Projects/SixMinutesAtChonkers/Content/Characters/Mannequin_UE4/Textures/T_UELogo_N_TGA.uasset" 1969
"E:/UE Projects/SixMinutesAtChonkers/Content/Characters/Mannequin_UE4/Textures/T_UELogo_N_TGA.uexp" 1970
"E:/UE Projects/SixMinutesAtChonkers/Content/Characters/Mannequin_UE4/Textures/T_UE4_Mannequin__normals.ubulk" 1971
"E:/UE Projects/SixMinutesAtChonkers/Content/Characters/Mannequin_UE4/Textures/T_UE4_Mannequin__normals.uasset" 1972
"E:/UE Projects/SixMinutesAtChonkers/Content/Characters/Mannequin_UE4/Textures/T_UE4_Mannequin__normals.uexp" 1973
"E:/UE Projects/SixMinutesAtChonkers/Content/Characters/Mannequin_UE4/Materials/Layers/ML_ShinyPlastic_Beige.uasset" 1974
"E:/UE Projects/SixMinutesAtChonkers/Content/Characters/Mannequin_UE4/Materials/Layers/ML_ShinyPlastic_Beige.uexp" 1975
"E:/UE Projects/SixMinutesAtChonkers/Content/Characters/Mannequin_UE4/Textures/T_UELogo_Mask.ubulk" 1976
"E:/UE Projects/SixMinutesAtChonkers/Content/Characters/Mannequin_UE4/Textures/T_UELogo_Mask.uasset" 1977
"E:/UE Projects/SixMinutesAtChonkers/Content/Characters/Mannequin_UE4/Textures/T_UELogo_Mask.uexp" 1978
"E:/UE Projects/SixMinutesAtChonkers/Content/Characters/Mannequin_UE4/Materials/Layers/ML_ShinyPlastic_Beige_Logo.uasset" 1979
"E:/UE Projects/SixMinutesAtChonkers/Content/Characters/Mannequin_UE4/Materials/Layers/ML_ShinyPlastic_Beige_Logo.uexp" 1980
"E:/UE Projects/SixMinutesAtChonkers/Content/Characters/Mannequin_UE4/Textures/T_UE4_Mannequin_MAT_MASKA.ubulk" 1981
"E:/UE Projects/SixMinutesAtChonkers/Content/Characters/Mannequin_UE4/Textures/T_UE4_Mannequin_MAT_MASKA.uasset" 1982
"E:/UE Projects/SixMinutesAtChonkers/Content/Characters/Mannequin_UE4/Textures/T_UE4_Mannequin_MAT_MASKA.uexp" 1983
"E:/UE Projects/SixMinutesAtChonkers/Content/Characters/Mannequin_UE4/Textures/T_ML_Aluminum01_N.ubulk" 1984
"E:/UE Projects/SixMinutesAtChonkers/Content/Characters/Mannequin_UE4/Textures/T_ML_Aluminum01_N.uasset" 1985
"E:/UE Projects/SixMinutesAtChonkers/Content/Characters/Mannequin_UE4/Textures/T_ML_Aluminum01_N.uexp" 1986
"E:/UE Projects/SixMinutesAtChonkers/Content/Characters/Mannequin_UE4/Textures/T_ML_Aluminum01.ubulk" 1987
"E:/UE Projects/SixMinutesAtChonkers/Content/Characters/Mannequin_UE4/Textures/T_ML_Aluminum01.uasset" 1988
"E:/UE Projects/SixMinutesAtChonkers/Content/Characters/Mannequin_UE4/Textures/T_ML_Aluminum01.uexp" 1989
"E:/UE Projects/SixMinutesAtChonkers/Content/Characters/Mannequin_UE4/Materials/Layers/ML_SoftMetal.uasset" 1990
"E:/UE Projects/SixMinutesAtChonkers/Content/Characters/Mannequin_UE4/Materials/Layers/ML_SoftMetal.uexp" 1991
"E:/UE Projects/SixMinutesAtChonkers/Content/Characters/Mannequin_UE4/Textures/T_ML_Rubber_Blue_01_N.ubulk" 1992
"E:/UE Projects/SixMinutesAtChonkers/Content/Characters/Mannequin_UE4/Textures/T_ML_Rubber_Blue_01_N.uasset" 1993
"E:/UE Projects/SixMinutesAtChonkers/Content/Characters/Mannequin_UE4/Textures/T_ML_Rubber_Blue_01_N.uexp" 1994
"E:/UE Projects/SixMinutesAtChonkers/Content/Characters/Mannequin_UE4/Textures/T_ML_Rubber_Blue_01_D.ubulk" 1995
"E:/UE Projects/SixMinutesAtChonkers/Content/Characters/Mannequin_UE4/Textures/T_ML_Rubber_Blue_01_D.uasset" 1996
"E:/UE Projects/SixMinutesAtChonkers/Content/Characters/Mannequin_UE4/Textures/T_ML_Rubber_Blue_01_D.uexp" 1997
"E:/UE Projects/SixMinutesAtChonkers/Content/Characters/Mannequin_UE4/Materials/Layers/ML_Latex_Black.uasset" 1998
"E:/UE Projects/SixMinutesAtChonkers/Content/Characters/Mannequin_UE4/Materials/Layers/ML_Latex_Black.uexp" 1999
"E:/UE Projects/SixMinutesAtChonkers/Content/Characters/Mannequin_UE4/Materials/M_MannequinUE4_Body.uasset" 2000
"E:/UE Projects/SixMinutesAtChonkers/Content/Characters/Mannequin_UE4/Materials/M_MannequinUE4_Body.uexp" 2001
"E:/UE Projects/SixMinutesAtChonkers/Content/Characters/Mannequin_UE4/Materials/M_MannequinUE4_ChestLogo.uasset" 2002
"E:/UE Projects/SixMinutesAtChonkers/Content/Characters/Mannequin_UE4/Materials/M_MannequinUE4_ChestLogo.uexp" 2003
"E:/UE Projects/SixMinutesAtChonkers/Content/Characters/Mannequin_UE4/Meshes/SK_Mannequin_PhysicsAsset.uasset" 2004
"E:/UE Projects/SixMinutesAtChonkers/Content/Characters/Mannequin_UE4/Meshes/SK_Mannequin_PhysicsAsset.uexp" 2005
"E:/UE Projects/SixMinutesAtChonkers/Content/Characters/Mannequin_UE4/Meshes/SK_Mannequin.uasset" 2006
"E:/UE Projects/SixMinutesAtChonkers/Content/Characters/Mannequin_UE4/Meshes/SK_Mannequin.uexp" 2007
"E:/UE Projects/SixMinutesAtChonkers/Content/Characters/Mannequin_UE4/Rigs/RTG_UE5Manny_UE4Manny.uasset" 2008
"E:/UE Projects/SixMinutesAtChonkers/Content/Characters/Mannequin_UE4/Rigs/RTG_UE5Manny_UE4Manny.uexp" 2009
"E:/UE Projects/SixMinutesAtChonkers/Content/Characters/Mannequin_UE4/Rigs/RTG_UE4Manny_UE5Manny.uasset" 2010
"E:/UE Projects/SixMinutesAtChonkers/Content/Characters/Mannequin_UE4/Rigs/RTG_UE4Manny_UE5Manny.uexp" 2011
"E:/UE Projects/SixMinutesAtChonkers/Content/Characters/Mannequin_UE4/Rigs/IK_UE4_Mannequin.uasset" 2012
"E:/UE Projects/SixMinutesAtChonkers/Content/Characters/Mannequin_UE4/Rigs/IK_UE4_Mannequin.uexp" 2013
"../../../Engine/Content/Maps/Entry_BuiltData.uasset" 2014
"../../../Engine/Content/Maps/Entry_BuiltData.uexp" 2015
"../../../Engine/Content/Maps/Entry.uexp" 2016
"../../../Engine/Content/Maps/Entry.umap" 2017
"E:/UE Projects/SixMinutesAtChonkers/Content/StarterContent/Architecture/Wall_500x500.ubulk" 2018
"E:/UE Projects/SixMinutesAtChonkers/Content/StarterContent/Architecture/Wall_500x500.uasset" 2019
"E:/UE Projects/SixMinutesAtChonkers/Content/StarterContent/Architecture/Wall_500x500.uexp" 2020
"../../../Engine/Content/EngineResources/Black_Low.uasset" 2021
"../../../Engine/Content/EngineResources/Black_Low.uexp" 2022
"E:/UE Projects/SixMinutesAtChonkers/Content/Security/Cameras/SecurityCamera_MAT.uasset" 2023
"E:/UE Projects/SixMinutesAtChonkers/Content/Security/Cameras/SecurityCamera_MAT.uexp" 2024
"../../../Engine/Content/BasicShapes/Sphere.ubulk" 2025
"../../../Engine/Content/BasicShapes/Sphere.uasset" 2026
"../../../Engine/Content/BasicShapes/Sphere.uexp" 2027
"E:/UE Projects/SixMinutesAtChonkers/Content/Security/Cameras/SecurityCamera_BP.uasset" 2028
"E:/UE Projects/SixMinutesAtChonkers/Content/Security/Cameras/SecurityCamera_BP.uexp" 2029
"E:/UE Projects/SixMinutesAtChonkers/Content/Security/Cameras/SecurityMonitor_BP.uasset" 2030
"E:/UE Projects/SixMinutesAtChonkers/Content/Security/Cameras/SecurityMonitor_BP.uexp" 2031
"E:/UE Projects/SixMinutesAtChonkers/Content/StarterContent/Architecture/Wall_Door_400x300.ubulk" 2032
"E:/UE Projects/SixMinutesAtChonkers/Content/StarterContent/Architecture/Wall_Door_400x300.uasset" 2033
"E:/UE Projects/SixMinutesAtChonkers/Content/StarterContent/Architecture/Wall_Door_400x300.uexp" 2034
"E:/UE Projects/SixMinutesAtChonkers/Content/StarterContent/Textures/T_Rock_Smooth_Granite_D.ubulk" 2035
"E:/UE Projects/SixMinutesAtChonkers/Content/StarterContent/Textures/T_Rock_Smooth_Granite_D.uasset" 2036
"E:/UE Projects/SixMinutesAtChonkers/Content/StarterContent/Textures/T_Rock_Smooth_Granite_D.uexp" 2037
"E:/UE Projects/SixMinutesAtChonkers/Content/StarterContent/Textures/T_CobbleStone_Smooth_D.ubulk" 2038
"E:/UE Projects/SixMinutesAtChonkers/Content/StarterContent/Textures/T_CobbleStone_Smooth_D.uasset" 2039
"E:/UE Projects/SixMinutesAtChonkers/Content/StarterContent/Textures/T_CobbleStone_Smooth_D.uexp" 2040
"E:/UE Projects/SixMinutesAtChonkers/Content/StarterContent/Textures/T_Gradinet_01.ubulk" 2041
"E:/UE Projects/SixMinutesAtChonkers/Content/StarterContent/Textures/T_Gradinet_01.uasset" 2042
"E:/UE Projects/SixMinutesAtChonkers/Content/StarterContent/Textures/T_Gradinet_01.uexp" 2043
"E:/UE Projects/SixMinutesAtChonkers/Content/StarterContent/Textures/T_MacroVariation.uasset" 2044
"E:/UE Projects/SixMinutesAtChonkers/Content/StarterContent/Textures/T_MacroVariation.uexp" 2045
"E:/UE Projects/SixMinutesAtChonkers/Content/StarterContent/Textures/T_CobbleStone_Smooth_M.ubulk" 2046
"E:/UE Projects/SixMinutesAtChonkers/Content/StarterContent/Textures/T_CobbleStone_Smooth_M.uasset" 2047
"E:/UE Projects/SixMinutesAtChonkers/Content/StarterContent/Textures/T_CobbleStone_Smooth_M.uexp" 2048
"E:/UE Projects/SixMinutesAtChonkers/Content/StarterContent/Textures/T_CobbleStone_Smooth_N.ubulk" 2049
"E:/UE Projects/SixMinutesAtChonkers/Content/StarterContent/Textures/T_CobbleStone_Smooth_N.uasset" 2050
"E:/UE Projects/SixMinutesAtChonkers/Content/StarterContent/Textures/T_CobbleStone_Smooth_N.uexp" 2051
"E:/UE Projects/SixMinutesAtChonkers/Content/StarterContent/Materials/M_CobbleStone_Smooth.uasset" 2052
"E:/UE Projects/SixMinutesAtChonkers/Content/StarterContent/Materials/M_CobbleStone_Smooth.uexp" 2053
"E:/UE Projects/SixMinutesAtChonkers/Content/Rooms/CAM2/Cam02_FGv3V1.uasset" 2054
"E:/UE Projects/SixMinutesAtChonkers/Content/Rooms/CAM2/Cam02_FGv3V1.uexp" 2055
"E:/UE Projects/SixMinutesAtChonkers/Content/Rooms/CAM2/Cam02_FGv3V1_Mat.uasset" 2056
"E:/UE Projects/SixMinutesAtChonkers/Content/Rooms/CAM2/Cam02_FGv3V1_Mat.uexp" 2057
"E:/UE Projects/SixMinutesAtChonkers/Content/Security/TimerWidget.uasset" 2058
"E:/UE Projects/SixMinutesAtChonkers/Content/Security/TimerWidget.uexp" 2059
"E:/UE Projects/SixMinutesAtChonkers/Content/Security/ActionsWidget.uasset" 2060
"E:/UE Projects/SixMinutesAtChonkers/Content/Security/ActionsWidget.uexp" 2061
"E:/UE Projects/SixMinutesAtChonkers/Content/Interface_And_Item_Sounds/WAV/Gong_01.ubulk" 2062
"E:/UE Projects/SixMinutesAtChonkers/Content/Interface_And_Item_Sounds/WAV/Gong_01.uasset" 2063
"E:/UE Projects/SixMinutesAtChonkers/Content/Interface_And_Item_Sounds/WAV/Gong_01.uexp" 2064
"E:/UE Projects/SixMinutesAtChonkers/Content/Interface_And_Item_Sounds/Cues/Gong_01_Cue.uasset" 2065
"E:/UE Projects/SixMinutesAtChonkers/Content/Interface_And_Item_Sounds/Cues/Gong_01_Cue.uexp" 2066
"E:/UE Projects/SixMinutesAtChonkers/Content/Interface_And_Item_Sounds/WAV/Cartoon_Falling_05.ubulk" 2067
"E:/UE Projects/SixMinutesAtChonkers/Content/Interface_And_Item_Sounds/WAV/Cartoon_Falling_05.uasset" 2068
"E:/UE Projects/SixMinutesAtChonkers/Content/Interface_And_Item_Sounds/WAV/Cartoon_Falling_05.uexp" 2069
"E:/UE Projects/SixMinutesAtChonkers/Content/Interface_And_Item_Sounds/Cues/Cartoon_Falling_05_Cue.uasset" 2070
"E:/UE Projects/SixMinutesAtChonkers/Content/Interface_And_Item_Sounds/Cues/Cartoon_Falling_05_Cue.uexp" 2071
"E:/UE Projects/SixMinutesAtChonkers/Content/Rooms/Office/Graphics/OfficeDoor_Door.uasset" 2072
"E:/UE Projects/SixMinutesAtChonkers/Content/Rooms/Office/Graphics/OfficeDoor_Door.uexp" 2073
"E:/UE Projects/SixMinutesAtChonkers/Content/Rooms/Office/Mats/OfficeDoor_Door_Mat.uasset" 2074
"E:/UE Projects/SixMinutesAtChonkers/Content/Rooms/Office/Mats/OfficeDoor_Door_Mat.uexp" 2075
"E:/UE Projects/SixMinutesAtChonkers/Content/Interface_And_Item_Sounds/WAV/Abstract_Pop_05.ubulk" 2076
"E:/UE Projects/SixMinutesAtChonkers/Content/Interface_And_Item_Sounds/WAV/Abstract_Pop_05.uasset" 2077
"E:/UE Projects/SixMinutesAtChonkers/Content/Interface_And_Item_Sounds/WAV/Abstract_Pop_05.uexp" 2078
"E:/UE Projects/SixMinutesAtChonkers/Content/Interface_And_Item_Sounds/Cues/Abstract_Pop_05_Cue.uasset" 2079
"E:/UE Projects/SixMinutesAtChonkers/Content/Interface_And_Item_Sounds/Cues/Abstract_Pop_05_Cue.uexp" 2080
"E:/UE Projects/SixMinutesAtChonkers/Content/Security/BP_Door.uasset" 2081
"E:/UE Projects/SixMinutesAtChonkers/Content/Security/BP_Door.uexp" 2082
"E:/UE Projects/SixMinutesAtChonkers/Content/Security/WinWidget.uasset" 2083
"E:/UE Projects/SixMinutesAtChonkers/Content/Security/WinWidget.uexp" 2084
"E:/UE Projects/SixMinutesAtChonkers/Content/Security/LoseWidget.uasset" 2085
"E:/UE Projects/SixMinutesAtChonkers/Content/Security/LoseWidget.uexp" 2086
"E:/UE Projects/SixMinutesAtChonkers/Content/Security/BP_ThirdPersonGuard.uasset" 2087
"E:/UE Projects/SixMinutesAtChonkers/Content/Security/BP_ThirdPersonGuard.uexp" 2088
"E:/UE Projects/SixMinutesAtChonkers/Content/FirstPerson/Blueprints/BP_FirstPersonGameMode.uasset" 2089
"E:/UE Projects/SixMinutesAtChonkers/Content/FirstPerson/Blueprints/BP_FirstPersonGameMode.uexp" 2090
"E:/UE Projects/SixMinutesAtChonkers/Content/StarterContent/Textures/T_Metal_Rust_N.ubulk" 2091
"E:/UE Projects/SixMinutesAtChonkers/Content/StarterContent/Textures/T_Metal_Rust_N.uasset" 2092
"E:/UE Projects/SixMinutesAtChonkers/Content/StarterContent/Textures/T_Metal_Rust_N.uexp" 2093
"E:/UE Projects/SixMinutesAtChonkers/Content/StarterContent/Textures/T_Metal_Rust_D.ubulk" 2094
"E:/UE Projects/SixMinutesAtChonkers/Content/StarterContent/Textures/T_Metal_Rust_D.uasset" 2095
"E:/UE Projects/SixMinutesAtChonkers/Content/StarterContent/Textures/T_Metal_Rust_D.uexp" 2096
"E:/UE Projects/SixMinutesAtChonkers/Content/StarterContent/Materials/M_Metal_Rust.uasset" 2097
"E:/UE Projects/SixMinutesAtChonkers/Content/StarterContent/Materials/M_Metal_Rust.uexp" 2098
"E:/UE Projects/SixMinutesAtChonkers/Content/Rooms/CAM0/Cam0_BG.uasset" 2099
"E:/UE Projects/SixMinutesAtChonkers/Content/Rooms/CAM0/Cam0_BG.uexp" 2100
"E:/UE Projects/SixMinutesAtChonkers/Content/Rooms/CAM0/Cam0_BG_Mat.uasset" 2101
"E:/UE Projects/SixMinutesAtChonkers/Content/Rooms/CAM0/Cam0_BG_Mat.uexp" 2102
"E:/UE Projects/SixMinutesAtChonkers/Content/Rooms/CAM2/Cam02_FG.uasset" 2103
"E:/UE Projects/SixMinutesAtChonkers/Content/Rooms/CAM2/Cam02_FG.uexp" 2104
"E:/UE Projects/SixMinutesAtChonkers/Content/Rooms/CAM2/Cam02_FG_Mat.uasset" 2105
"E:/UE Projects/SixMinutesAtChonkers/Content/Rooms/CAM2/Cam02_FG_Mat.uexp" 2106
"E:/UE Projects/SixMinutesAtChonkers/Content/Rooms/CAM3/Cam03_BGv2.uasset" 2107
"E:/UE Projects/SixMinutesAtChonkers/Content/Rooms/CAM3/Cam03_BGv2.uexp" 2108
"E:/UE Projects/SixMinutesAtChonkers/Content/Rooms/CAM3/Cam03_BGv2_Mat.uasset" 2109
"E:/UE Projects/SixMinutesAtChonkers/Content/Rooms/CAM3/Cam03_BGv2_Mat.uexp" 2110
"../../../Engine/Content/EngineSky/T_Sky_Stars.ubulk" 2111
"../../../Engine/Content/EngineSky/T_Sky_Stars.uasset" 2112
"../../../Engine/Content/EngineSky/T_Sky_Stars.uexp" 2113
"../../../Engine/Content/EngineSky/T_Sky_Clouds_M.ubulk" 2114
"../../../Engine/Content/EngineSky/T_Sky_Clouds_M.uasset" 2115
"../../../Engine/Content/EngineSky/T_Sky_Clouds_M.uexp" 2116
"../../../Engine/Content/EngineSky/T_Sky_Blue.ubulk" 2117
"../../../Engine/Content/EngineSky/T_Sky_Blue.uasset" 2118
"../../../Engine/Content/EngineSky/T_Sky_Blue.uexp" 2119
"../../../Engine/Content/EngineSky/M_Sky_Panning_Clouds2.uasset" 2120
"../../../Engine/Content/EngineSky/M_Sky_Panning_Clouds2.uexp" 2121
"../../../Engine/Content/EngineSky/SM_SkySphere.ubulk" 2122
"../../../Engine/Content/EngineSky/SM_SkySphere.uasset" 2123
"../../../Engine/Content/EngineSky/SM_SkySphere.uexp" 2124
"E:/UE Projects/SixMinutesAtChonkers/Content/Rooms/CAM1/Cam01_CHONKER.uasset" 2125
"E:/UE Projects/SixMinutesAtChonkers/Content/Rooms/CAM1/Cam01_CHONKER.uexp" 2126
"E:/UE Projects/SixMinutesAtChonkers/Content/Rooms/CAM1/Cam01_CHONKER_Mat.uasset" 2127
"E:/UE Projects/SixMinutesAtChonkers/Content/Rooms/CAM1/Cam01_CHONKER_Mat.uexp" 2128
"E:/UE Projects/SixMinutesAtChonkers/Content/Rooms/CAM3/Cam03_CHONKER.uasset" 2129
"E:/UE Projects/SixMinutesAtChonkers/Content/Rooms/CAM3/Cam03_CHONKER.uexp" 2130
"E:/UE Projects/SixMinutesAtChonkers/Content/Rooms/CAM3/Cam03_CHONKER_Mat.uasset" 2131
"E:/UE Projects/SixMinutesAtChonkers/Content/Rooms/CAM3/Cam03_CHONKER_Mat.uexp" 2132
"../../../Engine/Content/MapTemplates/SM_Template_Map_Floor.ubulk" 2133
"../../../Engine/Content/MapTemplates/SM_Template_Map_Floor.uasset" 2134
"../../../Engine/Content/MapTemplates/SM_Template_Map_Floor.uexp" 2135
"E:/UE Projects/SixMinutesAtChonkers/Content/Rooms/CAM0/Cam0_CHONKER.uasset" 2136
"E:/UE Projects/SixMinutesAtChonkers/Content/Rooms/CAM0/Cam0_CHONKER.uexp" 2137
"E:/UE Projects/SixMinutesAtChonkers/Content/Rooms/CAM0/Cam0_CHONKER_Mat.uasset" 2138
"E:/UE Projects/SixMinutesAtChonkers/Content/Rooms/CAM0/Cam0_CHONKER_Mat.uexp" 2139
"E:/UE Projects/SixMinutesAtChonkers/Content/Audiora_FreeMusic/wav/Themes/Brick_Song.ubulk" 2140
"E:/UE Projects/SixMinutesAtChonkers/Content/Audiora_FreeMusic/wav/Themes/Brick_Song.uasset" 2141
"E:/UE Projects/SixMinutesAtChonkers/Content/Audiora_FreeMusic/wav/Themes/Brick_Song.uexp" 2142
"E:/UE Projects/SixMinutesAtChonkers/Content/Audiora_FreeMusic/cues/Themes/Brick_Song_Cue.uasset" 2143
"E:/UE Projects/SixMinutesAtChonkers/Content/Audiora_FreeMusic/cues/Themes/Brick_Song_Cue.uexp" 2144
"E:/UE Projects/SixMinutesAtChonkers/Content/Rooms/Office/Graphics/OfficeDoorv2.uasset" 2145
"E:/UE Projects/SixMinutesAtChonkers/Content/Rooms/Office/Graphics/OfficeDoorv2.uexp" 2146
"E:/UE Projects/SixMinutesAtChonkers/Content/Rooms/Office/OfficeDoorv2_Mat.uasset" 2147
"E:/UE Projects/SixMinutesAtChonkers/Content/Rooms/Office/OfficeDoorv2_Mat.uexp" 2148
"E:/UE Projects/SixMinutesAtChonkers/Content/Rooms/CAM2/Cam02_FGv2.uasset" 2149
"E:/UE Projects/SixMinutesAtChonkers/Content/Rooms/CAM2/Cam02_FGv2.uexp" 2150
"E:/UE Projects/SixMinutesAtChonkers/Content/Rooms/CAM2/Cam02_FGv2_Mat.uasset" 2151
"E:/UE Projects/SixMinutesAtChonkers/Content/Rooms/CAM2/Cam02_FGv2_Mat.uexp" 2152
"E:/UE Projects/SixMinutesAtChonkers/Content/Rooms/Office/Graphics/OfficeRightv2_REDEYES.uasset" 2153
"E:/UE Projects/SixMinutesAtChonkers/Content/Rooms/Office/Graphics/OfficeRightv2_REDEYES.uexp" 2154
"E:/UE Projects/SixMinutesAtChonkers/Content/Rooms/Office/OfficeRightv2_REDEYES_Mat.uasset" 2155
"E:/UE Projects/SixMinutesAtChonkers/Content/Rooms/Office/OfficeRightv2_REDEYES_Mat.uexp" 2156
"E:/UE Projects/SixMinutesAtChonkers/Content/Light/M_FlickFast.uasset" 2157
"E:/UE Projects/SixMinutesAtChonkers/Content/Light/M_FlickFast.uexp" 2158
"E:/UE Projects/SixMinutesAtChonkers/Content/Light/M_FlickFast_Inst_6.uasset" 2159
"E:/UE Projects/SixMinutesAtChonkers/Content/Light/M_FlickFast_Inst_6.uexp" 2160
"E:/UE Projects/SixMinutesAtChonkers/Content/Light/M_FlickFast_Inst_7.uasset" 2161
"E:/UE Projects/SixMinutesAtChonkers/Content/Light/M_FlickFast_Inst_7.uexp" 2162
"E:/UE Projects/SixMinutesAtChonkers/Content/Light/M_FlickFast_Inst_8.uasset" 2163
"E:/UE Projects/SixMinutesAtChonkers/Content/Light/M_FlickFast_Inst_8.uexp" 2164
"E:/UE Projects/SixMinutesAtChonkers/Content/StarterContent/Architecture/Wall_400x300.ubulk" 2165
"E:/UE Projects/SixMinutesAtChonkers/Content/StarterContent/Architecture/Wall_400x300.uasset" 2166
"E:/UE Projects/SixMinutesAtChonkers/Content/StarterContent/Architecture/Wall_400x300.uexp" 2167
"E:/UE Projects/SixMinutesAtChonkers/Content/Rooms/CAM2/Cam02_BG.uasset" 2168
"E:/UE Projects/SixMinutesAtChonkers/Content/Rooms/CAM2/Cam02_BG.uexp" 2169
"E:/UE Projects/SixMinutesAtChonkers/Content/Rooms/CAM2/Cam02_BG_Mat.uasset" 2170
"E:/UE Projects/SixMinutesAtChonkers/Content/Rooms/CAM2/Cam02_BG_Mat.uexp" 2171
"E:/UE Projects/SixMinutesAtChonkers/Content/Rooms/CAM4/Cam04_CHONKER.uasset" 2172
"E:/UE Projects/SixMinutesAtChonkers/Content/Rooms/CAM4/Cam04_CHONKER.uexp" 2173
"E:/UE Projects/SixMinutesAtChonkers/Content/Rooms/CAM4/Cam04_CHONKER_Mat.uasset" 2174
"E:/UE Projects/SixMinutesAtChonkers/Content/Rooms/CAM4/Cam04_CHONKER_Mat.uexp" 2175
"E:/UE Projects/SixMinutesAtChonkers/Content/Rooms/CAM2/Cam02_FGv4.uasset" 2176
"E:/UE Projects/SixMinutesAtChonkers/Content/Rooms/CAM2/Cam02_FGv4.uexp" 2177
"E:/UE Projects/SixMinutesAtChonkers/Content/Rooms/CAM2/Cam02_FGv4_Mat.uasset" 2178
"E:/UE Projects/SixMinutesAtChonkers/Content/Rooms/CAM2/Cam02_FGv4_Mat.uexp" 2179
"E:/UE Projects/SixMinutesAtChonkers/Content/Rooms/CAM4/Cam04_BG.uasset" 2180
"E:/UE Projects/SixMinutesAtChonkers/Content/Rooms/CAM4/Cam04_BG.uexp" 2181
"E:/UE Projects/SixMinutesAtChonkers/Content/Rooms/CAM4/Cam04_BG_Mat.uasset" 2182
"E:/UE Projects/SixMinutesAtChonkers/Content/Rooms/CAM4/Cam04_BG_Mat.uexp" 2183
"E:/UE Projects/SixMinutesAtChonkers/Content/Rooms/CAM3/Cam03_BG.uasset" 2184
"E:/UE Projects/SixMinutesAtChonkers/Content/Rooms/CAM3/Cam03_BG.uexp" 2185
"E:/UE Projects/SixMinutesAtChonkers/Content/Rooms/CAM3/Cam03_BG_Mat.uasset" 2186
"E:/UE Projects/SixMinutesAtChonkers/Content/Rooms/CAM3/Cam03_BG_Mat.uexp" 2187
"../../../Engine/Content/MapTemplates/Sky/M_BlackBackground.uasset" 2188
"../../../Engine/Content/MapTemplates/Sky/M_BlackBackground.uexp" 2189
"E:/UE Projects/SixMinutesAtChonkers/Content/Rooms/CAM0/Cam0_FG.uasset" 2190
"E:/UE Projects/SixMinutesAtChonkers/Content/Rooms/CAM0/Cam0_FG.uexp" 2191
"E:/UE Projects/SixMinutesAtChonkers/Content/Rooms/CAM0/Cam0_FG_Mat.uasset" 2192
"E:/UE Projects/SixMinutesAtChonkers/Content/Rooms/CAM0/Cam0_FG_Mat.uexp" 2193
"E:/UE Projects/SixMinutesAtChonkers/Content/Rooms/CAM2/Cam02_CHONKER.uasset" 2194
"E:/UE Projects/SixMinutesAtChonkers/Content/Rooms/CAM2/Cam02_CHONKER.uexp" 2195
"E:/UE Projects/SixMinutesAtChonkers/Content/Rooms/CAM2/Cam02_CHONKER_Mat.uasset" 2196
"E:/UE Projects/SixMinutesAtChonkers/Content/Rooms/CAM2/Cam02_CHONKER_Mat.uexp" 2197
"E:/UE Projects/SixMinutesAtChonkers/Content/Rooms/CAM2/Cam02_FGv3V2.uasset" 2198
"E:/UE Projects/SixMinutesAtChonkers/Content/Rooms/CAM2/Cam02_FGv3V2.uexp" 2199
"E:/UE Projects/SixMinutesAtChonkers/Content/Rooms/CAM2/Cam02_FGv3V2_Mat.uasset" 2200
"E:/UE Projects/SixMinutesAtChonkers/Content/Rooms/CAM2/Cam02_FGv3V2_Mat.uexp" 2201
"E:/UE Projects/SixMinutesAtChonkers/Content/Rooms/Office/Graphics/OfficeRightv2_CHONKER.uasset" 2202
"E:/UE Projects/SixMinutesAtChonkers/Content/Rooms/Office/Graphics/OfficeRightv2_CHONKER.uexp" 2203
"E:/UE Projects/SixMinutesAtChonkers/Content/Rooms/Office/OfficeRightv2_CHONKER_Mat.uasset" 2204
"E:/UE Projects/SixMinutesAtChonkers/Content/Rooms/Office/OfficeRightv2_CHONKER_Mat.uexp" 2205
"../../../Engine/Content/EngineSky/M_SimpleSkyDome.uasset" 2206
"../../../Engine/Content/EngineSky/M_SimpleSkyDome.uexp" 2207
"E:/UE Projects/SixMinutesAtChonkers/Content/Rooms/Office/Graphics/OfficeRightv2.uasset" 2208
"E:/UE Projects/SixMinutesAtChonkers/Content/Rooms/Office/Graphics/OfficeRightv2.uexp" 2209
"E:/UE Projects/SixMinutesAtChonkers/Content/Rooms/Office/OfficeRightv2_Mat.uasset" 2210
"E:/UE Projects/SixMinutesAtChonkers/Content/Rooms/Office/OfficeRightv2_Mat.uexp" 2211
"E:/UE Projects/SixMinutesAtChonkers/Content/Rooms/CAM3/Cam03_FG.uasset" 2212
"E:/UE Projects/SixMinutesAtChonkers/Content/Rooms/CAM3/Cam03_FG.uexp" 2213
"E:/UE Projects/SixMinutesAtChonkers/Content/Rooms/CAM3/Cam03_FG_Mat.uasset" 2214
"E:/UE Projects/SixMinutesAtChonkers/Content/Rooms/CAM3/Cam03_FG_Mat.uexp" 2215
"E:/UE Projects/SixMinutesAtChonkers/Content/Rooms/CAM4/Cam04_FG.uasset" 2216
"E:/UE Projects/SixMinutesAtChonkers/Content/Rooms/CAM4/Cam04_FG.uexp" 2217
"E:/UE Projects/SixMinutesAtChonkers/Content/Rooms/CAM4/Cam04_FG_Mat.uasset" 2218
"E:/UE Projects/SixMinutesAtChonkers/Content/Rooms/CAM4/Cam04_FG_Mat.uexp" 2219
"E:/UE Projects/SixMinutesAtChonkers/Content/Security/L_Security_Office.uexp" 2220
"E:/UE Projects/SixMinutesAtChonkers/Content/Security/L_Security_Office.umap" 2221
"../../../Engine/Content/Maps/Templates/HLODs/HLODLayer_Instanced.uasset" 2222
"../../../Engine/Content/Maps/Templates/HLODs/HLODLayer_Instanced.uexp" 2223
"E:/UE Projects/SixMinutesAtChonkers/Content/ThirdPerson/Blueprints/BP_ThirdPersonGameMode.uasset" 2224
"E:/UE Projects/SixMinutesAtChonkers/Content/ThirdPerson/Blueprints/BP_ThirdPersonGameMode.uexp" 2225
"E:/UE Projects/SixMinutesAtChonkers/Content/ThirdPerson/Maps/ThirdPersonMap.uexp" 2226
"E:/UE Projects/SixMinutesAtChonkers/Content/ThirdPerson/Maps/ThirdPersonMap.umap" 2227
"E:/UE Projects/SixMinutesAtChonkers/Content/StarterContent/Textures/T_Frame_M.ubulk" 2228
"E:/UE Projects/SixMinutesAtChonkers/Content/StarterContent/Textures/T_Frame_M.uasset" 2229
"E:/UE Projects/SixMinutesAtChonkers/Content/StarterContent/Textures/T_Frame_M.uexp" 2230
"E:/UE Projects/SixMinutesAtChonkers/Content/StarterContent/Textures/T_Frame_N.ubulk" 2231
"E:/UE Projects/SixMinutesAtChonkers/Content/StarterContent/Textures/T_Frame_N.uasset" 2232
"E:/UE Projects/SixMinutesAtChonkers/Content/StarterContent/Textures/T_Frame_N.uexp" 2233
"E:/UE Projects/SixMinutesAtChonkers/Content/StarterContent/Props/Materials/M_Frame.uasset" 2234
"E:/UE Projects/SixMinutesAtChonkers/Content/StarterContent/Props/Materials/M_Frame.uexp" 2235
"E:/UE Projects/SixMinutesAtChonkers/Content/StarterContent/Props/SM_DoorFrame.ubulk" 2236
"E:/UE Projects/SixMinutesAtChonkers/Content/StarterContent/Props/SM_DoorFrame.uasset" 2237
"E:/UE Projects/SixMinutesAtChonkers/Content/StarterContent/Props/SM_DoorFrame.uexp" 2238
"E:/UE Projects/SixMinutesAtChonkers/Content/StarterContent/Materials/M_Metal_Brushed_Nickel.uasset" 2239
"E:/UE Projects/SixMinutesAtChonkers/Content/StarterContent/Materials/M_Metal_Brushed_Nickel.uexp" 2240
"E:/UE Projects/SixMinutesAtChonkers/Content/StarterContent/Textures/T_Lamp_N.ubulk" 2241
"E:/UE Projects/SixMinutesAtChonkers/Content/StarterContent/Textures/T_Lamp_N.uasset" 2242
"E:/UE Projects/SixMinutesAtChonkers/Content/StarterContent/Textures/T_Lamp_N.uexp" 2243
"E:/UE Projects/SixMinutesAtChonkers/Content/StarterContent/Textures/T_Lamp_M.ubulk" 2244
"E:/UE Projects/SixMinutesAtChonkers/Content/StarterContent/Textures/T_Lamp_M.uasset" 2245
"E:/UE Projects/SixMinutesAtChonkers/Content/StarterContent/Textures/T_Lamp_M.uexp" 2246
"E:/UE Projects/SixMinutesAtChonkers/Content/StarterContent/Props/Materials/M_Lamp.uasset" 2247
"E:/UE Projects/SixMinutesAtChonkers/Content/StarterContent/Props/Materials/M_Lamp.uexp" 2248
"E:/UE Projects/SixMinutesAtChonkers/Content/StarterContent/Props/SM_Lamp_Ceiling.ubulk" 2249
"E:/UE Projects/SixMinutesAtChonkers/Content/StarterContent/Props/SM_Lamp_Ceiling.uasset" 2250
"E:/UE Projects/SixMinutesAtChonkers/Content/StarterContent/Props/SM_Lamp_Ceiling.uexp" 2251
"E:/UE Projects/SixMinutesAtChonkers/Content/StarterContent/Blueprints/Blueprint_CeilingLight.uasset" 2252
"E:/UE Projects/SixMinutesAtChonkers/Content/StarterContent/Blueprints/Blueprint_CeilingLight.uexp" 2253
"../../../Engine/Content/Functions/Engine_MaterialFunctions03/Procedurals/ComputeFilterWidth.uasset" 2254
"../../../Engine/Content/Functions/Engine_MaterialFunctions03/Procedurals/ComputeFilterWidth.uexp" 2255
"../../../Engine/Content/EngineMaterials/AntiAliasedTextMaterialTranslucent.uasset" 2256
"../../../Engine/Content/EngineMaterials/AntiAliasedTextMaterialTranslucent.uexp" 2257
"E:/UE Projects/SixMinutesAtChonkers/Content/StarterContent/Textures/T_Wood_Pine_D.ubulk" 2258
"E:/UE Projects/SixMinutesAtChonkers/Content/StarterContent/Textures/T_Wood_Pine_D.uasset" 2259
"E:/UE Projects/SixMinutesAtChonkers/Content/StarterContent/Textures/T_Wood_Pine_D.uexp" 2260
"E:/UE Projects/SixMinutesAtChonkers/Content/StarterContent/Textures/T_Wood_Pine_N.ubulk" 2261
"E:/UE Projects/SixMinutesAtChonkers/Content/StarterContent/Textures/T_Wood_Pine_N.uasset" 2262
"E:/UE Projects/SixMinutesAtChonkers/Content/StarterContent/Textures/T_Wood_Pine_N.uexp" 2263
"E:/UE Projects/SixMinutesAtChonkers/Content/StarterContent/Textures/T_Perlin_Noise_M.ubulk" 2264
"E:/UE Projects/SixMinutesAtChonkers/Content/StarterContent/Textures/T_Perlin_Noise_M.uasset" 2265
"E:/UE Projects/SixMinutesAtChonkers/Content/StarterContent/Textures/T_Perlin_Noise_M.uexp" 2266
"E:/UE Projects/SixMinutesAtChonkers/Content/StarterContent/Materials/M_Wood_Pine.uasset" 2267
"E:/UE Projects/SixMinutesAtChonkers/Content/StarterContent/Materials/M_Wood_Pine.uexp" 2268
"E:/UE Projects/SixMinutesAtChonkers/Content/StarterContent/Textures/T_Rock_Basalt_N.ubulk" 2269
"E:/UE Projects/SixMinutesAtChonkers/Content/StarterContent/Textures/T_Rock_Basalt_N.uasset" 2270
"E:/UE Projects/SixMinutesAtChonkers/Content/StarterContent/Textures/T_Rock_Basalt_N.uexp" 2271
"E:/UE Projects/SixMinutesAtChonkers/Content/StarterContent/Materials/M_Rock_Basalt.uasset" 2272
"E:/UE Projects/SixMinutesAtChonkers/Content/StarterContent/Materials/M_Rock_Basalt.uexp" 2273
"E:/UE Projects/SixMinutesAtChonkers/Content/StarterContent/Shapes/Shape_Cube.ubulk" 2274
"E:/UE Projects/SixMinutesAtChonkers/Content/StarterContent/Shapes/Shape_Cube.uasset" 2275
"E:/UE Projects/SixMinutesAtChonkers/Content/StarterContent/Shapes/Shape_Cube.uexp" 2276
"E:/UE Projects/SixMinutesAtChonkers/Content/StarterContent/Textures/T_Concrete_Tiles_Variation_M.ubulk" 2277
"E:/UE Projects/SixMinutesAtChonkers/Content/StarterContent/Textures/T_Concrete_Tiles_Variation_M.uasset" 2278
"E:/UE Projects/SixMinutesAtChonkers/Content/StarterContent/Textures/T_Concrete_Tiles_Variation_M.uexp" 2279
"E:/UE Projects/SixMinutesAtChonkers/Content/StarterContent/Textures/T_Concrete_Tiles_D.ubulk" 2280
"E:/UE Projects/SixMinutesAtChonkers/Content/StarterContent/Textures/T_Concrete_Tiles_D.uasset" 2281
"E:/UE Projects/SixMinutesAtChonkers/Content/StarterContent/Textures/T_Concrete_Tiles_D.uexp" 2282
"E:/UE Projects/SixMinutesAtChonkers/Content/StarterContent/Textures/T_Concrete_Tiles_M.ubulk" 2283
"E:/UE Projects/SixMinutesAtChonkers/Content/StarterContent/Textures/T_Concrete_Tiles_M.uasset" 2284
"E:/UE Projects/SixMinutesAtChonkers/Content/StarterContent/Textures/T_Concrete_Tiles_M.uexp" 2285
"E:/UE Projects/SixMinutesAtChonkers/Content/StarterContent/Textures/T_Concrete_Tiles_N.ubulk" 2286
"E:/UE Projects/SixMinutesAtChonkers/Content/StarterContent/Textures/T_Concrete_Tiles_N.uasset" 2287
"E:/UE Projects/SixMinutesAtChonkers/Content/StarterContent/Textures/T_Concrete_Tiles_N.uexp" 2288
"E:/UE Projects/SixMinutesAtChonkers/Content/StarterContent/Materials/M_Concrete_Tiles.uasset" 2289
"E:/UE Projects/SixMinutesAtChonkers/Content/StarterContent/Materials/M_Concrete_Tiles.uexp" 2290
"E:/UE Projects/SixMinutesAtChonkers/Content/StarterContent/Props/MaterialSphere.ubulk" 2291
"E:/UE Projects/SixMinutesAtChonkers/Content/StarterContent/Props/MaterialSphere.uasset" 2292
"E:/UE Projects/SixMinutesAtChonkers/Content/StarterContent/Props/MaterialSphere.uexp" 2293
"E:/UE Projects/SixMinutesAtChonkers/Content/StarterContent/Textures/T_Rock_Slate_D.ubulk" 2294
"E:/UE Projects/SixMinutesAtChonkers/Content/StarterContent/Textures/T_Rock_Slate_D.uasset" 2295
"E:/UE Projects/SixMinutesAtChonkers/Content/StarterContent/Textures/T_Rock_Slate_D.uexp" 2296
"E:/UE Projects/SixMinutesAtChonkers/Content/StarterContent/Textures/T_Rock_Slate_N.ubulk" 2297
"E:/UE Projects/SixMinutesAtChonkers/Content/StarterContent/Textures/T_Rock_Slate_N.uasset" 2298
"E:/UE Projects/SixMinutesAtChonkers/Content/StarterContent/Textures/T_Rock_Slate_N.uexp" 2299
"E:/UE Projects/SixMinutesAtChonkers/Content/StarterContent/Materials/M_Rock_Slate.uasset" 2300
"E:/UE Projects/SixMinutesAtChonkers/Content/StarterContent/Materials/M_Rock_Slate.uexp" 2301
"E:/UE Projects/SixMinutesAtChonkers/Content/StarterContent/Textures/T_Concrete_Poured_D.ubulk" 2302
"E:/UE Projects/SixMinutesAtChonkers/Content/StarterContent/Textures/T_Concrete_Poured_D.uasset" 2303
"E:/UE Projects/SixMinutesAtChonkers/Content/StarterContent/Textures/T_Concrete_Poured_D.uexp" 2304
"E:/UE Projects/SixMinutesAtChonkers/Content/StarterContent/Textures/T_Concrete_Poured_N.ubulk" 2305
"E:/UE Projects/SixMinutesAtChonkers/Content/StarterContent/Textures/T_Concrete_Poured_N.uasset" 2306
"E:/UE Projects/SixMinutesAtChonkers/Content/StarterContent/Textures/T_Concrete_Poured_N.uexp" 2307
"E:/UE Projects/SixMinutesAtChonkers/Content/StarterContent/Materials/M_Concrete_Poured.uasset" 2308
"E:/UE Projects/SixMinutesAtChonkers/Content/StarterContent/Materials/M_Concrete_Poured.uexp" 2309
"E:/UE Projects/SixMinutesAtChonkers/Content/StarterContent/Textures/T_Brick_Clay_Beveled_M.ubulk" 2310
"E:/UE Projects/SixMinutesAtChonkers/Content/StarterContent/Textures/T_Brick_Clay_Beveled_M.uasset" 2311
"E:/UE Projects/SixMinutesAtChonkers/Content/StarterContent/Textures/T_Brick_Clay_Beveled_M.uexp" 2312
"E:/UE Projects/SixMinutesAtChonkers/Content/StarterContent/Textures/T_Brick_Clay_Beveled_N.ubulk" 2313
"E:/UE Projects/SixMinutesAtChonkers/Content/StarterContent/Textures/T_Brick_Clay_Beveled_N.uasset" 2314
"E:/UE Projects/SixMinutesAtChonkers/Content/StarterContent/Textures/T_Brick_Clay_Beveled_N.uexp" 2315
"E:/UE Projects/SixMinutesAtChonkers/Content/StarterContent/Textures/T_Brick_Clay_Beveled_D.ubulk" 2316
"E:/UE Projects/SixMinutesAtChonkers/Content/StarterContent/Textures/T_Brick_Clay_Beveled_D.uasset" 2317
"E:/UE Projects/SixMinutesAtChonkers/Content/StarterContent/Textures/T_Brick_Clay_Beveled_D.uexp" 2318
"E:/UE Projects/SixMinutesAtChonkers/Content/StarterContent/Materials/M_Brick_Clay_Beveled.uasset" 2319
"E:/UE Projects/SixMinutesAtChonkers/Content/StarterContent/Materials/M_Brick_Clay_Beveled.uexp" 2320
"E:/UE Projects/SixMinutesAtChonkers/Content/StarterContent/Textures/T_Tech_Hex_Tile_M.ubulk" 2321
"E:/UE Projects/SixMinutesAtChonkers/Content/StarterContent/Textures/T_Tech_Hex_Tile_M.uasset" 2322
"E:/UE Projects/SixMinutesAtChonkers/Content/StarterContent/Textures/T_Tech_Hex_Tile_M.uexp" 2323
"E:/UE Projects/SixMinutesAtChonkers/Content/StarterContent/Textures/T_Tech_Hex_Tile_N.ubulk" 2324
"E:/UE Projects/SixMinutesAtChonkers/Content/StarterContent/Textures/T_Tech_Hex_Tile_N.uasset" 2325
"E:/UE Projects/SixMinutesAtChonkers/Content/StarterContent/Textures/T_Tech_Hex_Tile_N.uexp" 2326
"E:/UE Projects/SixMinutesAtChonkers/Content/StarterContent/Materials/M_Tech_Hex_Tile.uasset" 2327
"E:/UE Projects/SixMinutesAtChonkers/Content/StarterContent/Materials/M_Tech_Hex_Tile.uexp" 2328
"../../../Engine/Content/Functions/Engine_MaterialFunctions01/Opacity/AlphaOffset.uasset" 2329
"../../../Engine/Content/Functions/Engine_MaterialFunctions01/Opacity/AlphaOffset.uexp" 2330
"E:/UE Projects/SixMinutesAtChonkers/Content/StarterContent/Textures/T_Wood_Floor_Walnut_M.ubulk" 2331
"E:/UE Projects/SixMinutesAtChonkers/Content/StarterContent/Textures/T_Wood_Floor_Walnut_M.uasset" 2332
"E:/UE Projects/SixMinutesAtChonkers/Content/StarterContent/Textures/T_Wood_Floor_Walnut_M.uexp" 2333
"E:/UE Projects/SixMinutesAtChonkers/Content/StarterContent/Textures/T_Wood_Floor_Walnut_D.ubulk" 2334
"E:/UE Projects/SixMinutesAtChonkers/Content/StarterContent/Textures/T_Wood_Floor_Walnut_D.uasset" 2335
"E:/UE Projects/SixMinutesAtChonkers/Content/StarterContent/Textures/T_Wood_Floor_Walnut_D.uexp" 2336
"E:/UE Projects/SixMinutesAtChonkers/Content/StarterContent/Textures/T_Wood_Floor_Walnut_N.ubulk" 2337
"E:/UE Projects/SixMinutesAtChonkers/Content/StarterContent/Textures/T_Wood_Floor_Walnut_N.uasset" 2338
"E:/UE Projects/SixMinutesAtChonkers/Content/StarterContent/Textures/T_Wood_Floor_Walnut_N.uexp" 2339
"E:/UE Projects/SixMinutesAtChonkers/Content/StarterContent/Materials/M_Wood_Floor_Walnut_Worn.uasset" 2340
"E:/UE Projects/SixMinutesAtChonkers/Content/StarterContent/Materials/M_Wood_Floor_Walnut_Worn.uexp" 2341
"E:/UE Projects/SixMinutesAtChonkers/Content/StarterContent/Textures/T_Ground_Gravel_N.ubulk" 2342
"E:/UE Projects/SixMinutesAtChonkers/Content/StarterContent/Textures/T_Ground_Gravel_N.uasset" 2343
"E:/UE Projects/SixMinutesAtChonkers/Content/StarterContent/Textures/T_Ground_Gravel_N.uexp" 2344
"E:/UE Projects/SixMinutesAtChonkers/Content/StarterContent/Textures/T_Ground_Gravel_D.ubulk" 2345
"E:/UE Projects/SixMinutesAtChonkers/Content/StarterContent/Textures/T_Ground_Gravel_D.uasset" 2346
"E:/UE Projects/SixMinutesAtChonkers/Content/StarterContent/Textures/T_Ground_Gravel_D.uexp" 2347
"E:/UE Projects/SixMinutesAtChonkers/Content/StarterContent/Materials/M_Ground_Gravel.uasset" 2348
"E:/UE Projects/SixMinutesAtChonkers/Content/StarterContent/Materials/M_Ground_Gravel.uexp" 2349
"E:/UE Projects/SixMinutesAtChonkers/Content/StarterContent/Audio/Steam01_Cue.uasset" 2350
"E:/UE Projects/SixMinutesAtChonkers/Content/StarterContent/Audio/Steam01_Cue.uexp" 2351
"E:/UE Projects/SixMinutesAtChonkers/Content/StarterContent/Particles/P_Steam_Lit.uasset" 2352
"E:/UE Projects/SixMinutesAtChonkers/Content/StarterContent/Particles/P_Steam_Lit.uexp" 2353
"E:/UE Projects/SixMinutesAtChonkers/Content/StarterContent/Blueprints/Blueprint_Effect_Steam.uasset" 2354
"E:/UE Projects/SixMinutesAtChonkers/Content/StarterContent/Blueprints/Blueprint_Effect_Steam.uexp" 2355
"E:/UE Projects/SixMinutesAtChonkers/Content/StarterContent/Audio/Fire_Sparks01_Cue.uasset" 2356
"E:/UE Projects/SixMinutesAtChonkers/Content/StarterContent/Audio/Fire_Sparks01_Cue.uexp" 2357
"E:/UE Projects/SixMinutesAtChonkers/Content/StarterContent/Textures/T_Spark_Core.ubulk" 2358
"E:/UE Projects/SixMinutesAtChonkers/Content/StarterContent/Textures/T_Spark_Core.uasset" 2359
"E:/UE Projects/SixMinutesAtChonkers/Content/StarterContent/Textures/T_Spark_Core.uexp" 2360
"E:/UE Projects/SixMinutesAtChonkers/Content/StarterContent/Particles/Materials/M_Spark.uasset" 2361
"E:/UE Projects/SixMinutesAtChonkers/Content/StarterContent/Particles/Materials/M_Spark.uexp" 2362
"E:/UE Projects/SixMinutesAtChonkers/Content/StarterContent/Particles/Materials/M_Radial_Gradient.uasset" 2363
"E:/UE Projects/SixMinutesAtChonkers/Content/StarterContent/Particles/Materials/M_Radial_Gradient.uexp" 2364
"E:/UE Projects/SixMinutesAtChonkers/Content/StarterContent/Particles/P_Sparks.uasset" 2365
"E:/UE Projects/SixMinutesAtChonkers/Content/StarterContent/Particles/P_Sparks.uexp" 2366
"E:/UE Projects/SixMinutesAtChonkers/Content/StarterContent/Blueprints/Blueprint_Effect_Sparks.uasset" 2367
"E:/UE Projects/SixMinutesAtChonkers/Content/StarterContent/Blueprints/Blueprint_Effect_Sparks.uexp" 2368
"E:/UE Projects/SixMinutesAtChonkers/Content/StarterContent/Textures/T_Water_N.ubulk" 2369
"E:/UE Projects/SixMinutesAtChonkers/Content/StarterContent/Textures/T_Water_N.uasset" 2370
"E:/UE Projects/SixMinutesAtChonkers/Content/StarterContent/Textures/T_Water_N.uexp" 2371
"E:/UE Projects/SixMinutesAtChonkers/Content/StarterContent/Materials/M_Water_Lake.uasset" 2372
"E:/UE Projects/SixMinutesAtChonkers/Content/StarterContent/Materials/M_Water_Lake.uexp" 2373
"E:/UE Projects/SixMinutesAtChonkers/Content/StarterContent/Architecture/Wall_400x200.ubulk" 2374
"E:/UE Projects/SixMinutesAtChonkers/Content/StarterContent/Architecture/Wall_400x200.uasset" 2375
"E:/UE Projects/SixMinutesAtChonkers/Content/StarterContent/Architecture/Wall_400x200.uexp" 2376
"E:/UE Projects/SixMinutesAtChonkers/Content/StarterContent/Textures/T_Checker_Noise_M.ubulk" 2377
"E:/UE Projects/SixMinutesAtChonkers/Content/StarterContent/Textures/T_Checker_Noise_M.uasset" 2378
"E:/UE Projects/SixMinutesAtChonkers/Content/StarterContent/Textures/T_Checker_Noise_M.uexp" 2379
"E:/UE Projects/SixMinutesAtChonkers/Content/StarterContent/Textures/T_Tech_Dot_M.ubulk" 2380
"E:/UE Projects/SixMinutesAtChonkers/Content/StarterContent/Textures/T_Tech_Dot_M.uasset" 2381
"E:/UE Projects/SixMinutesAtChonkers/Content/StarterContent/Textures/T_Tech_Dot_M.uexp" 2382
"E:/UE Projects/SixMinutesAtChonkers/Content/StarterContent/Textures/T_Tech_Dot_N.ubulk" 2383
"E:/UE Projects/SixMinutesAtChonkers/Content/StarterContent/Textures/T_Tech_Dot_N.uasset" 2384
"E:/UE Projects/SixMinutesAtChonkers/Content/StarterContent/Textures/T_Tech_Dot_N.uexp" 2385
"E:/UE Projects/SixMinutesAtChonkers/Content/StarterContent/Textures/T_Single_Tile_N.ubulk" 2386
"E:/UE Projects/SixMinutesAtChonkers/Content/StarterContent/Textures/T_Single_Tile_N.uasset" 2387
"E:/UE Projects/SixMinutesAtChonkers/Content/StarterContent/Textures/T_Single_Tile_N.uexp" 2388
"E:/UE Projects/SixMinutesAtChonkers/Content/StarterContent/Materials/M_Tech_Checker_Dot.uasset" 2389
"E:/UE Projects/SixMinutesAtChonkers/Content/StarterContent/Materials/M_Tech_Checker_Dot.uexp" 2390
"E:/UE Projects/SixMinutesAtChonkers/Content/StarterContent/Architecture/Floor_400x400.ubulk" 2391
"E:/UE Projects/SixMinutesAtChonkers/Content/StarterContent/Architecture/Floor_400x400.uasset" 2392
"E:/UE Projects/SixMinutesAtChonkers/Content/StarterContent/Architecture/Floor_400x400.uexp" 2393
"E:/UE Projects/SixMinutesAtChonkers/Content/StarterContent/Props/SM_GlassWindow.ubulk" 2394
"E:/UE Projects/SixMinutesAtChonkers/Content/StarterContent/Props/SM_GlassWindow.uasset" 2395
"E:/UE Projects/SixMinutesAtChonkers/Content/StarterContent/Props/SM_GlassWindow.uexp" 2396
"E:/UE Projects/SixMinutesAtChonkers/Content/StarterContent/Textures/T_Metal_Gold_N.ubulk" 2397
"E:/UE Projects/SixMinutesAtChonkers/Content/StarterContent/Textures/T_Metal_Gold_N.uasset" 2398
"E:/UE Projects/SixMinutesAtChonkers/Content/StarterContent/Textures/T_Metal_Gold_N.uexp" 2399
"E:/UE Projects/SixMinutesAtChonkers/Content/StarterContent/Textures/T_Rock_Marble_Polished_D.ubulk" 2400
"E:/UE Projects/SixMinutesAtChonkers/Content/StarterContent/Textures/T_Rock_Marble_Polished_D.uasset" 2401
"E:/UE Projects/SixMinutesAtChonkers/Content/StarterContent/Textures/T_Rock_Marble_Polished_D.uexp" 2402
"E:/UE Projects/SixMinutesAtChonkers/Content/StarterContent/Materials/M_Rock_Marble_Polished.uasset" 2403
"E:/UE Projects/SixMinutesAtChonkers/Content/StarterContent/Materials/M_Rock_Marble_Polished.uexp" 2404
"E:/UE Projects/SixMinutesAtChonkers/Content/StarterContent/Textures/T_Concrete_Grime_D.ubulk" 2405
"E:/UE Projects/SixMinutesAtChonkers/Content/StarterContent/Textures/T_Concrete_Grime_D.uasset" 2406
"E:/UE Projects/SixMinutesAtChonkers/Content/StarterContent/Textures/T_Concrete_Grime_D.uexp" 2407
"E:/UE Projects/SixMinutesAtChonkers/Content/StarterContent/Materials/M_Concrete_Grime.uasset" 2408
"E:/UE Projects/SixMinutesAtChonkers/Content/StarterContent/Materials/M_Concrete_Grime.uexp" 2409
"E:/UE Projects/SixMinutesAtChonkers/Content/StarterContent/Textures/T_Ceramic_Tile_M.ubulk" 2410
"E:/UE Projects/SixMinutesAtChonkers/Content/StarterContent/Textures/T_Ceramic_Tile_M.uasset" 2411
"E:/UE Projects/SixMinutesAtChonkers/Content/StarterContent/Textures/T_Ceramic_Tile_M.uexp" 2412
"E:/UE Projects/SixMinutesAtChonkers/Content/StarterContent/Textures/T_Ceramic_Tile_N.ubulk" 2413
"E:/UE Projects/SixMinutesAtChonkers/Content/StarterContent/Textures/T_Ceramic_Tile_N.uasset" 2414
"E:/UE Projects/SixMinutesAtChonkers/Content/StarterContent/Textures/T_Ceramic_Tile_N.uexp" 2415
"E:/UE Projects/SixMinutesAtChonkers/Content/StarterContent/Materials/M_Ceramic_Tile_Checker.uasset" 2416
"E:/UE Projects/SixMinutesAtChonkers/Content/StarterContent/Materials/M_Ceramic_Tile_Checker.uexp" 2417
"E:/UE Projects/SixMinutesAtChonkers/Content/StarterContent/Textures/T_Rock_Sandstone_N.ubulk" 2418
"E:/UE Projects/SixMinutesAtChonkers/Content/StarterContent/Textures/T_Rock_Sandstone_N.uasset" 2419
"E:/UE Projects/SixMinutesAtChonkers/Content/StarterContent/Textures/T_Rock_Sandstone_N.uexp" 2420
"E:/UE Projects/SixMinutesAtChonkers/Content/StarterContent/Textures/T_Rock_Sandstone_D.ubulk" 2421
"E:/UE Projects/SixMinutesAtChonkers/Content/StarterContent/Textures/T_Rock_Sandstone_D.uasset" 2422
"E:/UE Projects/SixMinutesAtChonkers/Content/StarterContent/Textures/T_Rock_Sandstone_D.uexp" 2423
"E:/UE Projects/SixMinutesAtChonkers/Content/StarterContent/Materials/M_Rock_Sandstone.uasset" 2424
"E:/UE Projects/SixMinutesAtChonkers/Content/StarterContent/Materials/M_Rock_Sandstone.uexp" 2425
"E:/UE Projects/SixMinutesAtChonkers/Content/StarterContent/Textures/T_Wood_Walnut_N.ubulk" 2426
"E:/UE Projects/SixMinutesAtChonkers/Content/StarterContent/Textures/T_Wood_Walnut_N.uasset" 2427
"E:/UE Projects/SixMinutesAtChonkers/Content/StarterContent/Textures/T_Wood_Walnut_N.uexp" 2428
"E:/UE Projects/SixMinutesAtChonkers/Content/StarterContent/Textures/T_Wood_Walnut_D.ubulk" 2429
"E:/UE Projects/SixMinutesAtChonkers/Content/StarterContent/Textures/T_Wood_Walnut_D.uasset" 2430
"E:/UE Projects/SixMinutesAtChonkers/Content/StarterContent/Textures/T_Wood_Walnut_D.uexp" 2431
"E:/UE Projects/SixMinutesAtChonkers/Content/StarterContent/Materials/M_Wood_Walnut.uasset" 2432
"E:/UE Projects/SixMinutesAtChonkers/Content/StarterContent/Materials/M_Wood_Walnut.uexp" 2433
"E:/UE Projects/SixMinutesAtChonkers/Content/StarterContent/Audio/Collapse_Cue.uasset" 2434
"E:/UE Projects/SixMinutesAtChonkers/Content/StarterContent/Audio/Collapse_Cue.uexp" 2435
"E:/UE Projects/SixMinutesAtChonkers/Content/StarterContent/Textures/T_Brick_Cut_Stone_N.ubulk" 2436
"E:/UE Projects/SixMinutesAtChonkers/Content/StarterContent/Textures/T_Brick_Cut_Stone_N.uasset" 2437
"E:/UE Projects/SixMinutesAtChonkers/Content/StarterContent/Textures/T_Brick_Cut_Stone_N.uexp" 2438
"E:/UE Projects/SixMinutesAtChonkers/Content/StarterContent/Textures/T_Brick_Cut_Stone_D.ubulk" 2439
"E:/UE Projects/SixMinutesAtChonkers/Content/StarterContent/Textures/T_Brick_Cut_Stone_D.uasset" 2440
"E:/UE Projects/SixMinutesAtChonkers/Content/StarterContent/Textures/T_Brick_Cut_Stone_D.uexp" 2441
"E:/UE Projects/SixMinutesAtChonkers/Content/StarterContent/Materials/M_Brick_Cut_Stone.uasset" 2442
"E:/UE Projects/SixMinutesAtChonkers/Content/StarterContent/Materials/M_Brick_Cut_Stone.uexp" 2443
"E:/UE Projects/SixMinutesAtChonkers/Content/StarterContent/Textures/T_Dust_Particle_D.ubulk" 2444
"E:/UE Projects/SixMinutesAtChonkers/Content/StarterContent/Textures/T_Dust_Particle_D.uasset" 2445
"E:/UE Projects/SixMinutesAtChonkers/Content/StarterContent/Textures/T_Dust_Particle_D.uexp" 2446
"E:/UE Projects/SixMinutesAtChonkers/Content/StarterContent/Particles/Materials/M_Dust_Particle.uasset" 2447
"E:/UE Projects/SixMinutesAtChonkers/Content/StarterContent/Particles/Materials/M_Dust_Particle.uexp" 2448
"E:/UE Projects/SixMinutesAtChonkers/Content/StarterContent/Particles/P_Ambient_Dust.uasset" 2449
"E:/UE Projects/SixMinutesAtChonkers/Content/StarterContent/Particles/P_Ambient_Dust.uexp" 2450
"E:/UE Projects/SixMinutesAtChonkers/Content/StarterContent/Props/SM_WindowFrame.ubulk" 2451
"E:/UE Projects/SixMinutesAtChonkers/Content/StarterContent/Props/SM_WindowFrame.uasset" 2452
"E:/UE Projects/SixMinutesAtChonkers/Content/StarterContent/Props/SM_WindowFrame.uexp" 2453
"E:/UE Projects/SixMinutesAtChonkers/Content/StarterContent/Textures/T_Metal_Copper_D.ubulk" 2454
"E:/UE Projects/SixMinutesAtChonkers/Content/StarterContent/Textures/T_Metal_Copper_D.uasset" 2455
"E:/UE Projects/SixMinutesAtChonkers/Content/StarterContent/Textures/T_Metal_Copper_D.uexp" 2456
"E:/UE Projects/SixMinutesAtChonkers/Content/StarterContent/Materials/M_Metal_Copper.uasset" 2457
"E:/UE Projects/SixMinutesAtChonkers/Content/StarterContent/Materials/M_Metal_Copper.uexp" 2458
"E:/UE Projects/SixMinutesAtChonkers/Content/StarterContent/Textures/T_Water_M.ubulk" 2459
"E:/UE Projects/SixMinutesAtChonkers/Content/StarterContent/Textures/T_Water_M.uasset" 2460
"E:/UE Projects/SixMinutesAtChonkers/Content/StarterContent/Textures/T_Water_M.uexp" 2461
"E:/UE Projects/SixMinutesAtChonkers/Content/StarterContent/Materials/M_Water_Ocean.uasset" 2462
"E:/UE Projects/SixMinutesAtChonkers/Content/StarterContent/Materials/M_Water_Ocean.uexp" 2463
"E:/UE Projects/SixMinutesAtChonkers/Content/StarterContent/Textures/T_CobbleStone_Pebble_N.ubulk" 2464
"E:/UE Projects/SixMinutesAtChonkers/Content/StarterContent/Textures/T_CobbleStone_Pebble_N.uasset" 2465
"E:/UE Projects/SixMinutesAtChonkers/Content/StarterContent/Textures/T_CobbleStone_Pebble_N.uexp" 2466
"E:/UE Projects/SixMinutesAtChonkers/Content/StarterContent/Textures/T_CobbleStone_Pebble_M.ubulk" 2467
"E:/UE Projects/SixMinutesAtChonkers/Content/StarterContent/Textures/T_CobbleStone_Pebble_M.uasset" 2468
"E:/UE Projects/SixMinutesAtChonkers/Content/StarterContent/Textures/T_CobbleStone_Pebble_M.uexp" 2469
"E:/UE Projects/SixMinutesAtChonkers/Content/StarterContent/Textures/T_CobbleStone_Pebble_D.ubulk" 2470
"E:/UE Projects/SixMinutesAtChonkers/Content/StarterContent/Textures/T_CobbleStone_Pebble_D.uasset" 2471
"E:/UE Projects/SixMinutesAtChonkers/Content/StarterContent/Textures/T_CobbleStone_Pebble_D.uexp" 2472
"E:/UE Projects/SixMinutesAtChonkers/Content/StarterContent/Materials/M_CobbleStone_Pebble.uasset" 2473
"E:/UE Projects/SixMinutesAtChonkers/Content/StarterContent/Materials/M_CobbleStone_Pebble.uexp" 2474
"E:/UE Projects/SixMinutesAtChonkers/Content/StarterContent/Textures/T_Brick_Clay_Old_N.ubulk" 2475
"E:/UE Projects/SixMinutesAtChonkers/Content/StarterContent/Textures/T_Brick_Clay_Old_N.uasset" 2476
"E:/UE Projects/SixMinutesAtChonkers/Content/StarterContent/Textures/T_Brick_Clay_Old_N.uexp" 2477
"E:/UE Projects/SixMinutesAtChonkers/Content/StarterContent/Materials/M_Brick_Clay_Old.uasset" 2478
"E:/UE Projects/SixMinutesAtChonkers/Content/StarterContent/Materials/M_Brick_Clay_Old.uexp" 2479
"E:/UE Projects/SixMinutesAtChonkers/Content/StarterContent/Textures/T_Metal_Steel_D.ubulk" 2480
"E:/UE Projects/SixMinutesAtChonkers/Content/StarterContent/Textures/T_Metal_Steel_D.uasset" 2481
"E:/UE Projects/SixMinutesAtChonkers/Content/StarterContent/Textures/T_Metal_Steel_D.uexp" 2482
"E:/UE Projects/SixMinutesAtChonkers/Content/StarterContent/Textures/T_Metal_Steel_N.ubulk" 2483
"E:/UE Projects/SixMinutesAtChonkers/Content/StarterContent/Textures/T_Metal_Steel_N.uasset" 2484
"E:/UE Projects/SixMinutesAtChonkers/Content/StarterContent/Textures/T_Metal_Steel_N.uexp" 2485
"E:/UE Projects/SixMinutesAtChonkers/Content/StarterContent/Materials/M_Metal_Steel.uasset" 2486
"E:/UE Projects/SixMinutesAtChonkers/Content/StarterContent/Materials/M_Metal_Steel.uexp" 2487
"E:/UE Projects/SixMinutesAtChonkers/Content/StarterContent/Materials/M_Wood_Floor_Walnut_Polished.uasset" 2488
"E:/UE Projects/SixMinutesAtChonkers/Content/StarterContent/Materials/M_Wood_Floor_Walnut_Polished.uexp" 2489
"E:/UE Projects/SixMinutesAtChonkers/Content/StarterContent/Props/SM_Lamp_Wall.ubulk" 2490
"E:/UE Projects/SixMinutesAtChonkers/Content/StarterContent/Props/SM_Lamp_Wall.uasset" 2491
"E:/UE Projects/SixMinutesAtChonkers/Content/StarterContent/Props/SM_Lamp_Wall.uexp" 2492
"E:/UE Projects/SixMinutesAtChonkers/Content/StarterContent/Blueprints/Blueprint_WallSconce.uasset" 2493
"E:/UE Projects/SixMinutesAtChonkers/Content/StarterContent/Blueprints/Blueprint_WallSconce.uexp" 2494
"E:/UE Projects/SixMinutesAtChonkers/Content/StarterContent/Textures/T_Tech_Panel_N.ubulk" 2495
"E:/UE Projects/SixMinutesAtChonkers/Content/StarterContent/Textures/T_Tech_Panel_N.uasset" 2496
"E:/UE Projects/SixMinutesAtChonkers/Content/StarterContent/Textures/T_Tech_Panel_N.uexp" 2497
"E:/UE Projects/SixMinutesAtChonkers/Content/StarterContent/Textures/T_Tech_Panel_M.ubulk" 2498
"E:/UE Projects/SixMinutesAtChonkers/Content/StarterContent/Textures/T_Tech_Panel_M.uasset" 2499
"E:/UE Projects/SixMinutesAtChonkers/Content/StarterContent/Textures/T_Tech_Panel_M.uexp" 2500
"E:/UE Projects/SixMinutesAtChonkers/Content/StarterContent/Materials/M_Tech_Panel.uasset" 2501
"E:/UE Projects/SixMinutesAtChonkers/Content/StarterContent/Materials/M_Tech_Panel.uexp" 2502
"E:/UE Projects/SixMinutesAtChonkers/Content/StarterContent/Materials/M_Tech_Hex_Tile_Pulse.uasset" 2503
"E:/UE Projects/SixMinutesAtChonkers/Content/StarterContent/Materials/M_Tech_Hex_Tile_Pulse.uexp" 2504
"E:/UE Projects/SixMinutesAtChonkers/Content/StarterContent/Props/SM_PillarFrame.ubulk" 2505
"E:/UE Projects/SixMinutesAtChonkers/Content/StarterContent/Props/SM_PillarFrame.uasset" 2506
"E:/UE Projects/SixMinutesAtChonkers/Content/StarterContent/Props/SM_PillarFrame.uexp" 2507
"E:/UE Projects/SixMinutesAtChonkers/Content/StarterContent/Textures/T_TableRound_N.ubulk" 2508
"E:/UE Projects/SixMinutesAtChonkers/Content/StarterContent/Textures/T_TableRound_N.uasset" 2509
"E:/UE Projects/SixMinutesAtChonkers/Content/StarterContent/Textures/T_TableRound_N.uexp" 2510
"E:/UE Projects/SixMinutesAtChonkers/Content/StarterContent/Textures/T_TableRound_M.ubulk" 2511
"E:/UE Projects/SixMinutesAtChonkers/Content/StarterContent/Textures/T_TableRound_M.uasset" 2512
"E:/UE Projects/SixMinutesAtChonkers/Content/StarterContent/Textures/T_TableRound_M.uexp" 2513
"E:/UE Projects/SixMinutesAtChonkers/Content/StarterContent/Props/Materials/M_TableRound.uasset" 2514
"E:/UE Projects/SixMinutesAtChonkers/Content/StarterContent/Props/Materials/M_TableRound.uexp" 2515
"E:/UE Projects/SixMinutesAtChonkers/Content/StarterContent/Props/SM_TableRound.ubulk" 2516
"E:/UE Projects/SixMinutesAtChonkers/Content/StarterContent/Props/SM_TableRound.uasset" 2517
"E:/UE Projects/SixMinutesAtChonkers/Content/StarterContent/Props/SM_TableRound.uexp" 2518
"E:/UE Projects/SixMinutesAtChonkers/Content/StarterContent/Textures/T_Fire_Tiled_D.ubulk" 2519
"E:/UE Projects/SixMinutesAtChonkers/Content/StarterContent/Textures/T_Fire_Tiled_D.uasset" 2520
"E:/UE Projects/SixMinutesAtChonkers/Content/StarterContent/Textures/T_Fire_Tiled_D.uexp" 2521
"E:/UE Projects/SixMinutesAtChonkers/Content/StarterContent/Textures/T_Fire_SubUV.ubulk" 2522
"E:/UE Projects/SixMinutesAtChonkers/Content/StarterContent/Textures/T_Fire_SubUV.uasset" 2523
"E:/UE Projects/SixMinutesAtChonkers/Content/StarterContent/Textures/T_Fire_SubUV.uexp" 2524
"E:/UE Projects/SixMinutesAtChonkers/Content/StarterContent/Particles/Materials/M_Fire_SubUV.uasset" 2525
"E:/UE Projects/SixMinutesAtChonkers/Content/StarterContent/Particles/Materials/M_Fire_SubUV.uexp" 2526
"E:/UE Projects/SixMinutesAtChonkers/Content/StarterContent/Particles/Materials/M_Heat_Distortion.uasset" 2527
"E:/UE Projects/SixMinutesAtChonkers/Content/StarterContent/Particles/Materials/M_Heat_Distortion.uexp" 2528
"E:/UE Projects/SixMinutesAtChonkers/Content/StarterContent/Particles/P_Fire.uasset" 2529
"E:/UE Projects/SixMinutesAtChonkers/Content/StarterContent/Particles/P_Fire.uexp" 2530
"E:/UE Projects/SixMinutesAtChonkers/Content/StarterContent/Audio/Fire01_Cue.uasset" 2531
"E:/UE Projects/SixMinutesAtChonkers/Content/StarterContent/Audio/Fire01_Cue.uexp" 2532
"E:/UE Projects/SixMinutesAtChonkers/Content/StarterContent/Blueprints/Blueprint_Effect_Fire.uasset" 2533
"E:/UE Projects/SixMinutesAtChonkers/Content/StarterContent/Blueprints/Blueprint_Effect_Fire.uexp" 2534
"E:/UE Projects/SixMinutesAtChonkers/Content/StarterContent/Textures/T_Wood_Oak_N.ubulk" 2535
"E:/UE Projects/SixMinutesAtChonkers/Content/StarterContent/Textures/T_Wood_Oak_N.uasset" 2536
"E:/UE Projects/SixMinutesAtChonkers/Content/StarterContent/Textures/T_Wood_Oak_N.uexp" 2537
"E:/UE Projects/SixMinutesAtChonkers/Content/StarterContent/Textures/T_Wood_Oak_D.ubulk" 2538
"E:/UE Projects/SixMinutesAtChonkers/Content/StarterContent/Textures/T_Wood_Oak_D.uasset" 2539
"E:/UE Projects/SixMinutesAtChonkers/Content/StarterContent/Textures/T_Wood_Oak_D.uexp" 2540
"E:/UE Projects/SixMinutesAtChonkers/Content/StarterContent/Materials/M_Wood_Oak.uasset" 2541
"E:/UE Projects/SixMinutesAtChonkers/Content/StarterContent/Materials/M_Wood_Oak.uexp" 2542
"E:/UE Projects/SixMinutesAtChonkers/Content/StarterContent/Architecture/Wall_Window_400x300.ubulk" 2543
"E:/UE Projects/SixMinutesAtChonkers/Content/StarterContent/Architecture/Wall_Window_400x300.uasset" 2544
"E:/UE Projects/SixMinutesAtChonkers/Content/StarterContent/Architecture/Wall_Window_400x300.uexp" 2545
"E:/UE Projects/SixMinutesAtChonkers/Content/StarterContent/Textures/T_Brick_Hewn_Stone_N.ubulk" 2546
"E:/UE Projects/SixMinutesAtChonkers/Content/StarterContent/Textures/T_Brick_Hewn_Stone_N.uasset" 2547
"E:/UE Projects/SixMinutesAtChonkers/Content/StarterContent/Textures/T_Brick_Hewn_Stone_N.uexp" 2548
"E:/UE Projects/SixMinutesAtChonkers/Content/StarterContent/Textures/T_Brick_Hewn_Stone_D.ubulk" 2549
"E:/UE Projects/SixMinutesAtChonkers/Content/StarterContent/Textures/T_Brick_Hewn_Stone_D.uasset" 2550
"E:/UE Projects/SixMinutesAtChonkers/Content/StarterContent/Textures/T_Brick_Hewn_Stone_D.uexp" 2551
"E:/UE Projects/SixMinutesAtChonkers/Content/StarterContent/Textures/T_Brick_Hewn_Stone_M.ubulk" 2552
"E:/UE Projects/SixMinutesAtChonkers/Content/StarterContent/Textures/T_Brick_Hewn_Stone_M.uasset" 2553
"E:/UE Projects/SixMinutesAtChonkers/Content/StarterContent/Textures/T_Brick_Hewn_Stone_M.uexp" 2554
"E:/UE Projects/SixMinutesAtChonkers/Content/StarterContent/Materials/M_Brick_Hewn_Stone.uasset" 2555
"E:/UE Projects/SixMinutesAtChonkers/Content/StarterContent/Materials/M_Brick_Hewn_Stone.uexp" 2556
"E:/UE Projects/SixMinutesAtChonkers/Content/StarterContent/Audio/Smoke01_Cue.uasset" 2557
"E:/UE Projects/SixMinutesAtChonkers/Content/StarterContent/Audio/Smoke01_Cue.uexp" 2558
"E:/UE Projects/SixMinutesAtChonkers/Content/StarterContent/Particles/P_Smoke.uasset" 2559
"E:/UE Projects/SixMinutesAtChonkers/Content/StarterContent/Particles/P_Smoke.uexp" 2560
"E:/UE Projects/SixMinutesAtChonkers/Content/StarterContent/Blueprints/Blueprint_Effect_Smoke.uasset" 2561
"E:/UE Projects/SixMinutesAtChonkers/Content/StarterContent/Blueprints/Blueprint_Effect_Smoke.uexp" 2562
"E:/UE Projects/SixMinutesAtChonkers/Content/StarterContent/Textures/T_CobbleStone_Rough_N.ubulk" 2563
"E:/UE Projects/SixMinutesAtChonkers/Content/StarterContent/Textures/T_CobbleStone_Rough_N.uasset" 2564
"E:/UE Projects/SixMinutesAtChonkers/Content/StarterContent/Textures/T_CobbleStone_Rough_N.uexp" 2565
"E:/UE Projects/SixMinutesAtChonkers/Content/StarterContent/Textures/T_CobbleStone_Rough_D.ubulk" 2566
"E:/UE Projects/SixMinutesAtChonkers/Content/StarterContent/Textures/T_CobbleStone_Rough_D.uasset" 2567
"E:/UE Projects/SixMinutesAtChonkers/Content/StarterContent/Textures/T_CobbleStone_Rough_D.uexp" 2568
"E:/UE Projects/SixMinutesAtChonkers/Content/StarterContent/Materials/M_CobbleStone_Rough.uasset" 2569
"E:/UE Projects/SixMinutesAtChonkers/Content/StarterContent/Materials/M_CobbleStone_Rough.uexp" 2570
"E:/UE Projects/SixMinutesAtChonkers/Content/StarterContent/Textures/T_Statue_M.ubulk" 2571
"E:/UE Projects/SixMinutesAtChonkers/Content/StarterContent/Textures/T_Statue_M.uasset" 2572
"E:/UE Projects/SixMinutesAtChonkers/Content/StarterContent/Textures/T_Statue_M.uexp" 2573
"E:/UE Projects/SixMinutesAtChonkers/Content/StarterContent/Textures/T_Statue_N.ubulk" 2574
"E:/UE Projects/SixMinutesAtChonkers/Content/StarterContent/Textures/T_Statue_N.uasset" 2575
"E:/UE Projects/SixMinutesAtChonkers/Content/StarterContent/Textures/T_Statue_N.uexp" 2576
"E:/UE Projects/SixMinutesAtChonkers/Content/StarterContent/Props/Materials/M_Statue.uasset" 2577
"E:/UE Projects/SixMinutesAtChonkers/Content/StarterContent/Props/Materials/M_Statue.uexp" 2578
"E:/UE Projects/SixMinutesAtChonkers/Content/StarterContent/Props/Materials/M_StatueGlass.uasset" 2579
"E:/UE Projects/SixMinutesAtChonkers/Content/StarterContent/Props/Materials/M_StatueGlass.uexp" 2580
"E:/UE Projects/SixMinutesAtChonkers/Content/StarterContent/Props/SM_Statue.ubulk" 2581
"E:/UE Projects/SixMinutesAtChonkers/Content/StarterContent/Props/SM_Statue.uasset" 2582
"E:/UE Projects/SixMinutesAtChonkers/Content/StarterContent/Props/SM_Statue.uexp" 2583
"E:/UE Projects/SixMinutesAtChonkers/Content/StarterContent/Textures/T_ground_Moss_D.ubulk" 2584
"E:/UE Projects/SixMinutesAtChonkers/Content/StarterContent/Textures/T_ground_Moss_D.uasset" 2585
"E:/UE Projects/SixMinutesAtChonkers/Content/StarterContent/Textures/T_ground_Moss_D.uexp" 2586
"E:/UE Projects/SixMinutesAtChonkers/Content/StarterContent/Textures/T_Ground_Moss_N.ubulk" 2587
"E:/UE Projects/SixMinutesAtChonkers/Content/StarterContent/Textures/T_Ground_Moss_N.uasset" 2588
"E:/UE Projects/SixMinutesAtChonkers/Content/StarterContent/Textures/T_Ground_Moss_N.uexp" 2589
"E:/UE Projects/SixMinutesAtChonkers/Content/StarterContent/Materials/M_Ground_Moss.uasset" 2590
"E:/UE Projects/SixMinutesAtChonkers/Content/StarterContent/Materials/M_Ground_Moss.uexp" 2591
"E:/UE Projects/SixMinutesAtChonkers/Content/StarterContent/Props/SM_PillarFrame300.ubulk" 2592
"E:/UE Projects/SixMinutesAtChonkers/Content/StarterContent/Props/SM_PillarFrame300.uasset" 2593
"E:/UE Projects/SixMinutesAtChonkers/Content/StarterContent/Props/SM_PillarFrame300.uexp" 2594
"E:/UE Projects/SixMinutesAtChonkers/Content/StarterContent/Materials/M_Metal_Chrome.uasset" 2595
"E:/UE Projects/SixMinutesAtChonkers/Content/StarterContent/Materials/M_Metal_Chrome.uexp" 2596
"E:/UE Projects/SixMinutesAtChonkers/Content/StarterContent/Textures/T_Metal_Gold_D.ubulk" 2597
"E:/UE Projects/SixMinutesAtChonkers/Content/StarterContent/Textures/T_Metal_Gold_D.uasset" 2598
"E:/UE Projects/SixMinutesAtChonkers/Content/StarterContent/Textures/T_Metal_Gold_D.uexp" 2599
"E:/UE Projects/SixMinutesAtChonkers/Content/StarterContent/Materials/M_Metal_Gold.uasset" 2600
"E:/UE Projects/SixMinutesAtChonkers/Content/StarterContent/Materials/M_Metal_Gold.uexp" 2601
"E:/UE Projects/SixMinutesAtChonkers/Content/StarterContent/Textures/T_Ground_Grass_D.ubulk" 2602
"E:/UE Projects/SixMinutesAtChonkers/Content/StarterContent/Textures/T_Ground_Grass_D.uasset" 2603
"E:/UE Projects/SixMinutesAtChonkers/Content/StarterContent/Textures/T_Ground_Grass_D.uexp" 2604
"E:/UE Projects/SixMinutesAtChonkers/Content/StarterContent/Textures/T_Ground_Grass_N.ubulk" 2605
"E:/UE Projects/SixMinutesAtChonkers/Content/StarterContent/Textures/T_Ground_Grass_N.uasset" 2606
"E:/UE Projects/SixMinutesAtChonkers/Content/StarterContent/Textures/T_Ground_Grass_N.uexp" 2607
"E:/UE Projects/SixMinutesAtChonkers/Content/StarterContent/Materials/M_Ground_Grass.uasset" 2608
"E:/UE Projects/SixMinutesAtChonkers/Content/StarterContent/Materials/M_Ground_Grass.uexp" 2609
"E:/UE Projects/SixMinutesAtChonkers/Content/StarterContent/Audio/Starter_Background_Cue.uasset" 2610
"E:/UE Projects/SixMinutesAtChonkers/Content/StarterContent/Audio/Starter_Background_Cue.uexp" 2611
"E:/UE Projects/SixMinutesAtChonkers/Content/StarterContent/Maps/StarterMap_BuiltData.ubulk" 2612
"E:/UE Projects/SixMinutesAtChonkers/Content/StarterContent/Maps/StarterMap_BuiltData.uasset" 2613
"E:/UE Projects/SixMinutesAtChonkers/Content/StarterContent/Maps/StarterMap_BuiltData.uexp" 2614
"E:/UE Projects/SixMinutesAtChonkers/Content/StarterContent/Props/SM_CornerFrame.ubulk" 2615
"E:/UE Projects/SixMinutesAtChonkers/Content/StarterContent/Props/SM_CornerFrame.uasset" 2616
"E:/UE Projects/SixMinutesAtChonkers/Content/StarterContent/Props/SM_CornerFrame.uexp" 2617
"E:/UE Projects/SixMinutesAtChonkers/Content/StarterContent/Shapes/Shape_Sphere.ubulk" 2618
"E:/UE Projects/SixMinutesAtChonkers/Content/StarterContent/Shapes/Shape_Sphere.uasset" 2619
"E:/UE Projects/SixMinutesAtChonkers/Content/StarterContent/Shapes/Shape_Sphere.uexp" 2620
"E:/UE Projects/SixMinutesAtChonkers/Content/StarterContent/Audio/Starter_Music_Cue.uasset" 2621
"E:/UE Projects/SixMinutesAtChonkers/Content/StarterContent/Audio/Starter_Music_Cue.uexp" 2622
"E:/UE Projects/SixMinutesAtChonkers/Content/StarterContent/Shapes/Shape_QuadPyramid.ubulk" 2623
"E:/UE Projects/SixMinutesAtChonkers/Content/StarterContent/Shapes/Shape_QuadPyramid.uasset" 2624
"E:/UE Projects/SixMinutesAtChonkers/Content/StarterContent/Shapes/Shape_QuadPyramid.uexp" 2625
"E:/UE Projects/SixMinutesAtChonkers/Content/StarterContent/Textures/T_Brick_Clay_New_D.ubulk" 2626
"E:/UE Projects/SixMinutesAtChonkers/Content/StarterContent/Textures/T_Brick_Clay_New_D.uasset" 2627
"E:/UE Projects/SixMinutesAtChonkers/Content/StarterContent/Textures/T_Brick_Clay_New_D.uexp" 2628
"E:/UE Projects/SixMinutesAtChonkers/Content/StarterContent/Textures/T_Brick_Clay_New_M.uasset" 2629
"E:/UE Projects/SixMinutesAtChonkers/Content/StarterContent/Textures/T_Brick_Clay_New_M.uexp" 2630
"E:/UE Projects/SixMinutesAtChonkers/Content/StarterContent/Textures/T_Brick_Clay_New_N.uasset" 2631
"E:/UE Projects/SixMinutesAtChonkers/Content/StarterContent/Textures/T_Brick_Clay_New_N.uexp" 2632
"E:/UE Projects/SixMinutesAtChonkers/Content/StarterContent/Materials/M_Brick_Clay_New.uasset" 2633
"E:/UE Projects/SixMinutesAtChonkers/Content/StarterContent/Materials/M_Brick_Clay_New.uexp" 2634
"E:/UE Projects/SixMinutesAtChonkers/Content/StarterContent/Textures/T_Metal_Aluminum_D.ubulk" 2635
"E:/UE Projects/SixMinutesAtChonkers/Content/StarterContent/Textures/T_Metal_Aluminum_D.uasset" 2636
"E:/UE Projects/SixMinutesAtChonkers/Content/StarterContent/Textures/T_Metal_Aluminum_D.uexp" 2637
"E:/UE Projects/SixMinutesAtChonkers/Content/StarterContent/Materials/M_Metal_Burnished_Steel.uasset" 2638
"E:/UE Projects/SixMinutesAtChonkers/Content/StarterContent/Materials/M_Metal_Burnished_Steel.uexp" 2639
"E:/UE Projects/SixMinutesAtChonkers/Content/StarterContent/Props/SM_Chair.ubulk" 2640
"E:/UE Projects/SixMinutesAtChonkers/Content/StarterContent/Props/SM_Chair.uasset" 2641
"E:/UE Projects/SixMinutesAtChonkers/Content/StarterContent/Props/SM_Chair.uexp" 2642
"E:/UE Projects/SixMinutesAtChonkers/Content/StarterContent/Textures/T_Concrete_Panels_D.ubulk" 2643
"E:/UE Projects/SixMinutesAtChonkers/Content/StarterContent/Textures/T_Concrete_Panels_D.uasset" 2644
"E:/UE Projects/SixMinutesAtChonkers/Content/StarterContent/Textures/T_Concrete_Panels_D.uexp" 2645
"E:/UE Projects/SixMinutesAtChonkers/Content/StarterContent/Textures/T_Concrete_Panels_N.ubulk" 2646
"E:/UE Projects/SixMinutesAtChonkers/Content/StarterContent/Textures/T_Concrete_Panels_N.uasset" 2647
"E:/UE Projects/SixMinutesAtChonkers/Content/StarterContent/Textures/T_Concrete_Panels_N.uexp" 2648
"E:/UE Projects/SixMinutesAtChonkers/Content/StarterContent/Materials/M_Concrete_Panels.uasset" 2649
"E:/UE Projects/SixMinutesAtChonkers/Content/StarterContent/Materials/M_Concrete_Panels.uexp" 2650
"E:/UE Projects/SixMinutesAtChonkers/Content/StarterContent/Maps/StarterMap.uexp" 2651
"E:/UE Projects/SixMinutesAtChonkers/Content/StarterContent/Maps/StarterMap.umap" 2652
"E:/UE Projects/SixMinutesAtChonkers/Content/StarterContent/Maps/Minimal_Default_BuiltData.ubulk" 2653
"E:/UE Projects/SixMinutesAtChonkers/Content/StarterContent/Maps/Minimal_Default_BuiltData.uasset" 2654
"E:/UE Projects/SixMinutesAtChonkers/Content/StarterContent/Maps/Minimal_Default_BuiltData.uexp" 2655
"E:/UE Projects/SixMinutesAtChonkers/Content/StarterContent/Maps/Minimal_Default.uexp" 2656
"E:/UE Projects/SixMinutesAtChonkers/Content/StarterContent/Maps/Minimal_Default.umap" 2657
"E:/UE Projects/SixMinutesAtChonkers/Content/StarterContent/Maps/Advanced_Lighting_BuiltData.ubulk" 2658
"E:/UE Projects/SixMinutesAtChonkers/Content/StarterContent/Maps/Advanced_Lighting_BuiltData.uasset" 2659
"E:/UE Projects/SixMinutesAtChonkers/Content/StarterContent/Maps/Advanced_Lighting_BuiltData.uexp" 2660
"E:/UE Projects/SixMinutesAtChonkers/Content/StarterContent/Materials/M_AssetPlatform.uasset" 2661
"E:/UE Projects/SixMinutesAtChonkers/Content/StarterContent/Materials/M_AssetPlatform.uexp" 2662
"E:/UE Projects/SixMinutesAtChonkers/Content/StarterContent/Architecture/SM_AssetPlatform.ubulk" 2663
"E:/UE Projects/SixMinutesAtChonkers/Content/StarterContent/Architecture/SM_AssetPlatform.uasset" 2664
"E:/UE Projects/SixMinutesAtChonkers/Content/StarterContent/Architecture/SM_AssetPlatform.uexp" 2665
"../../../Engine/Content/MapTemplates/Sky/DaylightAmbientCubemap.uasset" 2666
"../../../Engine/Content/MapTemplates/Sky/DaylightAmbientCubemap.uexp" 2667
"E:/UE Projects/SixMinutesAtChonkers/Content/StarterContent/Blueprints/Assets/M_LightStage_Skybox_Master.uasset" 2668
"E:/UE Projects/SixMinutesAtChonkers/Content/StarterContent/Blueprints/Assets/M_LightStage_Skybox_Master.uexp" 2669
"E:/UE Projects/SixMinutesAtChonkers/Content/StarterContent/Blueprints/Assets/M_LightStage_Skybox_HDRI.uasset" 2670
"E:/UE Projects/SixMinutesAtChonkers/Content/StarterContent/Blueprints/Assets/M_LightStage_Skybox_HDRI.uexp" 2671
"E:/UE Projects/SixMinutesAtChonkers/Content/StarterContent/HDRI/HDRI_Epic_Courtyard_Daylight.uasset" 2672
"E:/UE Projects/SixMinutesAtChonkers/Content/StarterContent/HDRI/HDRI_Epic_Courtyard_Daylight.uexp" 2673
"E:/UE Projects/SixMinutesAtChonkers/Content/StarterContent/Blueprints/Assets/SunlightColorLUT.uasset" 2674
"E:/UE Projects/SixMinutesAtChonkers/Content/StarterContent/Blueprints/Assets/SunlightColorLUT.uexp" 2675
"E:/UE Projects/SixMinutesAtChonkers/Content/StarterContent/Blueprints/Assets/M_LightStage_Skybox_Black.uasset" 2676
"E:/UE Projects/SixMinutesAtChonkers/Content/StarterContent/Blueprints/Assets/M_LightStage_Skybox_Black.uexp" 2677
"E:/UE Projects/SixMinutesAtChonkers/Content/StarterContent/Blueprints/Assets/FogBrightnessLUT.uasset" 2678
"E:/UE Projects/SixMinutesAtChonkers/Content/StarterContent/Blueprints/Assets/FogBrightnessLUT.uexp" 2679
"E:/UE Projects/SixMinutesAtChonkers/Content/StarterContent/Blueprints/Assets/SM_Arrows.ubulk" 2680
"E:/UE Projects/SixMinutesAtChonkers/Content/StarterContent/Blueprints/Assets/SM_Arrows.uasset" 2681
"E:/UE Projects/SixMinutesAtChonkers/Content/StarterContent/Blueprints/Assets/SM_Arrows.uexp" 2682
"E:/UE Projects/SixMinutesAtChonkers/Content/StarterContent/Blueprints/Assets/M_LightStage_Arrows.uasset" 2683
"E:/UE Projects/SixMinutesAtChonkers/Content/StarterContent/Blueprints/Assets/M_LightStage_Arrows.uexp" 2684
"../../../Engine/Content/ArtTools/RenderToTexture/MaterialFunctions/CheckerPattern.uasset" 2685
"../../../Engine/Content/ArtTools/RenderToTexture/MaterialFunctions/CheckerPattern.uexp" 2686
"../../../Engine/Content/Functions/Engine_MaterialFunctions02/ScreenResolution.uasset" 2687
"../../../Engine/Content/Functions/Engine_MaterialFunctions02/ScreenResolution.uexp" 2688
"../../../Engine/Content/Functions/Engine_MaterialFunctions02/Texturing/ScreenAlignedUVs.uasset" 2689
"../../../Engine/Content/Functions/Engine_MaterialFunctions02/Texturing/ScreenAlignedUVs.uexp" 2690
"../../../Engine/Content/EditorMaterials/Thumbnails/SkySphereMaterial.uasset" 2691
"../../../Engine/Content/EditorMaterials/Thumbnails/SkySphereMaterial.uexp" 2692
"E:/UE Projects/SixMinutesAtChonkers/Content/StarterContent/Blueprints/Assets/Skybox.ubulk" 2693
"E:/UE Projects/SixMinutesAtChonkers/Content/StarterContent/Blueprints/Assets/Skybox.uasset" 2694
"E:/UE Projects/SixMinutesAtChonkers/Content/StarterContent/Blueprints/Assets/Skybox.uexp" 2695
"E:/UE Projects/SixMinutesAtChonkers/Content/StarterContent/Blueprints/BP_LightStudio.uasset" 2696
"E:/UE Projects/SixMinutesAtChonkers/Content/StarterContent/Blueprints/BP_LightStudio.uexp" 2697
"../../../Engine/Content/EditorMeshes/ColorCalibrator/M_GreyBall.uasset" 2698
"../../../Engine/Content/EditorMeshes/ColorCalibrator/M_GreyBall.uexp" 2699
"../../../Engine/Content/EditorMeshes/ColorCalibrator/M_ClearCoat.uasset" 2700
"../../../Engine/Content/EditorMeshes/ColorCalibrator/M_ClearCoat.uexp" 2701
"../../../Engine/Content/EditorMeshes/ColorCalibrator/M_ChromeBall.uasset" 2702
"../../../Engine/Content/EditorMeshes/ColorCalibrator/M_ChromeBall.uexp" 2703
"../../../Engine/Content/EditorMeshes/ColorCalibrator/Color_checker.ubulk" 2704
"../../../Engine/Content/EditorMeshes/ColorCalibrator/Color_checker.uasset" 2705
"../../../Engine/Content/EditorMeshes/ColorCalibrator/Color_checker.uexp" 2706
"../../../Engine/Content/EditorMeshes/ColorCalibrator/M_ColorGrid.uasset" 2707
"../../../Engine/Content/EditorMeshes/ColorCalibrator/M_ColorGrid.uexp" 2708
"../../../Engine/Content/EditorMeshes/ColorCalibrator/SM_ColorCalibrator.ubulk" 2709
"../../../Engine/Content/EditorMeshes/ColorCalibrator/SM_ColorCalibrator.uasset" 2710
"../../../Engine/Content/EditorMeshes/ColorCalibrator/SM_ColorCalibrator.uexp" 2711
"E:/UE Projects/SixMinutesAtChonkers/Content/StarterContent/Maps/Advanced_Lighting.uexp" 2712
"E:/UE Projects/SixMinutesAtChonkers/Content/StarterContent/Maps/Advanced_Lighting.umap" 2713
"E:/UE Projects/SixMinutesAtChonkers/Content/FirstPerson/Maps/FirstPersonMap.uexp" 2714
"E:/UE Projects/SixMinutesAtChonkers/Content/FirstPerson/Maps/FirstPersonMap.umap" 2715
