"E:/UE Projects/SixMinutesAtChonkers/SixMinutesAtChonkers.uproject" 1
"../../../Engine/Plugins/AudioGameplay/AudioGameplay.uplugin" 2
"../../../Engine/Plugins/EnhancedInput/EnhancedInput.uplugin" 3
"../../../Engine/Plugins/FastBuildController/FastBuildController.uplugin" 4
"../../../Engine/Plugins/JsonBlueprintUtilities/JsonBlueprintUtilities.uplugin" 5
"../../../Engine/Plugins/Bridge/Bridge.uplugin" 6
"../../../Engine/Plugins/LightWeightInstancesEditor/LightWeightInstancesEditor.uplugin" 7
"../../../Engine/Plugins/MeshPainting/MeshPainting.uplugin" 8
"../../../Engine/Plugins/ScriptPlugin/ScriptPlugin.uplugin" 9
"../../../Engine/Plugins/MemoryUsageQueries/MemoryUsageQueries.uplugin" 10
"../../../Engine/Plugins/RenderGraphInsights/RenderGraphInsights.uplugin" 11
"../../../Engine/Plugins/TraceUtilities/TraceUtilities.uplugin" 12
"../../../Engine/Plugins/XGEController/XGEController.uplugin" 13
"../../../Engine/Plugins/Animation/AnimationData/AnimationData.uplugin" 14
"../../../Engine/Plugins/Animation/AnimationModifierLibrary/AnimationModifierLibrary.uplugin" 15
"../../../Engine/Plugins/Animation/AnimationWarping/AnimationWarping.uplugin" 16
"../../../Engine/Plugins/Animation/AnimationLocomotionLibrary/AnimationLocomotionLibrary.uplugin" 17
"../../../Engine/Plugins/Animation/AnimToTexture/AnimToTexture.uplugin" 18
"../../../Engine/Plugins/Animation/ControlRig/ControlRig.uplugin" 19
"../../../Engine/Plugins/Animation/BlendSpaceMotionAnalysis/BlendSpaceMotionAnalysis.uplugin" 20
"../../../Engine/Plugins/Animation/ControlRigSpline/ControlRigSpline.uplugin" 21
"../../../Engine/Plugins/Animation/GameplayInsights/GameplayInsights.uplugin" 22
"../../../Engine/Plugins/Animation/DeformerGraph/DeformerGraph.uplugin" 23
"../../../Engine/Plugins/Animation/LiveLink/LiveLink.uplugin" 24
"../../../Engine/Plugins/Animation/IKRig/IKRig.uplugin" 25
"../../../Engine/Plugins/Animation/LiveLinkCurveDebugUI/LiveLinkCurveDebugUI.uplugin" 26
"../../../Engine/Plugins/Animation/MotionWarping/MotionWarping.uplugin" 27
"../../../Engine/Plugins/Developer/AnimationSharing/AnimationSharing.uplugin" 28
"../../../Engine/Plugins/Animation/RigLogic/RigLogic.uplugin" 29
"../../../Engine/Plugins/Developer/BlankPlugin/BlankPlugin.uplugin" 30
"../../../Engine/Plugins/Developer/CLionSourceCodeAccess/CLionSourceCodeAccess.uplugin" 31
"../../../Engine/Plugins/Developer/CodeLiteSourceCodeAccess/CodeLiteSourceCodeAccess.uplugin" 32
"../../../Engine/Plugins/Developer/KDevelopSourceCodeAccess/KDevelopSourceCodeAccess.uplugin" 33
"../../../Engine/Plugins/Developer/GitSourceControl/GitSourceControl.uplugin" 34
"../../../Engine/Plugins/Developer/NullSourceCodeAccess/NullSourceCodeAccess.uplugin" 35
"../../../Engine/Plugins/Developer/OneSkyLocalizationService/OneSkyLocalizationService.uplugin" 36
"../../../Engine/Plugins/Developer/DumpGPUServices/DumpGPUServices.uplugin" 37
"../../../Engine/Plugins/Developer/PixWinPlugin/PixWinPlugin.uplugin" 38
"../../../Engine/Plugins/Developer/PerforceSourceControl/PerforceSourceControl.uplugin" 39
"../../../Engine/Plugins/Developer/PlasticSourceControl/PlasticSourceControl.uplugin" 40
"../../../Engine/Plugins/Developer/PluginUtils/PluginUtils.uplugin" 41
"../../../Engine/Plugins/Developer/PropertyAccessNode/PropertyAccessNode.uplugin" 42
"../../../Engine/Plugins/Developer/RenderDocPlugin/RenderDocPlugin.uplugin" 43
"../../../Engine/Plugins/Developer/RiderSourceCodeAccess/RiderSourceCodeAccess.uplugin" 44
"../../../Engine/Plugins/Developer/SubversionSourceControl/SubversionSourceControl.uplugin" 45
"../../../Engine/Plugins/Developer/TextureFormatOodle/TextureFormatOodle.uplugin" 46
"../../../Engine/Plugins/Developer/TraceDataFiltering/TraceDataFilters.uplugin" 47
"../../../Engine/Plugins/Developer/TraceSourceFiltering/TraceSourceFilters.uplugin" 48
"../../../Engine/Plugins/BlueprintFileUtils/BlueprintFileUtils.uplugin" 49
"../../../Engine/Plugins/Developer/VisualStudioCodeSourceCodeAccess/VisualStudioCodeSourceCodeAccess.uplugin" 50
"../../../Engine/Plugins/Developer/VisualStudioSourceCodeAccess/VisualStudioSourceCodeAccess.uplugin" 51
"../../../Engine/Plugins/Developer/XcodeGPUDebuggerPlugin/XcodeGPUDebuggerPlugin.uplugin" 52
"../../../Engine/Plugins/Experimental/AppleVision/AppleVision.uplugin" 53
"../../../Engine/Plugins/Experimental/AnimNext/AnimNext.uplugin" 54
"../../../Engine/Plugins/Developer/XCodeSourceCodeAccess/XCodeSourceCodeAccess.uplugin" 55
"../../../Engine/Plugins/Experimental/AbilitySystemGameFeatureActions/AbilitySystemGameFeatureActions.uplugin" 56
"../../../Engine/Plugins/Experimental/AssetPlacementEdMode/AssetPlacementEdMode.uplugin" 57
"../../../Engine/Plugins/Experimental/AutomationUtils/AutomationUtils.uplugin" 58
"../../../Engine/Plugins/Experimental/BackChannel/BackChannel.uplugin" 59
"../../../Engine/Plugins/Experimental/BlueprintSnapNodes/BlueprintSnapNodes.uplugin" 60
"../../../Engine/Plugins/Experimental/ChaosClothAsset/ChaosClothAsset.uplugin" 61
"../../../Engine/Plugins/Experimental/ChaosCloth/ChaosCloth.uplugin" 62
"../../../Engine/Plugins/Experimental/ChaosClothAssetEditor/ChaosClothAssetEditor.uplugin" 63
"../../../Engine/Plugins/Experimental/ChaosEditor/ChaosEditor.uplugin" 64
"../../../Engine/Plugins/Experimental/ChaosClothEditor/ChaosClothEditor.uplugin" 65
"../../../Engine/Plugins/Experimental/ChaosNiagara/ChaosNiagara.uplugin" 66
"../../../Engine/Plugins/Experimental/ChaosFlesh/ChaosFlesh.uplugin" 67
"../../../Engine/Plugins/Experimental/ChaosSolverPlugin/ChaosSolverPlugin.uplugin" 68
"../../../Engine/Plugins/Experimental/ChaosCaching/ChaosCaching.uplugin" 69
"../../../Engine/Plugins/Experimental/ChaosVehiclesPlugin/ChaosVehiclesPlugin.uplugin" 70
"../../../Engine/Plugins/Experimental/ChaosUserDataPT/ChaosUserDataPT.uplugin" 71
"../../../Engine/Plugins/Experimental/CharacterAI/CharacterAI.uplugin" 72
"../../../Engine/Plugins/Experimental/CineCameraRigs/CineCameraRigs.uplugin" 73
"../../../Engine/Plugins/Experimental/CinematicPrestreaming/CinematicPrestreaming.uplugin" 74
"../../../Engine/Plugins/Experimental/CodeEditor/CodeEditor.uplugin" 75
"../../../Engine/Plugins/Experimental/Chooser/Chooser.uplugin" 76
"../../../Engine/Plugins/Experimental/CodeView/CodeView.uplugin" 77
"../../../Engine/Plugins/Experimental/ColorCorrectRegions/ColorCorrectRegions.uplugin" 78
"../../../Engine/Plugins/Experimental/CommonConversation/CommonConversation.uplugin" 79
"../../../Engine/Plugins/Experimental/ActorPalette/ActorPalette.uplugin" 80
"../../../Engine/Plugins/Experimental/Dataflow/Dataflow.uplugin" 81
"../../../Engine/Plugins/Experimental/ControlFlows/ControlFlows.uplugin" 82
"../../../Engine/Plugins/Experimental/CommonUI/CommonUI.uplugin" 83
"../../../Engine/Plugins/Experimental/DefaultInstallBundleManager/DefaultInstallBundleManager.uplugin" 84
"../../../Engine/Plugins/Experimental/FieldSystemPlugin/FieldSystemPlugin.uplugin" 85
"../../../Engine/Plugins/AudioGameplayVolume/AudioGameplayVolume.uplugin" 86
"../../../Engine/Plugins/Experimental/Fracture/Fracture.uplugin" 87
"../../../Engine/Plugins/Experimental/FullBodyIK/FullBodyIK.uplugin" 88
"../../../Engine/Plugins/Experimental/GameFeatures/GameFeatures.uplugin" 89
"../../../Engine/Plugins/Experimental/GameplayBehaviors/GameplayBehaviors.uplugin" 90
"../../../Engine/Plugins/Experimental/GameplayTargetingSystem/TargetingSystem.uplugin" 91
"../../../Engine/Plugins/Experimental/GeometryCacheAbcFile/GeometryCacheAbcFile.uplugin" 92
"../../../Engine/Plugins/Developer/UObjectPlugin/UObjectPlugin.uplugin" 93
"../../../Engine/Plugins/Experimental/Gauntlet/Gauntlet.uplugin" 94
"../../../Engine/Plugins/Experimental/GeometryCollectionPlugin/GeometryCollectionPlugin.uplugin" 95
"../../../Engine/Plugins/Experimental/GeometryScripting/GeometryScripting.uplugin" 96
"../../../Engine/Plugins/Experimental/GizmoEdMode/GizmoEdMode.uplugin" 97
"../../../Engine/Plugins/Experimental/GeometryFlow/GeometryFlow.uplugin" 98
"../../../Engine/Plugins/Experimental/GPULightmass/GPULightmass.uplugin" 99
"../../../Engine/Plugins/Experimental/BlueprintStats/BlueprintStats.uplugin" 100
"../../../Engine/Plugins/Experimental/ImagePlate/ImagePlate.uplugin" 101
"../../../Engine/Plugins/Experimental/ImpostorBaker/ImpostorBaker.uplugin" 102
"../../../Engine/Plugins/Experimental/Iris/Iris.uplugin" 103
"../../../Engine/Plugins/Experimental/JWT/JWT.uplugin" 104
"../../../Engine/Plugins/Experimental/Landmass/Landmass.uplugin" 105
"../../../Engine/Plugins/Experimental/LandscapePatch/LandscapePatch.uplugin" 106
"../../../Engine/Plugins/Experimental/LiveLinkControlRig/LiveLinkControlRig.uplugin" 107
"../../../Engine/Plugins/Experimental/LiveLinkFaceImporter/LiveLinkFaceImporter.uplugin" 108
"../../../Engine/Plugins/Experimental/ModularGameplay/ModularGameplay.uplugin" 109
"../../../Engine/Plugins/Experimental/MeshLODToolset/MeshLODToolset.uplugin" 110
"../../../Engine/Plugins/Experimental/MeshModelingToolsetExp/MeshModelingToolsetExp.uplugin" 111
"../../../Engine/Plugins/Experimental/MotoSynth/MotoSynth.uplugin" 112
"../../../Engine/Plugins/Experimental/MotorSimOutputMotoSynth/MotorSimOutputMotoSynth.uplugin" 113
"../../../Engine/Plugins/Experimental/Mutable/Mutable.uplugin" 114
"../../../Engine/Plugins/Experimental/NaniteDisplacedMesh/NaniteDisplacedMesh.uplugin" 115
"../../../Engine/Plugins/Experimental/NNE/NNE.uplugin" 116
"../../../Engine/Plugins/Experimental/NNI/NeuralNetworkInference.uplugin" 117
"../../../Engine/Plugins/Experimental/OpenImageDenoise/OpenImageDenoise.uplugin" 118
"../../../Engine/Plugins/Experimental/PCGGeometryScriptInterop/PCGGeometryScriptInterop.uplugin" 119
"../../../Engine/Plugins/Experimental/PanoramicCapture/PanoramicCapture.uplugin" 120
"../../../Engine/Plugins/Experimental/GizmoFramework/GizmoFramework.uplugin" 121
"../../../Engine/Plugins/Experimental/HairModelingToolset/HairModelingToolset.uplugin" 122
"../../../Engine/Plugins/Experimental/PhysicsControl/PhysicsControl.uplugin" 123
"../../../Engine/Plugins/Experimental/PlanarCutPlugin/PlanarCut.uplugin" 124
"../../../Engine/Plugins/Experimental/PixelStreamingPlayer/PixelStreamingPlayer.uplugin" 125
"../../../Engine/Plugins/Experimental/PlatformCrypto/PlatformCrypto.uplugin" 126
"../../../Engine/Plugins/Experimental/ProxyLODPlugin/ProxyLODPlugin.uplugin" 127
"../../../Engine/Plugins/Experimental/PythonFoundationPackages/PythonFoundationPackages.uplugin" 128
"../../../Engine/Plugins/Experimental/PythonScriptPlugin/PythonScriptPlugin.uplugin" 129
"../../../Engine/Plugins/Experimental/RawInput/RawInput.uplugin" 130
"../../../Engine/Plugins/Experimental/RenderGrid/RenderGrid.uplugin" 131
"../../../Engine/Plugins/Experimental/RemoteSession/RemoteSession.uplugin" 132
"../../../Engine/Plugins/Experimental/SampleToolsEditorMode/SampleToolsEditorMode.uplugin" 133
"../../../Engine/Plugins/Experimental/OptiXDenoise/OptiXDenoise.uplugin" 134
"../../../Engine/Plugins/Experimental/ScreenReader/ScreenReader.uplugin" 135
"../../../Engine/Plugins/Experimental/ScriptableToolsFramework/ScriptableToolsFramework.uplugin" 136
"../../../Engine/Plugins/Experimental/ScriptableToolsEditorMode/ScriptableToolsEditorMode.uplugin" 137
"../../../Engine/Plugins/Experimental/Shotgrid/Shotgrid.uplugin" 138
"../../../Engine/Plugins/Experimental/SkeletalReduction/SkeletalReduction.uplugin" 139
"../../../Engine/Plugins/Experimental/SimpleHMD/SimpleHMD.uplugin" 140
"../../../Engine/Plugins/Experimental/SlateScreenReader/SlateScreenReader.uplugin" 141
"../../../Engine/Plugins/Experimental/StructUtils/StructUtils.uplugin" 142
"../../../Engine/Plugins/Experimental/TetMeshing/TetMeshing.uplugin" 143
"../../../Engine/Plugins/Experimental/Text3D/Text3D.uplugin" 144
"../../../Engine/Plugins/Experimental/TextToSpeech/TextToSpeech.uplugin" 145
"../../../Engine/Plugins/Experimental/TextureMediaPlayer/TextureMediaPlayer.uplugin" 146
"../../../Engine/Plugins/Experimental/StaticMeshEditorModeling/StaticMeshEditorModeling.uplugin" 147
"../../../Engine/Plugins/Experimental/ToolPresets/ToolPresets.uplugin" 148
"../../../Engine/Plugins/Experimental/UIFramework/UIFramework.uplugin" 149
"../../../Engine/Plugins/Experimental/UserToolBoxBasicCommand/UserToolBoxBasicCommand.uplugin" 150
"../../../Engine/Plugins/Experimental/UVEditor/UVEditor.uplugin" 151
"../../../Engine/Plugins/Experimental/TypedElementsDataStorage/TypedElementsDataStorage.uplugin" 152
"../../../Engine/Plugins/Experimental/UserToolBoxCore/UserToolBoxCore.uplugin" 153
"../../../Engine/Plugins/Experimental/VirtualCamera/VirtualCamera.uplugin" 154
"../../../Engine/Plugins/Experimental/VirtualCameraCore/VirtualCameraCore.uplugin" 155
"../../../Engine/Plugins/Experimental/VirtualHeightfieldMesh/VirtualHeightfieldMesh.uplugin" 156
"../../../Engine/Plugins/Experimental/VirtualProductionUtilities/VirtualProductionUtilities.uplugin" 157
"../../../Engine/Plugins/Experimental/VirtualScouting/VirtualScouting.uplugin" 158
"../../../Engine/Plugins/Experimental/Volumetrics/Volumetrics.uplugin" 159
"../../../Engine/Plugins/Experimental/WaterExtras/WaterExtras.uplugin" 160
"../../../Engine/Plugins/Experimental/Water/Water.uplugin" 161
"../../../Engine/Plugins/Experimental/WaveFunctionCollapse/WaveFunctionCollapse.uplugin" 162
"../../../Engine/Plugins/Experimental/WebSocketNetworking/WebSocketNetworking.uplugin" 163
"../../../Engine/Plugins/Experimental/WidgetEditorToolPalette/WidgetEditorToolPalette.uplugin" 164
"../../../Engine/Plugins/Experimental/XRCreativeFramework/XRCreativeFramework.uplugin" 165
"../../../Engine/Plugins/Experimental/PCG/PCG.uplugin" 166
"../../../Engine/Plugins/MovieScene/ActorSequence/ActorSequence.uplugin" 167
"../../../Engine/Plugins/MovieScene/CustomizableSequencerTracks/CustomizableSequencerTracks.uplugin" 168
"../../../Engine/Plugins/MovieScene/LevelSequenceEditor/LevelSequenceEditor.uplugin" 169
"../../../Engine/Plugins/MovieScene/MoviePipelineMaskRenderPass/MoviePipelineMaskRenderPass.uplugin" 170
"../../../Engine/Plugins/MovieScene/MovieRenderPipeline/MovieRenderPipeline.uplugin" 171
"../../../Engine/Plugins/MovieScene/ReplayTracks/ReplayTracks.uplugin" 172
"../../../Engine/Plugins/MovieScene/SequencerScripting/SequencerScripting.uplugin" 173
"../../../Engine/Plugins/MovieScene/TemplateSequence/TemplateSequence.uplugin" 174
"../../../Engine/Plugins/Portal/LauncherChunkInstaller/LauncherChunkInstaller.uplugin" 175
"../../../Engine/Plugins/AI/AISupport/AISupport.uplugin" 176
"../../../Engine/Plugins/AI/HTNPlanner/HTNPlanner.uplugin" 177
"../../../Engine/Plugins/AI/MassAI/MassAI.uplugin" 178
"../../../Engine/Plugins/AI/MassCrowd/MassCrowd.uplugin" 179
"../../../Engine/Plugins/AI/MLAdapter/MLAdapter.uplugin" 180
"../../../Engine/Plugins/AI/EnvironmentQueryEditor/EnvironmentQueryEditor.uplugin" 181
"../../../Engine/Plugins/Cameras/GameplayCameras/GameplayCameras.uplugin" 182
"../../../Engine/Plugins/Cameras/CameraShakePreviewer/CameraShakePreviewer.uplugin" 183
"../../../Engine/Plugins/Importers/AlembicHairImporter/AlembicHairImporter.uplugin" 184
"../../../Engine/Plugins/Importers/AlembicImporter/AlembicImporter.uplugin" 185
"../../../Engine/Plugins/Importers/USDImporter/USDImporter.uplugin" 186
"../../../Engine/Plugins/Importers/USDMultiUser/USDMultiUser.uplugin" 187
"../../../Engine/Plugins/Media/AjaMedia/AjaMedia.uplugin" 188
"../../../Engine/Plugins/Media/AndroidMedia/AndroidMedia.uplugin" 189
"../../../Engine/Plugins/Media/AndroidCamera/AndroidCamera.uplugin" 190
"../../../Engine/Plugins/Media/AppleProResMedia/AppleProResMedia.uplugin" 191
"../../../Engine/Plugins/Media/AudioCaptureTimecodeProvider/AudioCaptureTimecodeProvider.uplugin" 192
"../../../Engine/Plugins/Media/AvidDNxMedia/AvidDNxMedia.uplugin" 193
"../../../Engine/Plugins/Media/BlackmagicMedia/BlackmagicMedia.uplugin" 194
"../../../Engine/Plugins/Media/AvfMedia/AvfMedia.uplugin" 195
"../../../Engine/Plugins/Media/BinkMedia/BinkMedia.uplugin" 196
"../../../Engine/Plugins/Media/ElectraCDM/ElectraCDM.uplugin" 197
"../../../Engine/Plugins/Media/ElectraPlayer/ElectraPlayer.uplugin" 198
"../../../Engine/Plugins/Media/ElectraUtil/ElectraUtil.uplugin" 199
"../../../Engine/Plugins/Media/HAPMedia/HAPMedia.uplugin" 200
"../../../Engine/Plugins/Media/HardwareEncoders/HardwareEncoders.uplugin" 201
"../../../Engine/Plugins/Media/HLMedia/HLMedia.uplugin" 202
"../../../Engine/Plugins/Media/ImgMedia/ImgMedia.uplugin" 203
"../../../Engine/Plugins/Media/LinearTimecode/LinearTimecode.uplugin" 204
"../../../Engine/Plugins/Media/MediaCompositing/MediaCompositing.uplugin" 205
"../../../Engine/Plugins/Media/ElectraSubtitles/ElectraSubtitles.uplugin" 206
"../../../Engine/Plugins/Media/MediaIOFramework/MediaIOFramework.uplugin" 207
"../../../Engine/Plugins/Media/MediaMovieStreamer/MediaMovieStreamer.uplugin" 208
"../../../Engine/Plugins/Media/MfMedia/MfMedia.uplugin" 209
"../../../Engine/Plugins/Media/MediaPlayerEditor/MediaPlayerEditor.uplugin" 210
"../../../Engine/Plugins/Media/PixelCapture/PixelCapture.uplugin" 211
"../../../Engine/Plugins/Media/PixelStreaming/PixelStreaming.uplugin" 212
"../../../Engine/Plugins/Media/WebMMedia/WebMMedia.uplugin" 213
"../../../Engine/Plugins/Media/TimecodeSynchronizer/TimecodeSynchronizer.uplugin" 214
"../../../Engine/Plugins/NetcodeUnitTest/NetcodeUnitTest/NetcodeUnitTest.uplugin" 215
"../../../Engine/Plugins/Media/WmfMedia/WmfMedia.uplugin" 216
"../../../Engine/Plugins/Runtime/ActorLayerUtilities/ActorLayerUtilities.uplugin" 217
"../../../Engine/Plugins/NetcodeUnitTest/NUTUnrealEngine/NUTUnrealEngine.uplugin" 218
"../../../Engine/Plugins/Runtime/AndroidBackgroundService/AndroidBackgroundService.uplugin" 219
"../../../Engine/Plugins/Runtime/AndroidDeviceProfileSelector/AndroidDeviceProfileSelector.uplugin" 220
"../../../Engine/Plugins/Runtime/AndroidMoviePlayer/AndroidMoviePlayer.uplugin" 221
"../../../Engine/Plugins/Runtime/AndroidFileServer/AndroidFileServer.uplugin" 222
"../../../Engine/Plugins/Runtime/AndroidPermission/AndroidPermission.uplugin" 223
"../../../Engine/Plugins/Runtime/ApexDestruction/ApexDestruction.uplugin" 224
"../../../Engine/Plugins/Runtime/AnimationBudgetAllocator/AnimationBudgetAllocator.uplugin" 225
"../../../Engine/Plugins/Runtime/AppleImageUtils/AppleImageUtils.uplugin" 226
"../../../Engine/Plugins/Runtime/AssetTags/AssetTags.uplugin" 227
"../../../Engine/Plugins/Runtime/AppleMoviePlayer/AppleMoviePlayer.uplugin" 228
"../../../Engine/Plugins/Runtime/ArchVisCharacter/ArchVisCharacter.uplugin" 229
"../../../Engine/Plugins/Runtime/AudioCapture/AudioCapture.uplugin" 230
"../../../Engine/Plugins/Runtime/AudioMotorSim/AudioMotorSim.uplugin" 231
"../../../Engine/Plugins/Runtime/AudioModulation/AudioModulation.uplugin" 232
"../../../Engine/Plugins/Runtime/AudioSynesthesia/AudioSynesthesia.uplugin" 233
"../../../Engine/Plugins/Runtime/AudioWidgets/AudioWidgets.uplugin" 234
"../../../Engine/Plugins/Runtime/CableComponent/CableComponent.uplugin" 235
"../../../Engine/Plugins/Runtime/ChunkDownloader/ChunkDownloader.uplugin" 236
"../../../Engine/Plugins/Runtime/CustomMeshComponent/CustomMeshComponent.uplugin" 237
"../../../Engine/Plugins/Runtime/DataRegistry/DataRegistry.uplugin" 238
"../../../Engine/Plugins/Runtime/ComputeFramework/ComputeFramework.uplugin" 239
"../../../Engine/Plugins/Runtime/Firebase/Firebase.uplugin" 240
"../../../Engine/Plugins/Runtime/ExampleDeviceProfileSelector/ExampleDeviceProfileSelector.uplugin" 241
"../../../Engine/Plugins/Runtime/GameplayAbilities/GameplayAbilities.uplugin" 242
"../../../Engine/Plugins/Runtime/GameplayBehaviorSmartObjects/GameplayBehaviorSmartObjects.uplugin" 243
"../../../Engine/Plugins/Runtime/GeometryProcessing/GeometryProcessing.uplugin" 244
"../../../Engine/Plugins/Runtime/GoogleCloudMessaging/GoogleCloudMessaging.uplugin" 245
"../../../Engine/Plugins/Runtime/GeoReferencing/GeoReferencing.uplugin" 246
"../../../Engine/Plugins/Runtime/HairStrands/HairStrands.uplugin" 247
"../../../Engine/Plugins/Runtime/GameplayInteractions/GameplayInteractions.uplugin" 248
"../../../Engine/Plugins/Runtime/GameplayStateTree/GameplayStateTree.uplugin" 249
"../../../Engine/Plugins/Runtime/GeometryCache/GeometryCache.uplugin" 250
"../../../Engine/Plugins/Runtime/GooglePAD/GooglePAD.uplugin" 251
"../../../Engine/Plugins/Runtime/HDRIBackdrop/HDRIBackdrop.uplugin" 252
"../../../Engine/Plugins/Media/MediaFrameworkUtilities/MediaFrameworkUtilities.uplugin" 253
"../../../Engine/Plugins/Runtime/InputDebugging/InputDebugging.uplugin" 254
"../../../Engine/Plugins/Runtime/IOSDeviceProfileSelector/IOSDeviceProfileSelector.uplugin" 255
"../../../Engine/Plugins/Runtime/IOSReplayKit/IOSReplayKit.uplugin" 256
"../../../Engine/Plugins/Runtime/HTTPChunkInstaller/HTTPChunkInstaller.uplugin" 257
"../../../Engine/Plugins/Runtime/LinuxDeviceProfileSelector/LinuxDeviceProfileSelector.uplugin" 258
"../../../Engine/Plugins/Runtime/LocationServicesAndroidImpl/LocationServicesAndroidImpl.uplugin" 259
"../../../Engine/Plugins/Runtime/LiveLinkOvernDisplay/LiveLinkOverNDisplay.uplugin" 260
"../../../Engine/Plugins/Runtime/LocationServicesBPLibrary/LocationServicesBPLibrary.uplugin" 261
"../../../Engine/Plugins/Runtime/LocationServicesIOSImpl/LocationServicesIOSImpl.uplugin" 262
"../../../Engine/Plugins/Runtime/MassEntity/MassEntity.uplugin" 263
"../../../Engine/Plugins/Runtime/MassGameplay/MassGameplay.uplugin" 264
"../../../Engine/Plugins/Runtime/MeshModelingToolset/MeshModelingToolset.uplugin" 265
"../../../Engine/Plugins/Runtime/Metasound/Metasound.uplugin" 266
"../../../Engine/Plugins/Runtime/MicrosoftSpatialAudio/MicroSoftSpatialSound.uplugin" 267
"../../../Engine/Plugins/Runtime/MIDIDevice/MIDIDevice.uplugin" 268
"../../../Engine/Plugins/Runtime/MixedRealityCaptureFramework/MixedRealityCaptureFramework.uplugin" 269
"../../../Engine/Plugins/Runtime/MobilePatchingUtils/MobilePatchingUtils.uplugin" 270
"../../../Engine/Plugins/Runtime/ModelViewViewModel/ModelViewViewModel.uplugin" 271
"../../../Engine/Plugins/Runtime/MobileFSR/MobileFSR.uplugin" 272
"../../../Engine/Plugins/Runtime/nDisplay/nDisplay.uplugin" 273
"../../../Engine/Plugins/Runtime/NavCorridor/NavCorridor.uplugin" 274
"../../../Engine/Plugins/Runtime/nDisplayModularFeatures/nDisplayModularFeatures.uplugin" 275
"../../../Engine/Plugins/Runtime/NetworkPredictionExtras/NetworkPredictionExtras.uplugin" 276
"../../../Engine/Plugins/Runtime/NetworkPrediction/NetworkPrediction.uplugin" 277
"../../../Engine/Plugins/Runtime/NetworkPredictionInsights/NetworkPredictionInsights.uplugin" 278
"../../../Engine/Plugins/Runtime/OpenCV/OpenCV.uplugin" 279
"../../../Engine/Plugins/Runtime/OpenXR/OpenXR.uplugin" 280
"../../../Engine/Plugins/Runtime/OpenXREyeTracker/OpenXREyeTracker.uplugin" 281
"../../../Engine/Plugins/Runtime/OpenXRHandTracking/OpenXRHandTracking.uplugin" 282
"../../../Engine/Plugins/Runtime/OpenXRMsftHandInteraction/OpenXRMsftHandInteraction.uplugin" 283
"../../../Engine/Plugins/Runtime/OpenXRViveTracker/OpenXRViveTracker.uplugin" 284
"../../../Engine/Plugins/Runtime/OptionalMobileFeaturesBPLibrary/OptionalMobileFeaturesBPLibrary.uplugin" 285
"../../../Engine/Plugins/Runtime/HPMotionController/HPMotionController.uplugin" 286
"../../../Engine/Plugins/Runtime/OSCModulationMixing/OSCModulationMixing.uplugin" 287
"../../../Engine/Plugins/Runtime/OSC/OSC.uplugin" 288
"../../../Engine/Plugins/Runtime/PreLoadScreenMoviePlayer/PreLoadScreenMoviePlayer.uplugin" 289
"../../../Engine/Plugins/Runtime/ProceduralMeshComponent/ProceduralMeshComponent.uplugin" 290
"../../../Engine/Plugins/Runtime/RenderTrace/RenderTrace.uplugin" 291
"../../../Engine/Plugins/Runtime/ReplicationSystemTestPlugin/ReplicationSystemTestPlugin.uplugin" 292
"../../../Engine/Plugins/Runtime/ReplicationGraph/ReplicationGraph.uplugin" 293
"../../../Engine/Plugins/Runtime/SignificanceManager/SignificanceManager.uplugin" 294
"../../../Engine/Plugins/Runtime/ResonanceAudio/ResonanceAudio.uplugin" 295
"../../../Engine/Plugins/Runtime/SkeletalMerging/SkeletalMerging.uplugin" 296
"../../../Engine/Plugins/Runtime/SmartObjects/SmartObjects.uplugin" 297
"../../../Engine/Plugins/Runtime/SoundFields/SoundFields.uplugin" 298
"../../../Engine/Plugins/Runtime/SoundCueTemplates/SoundCueTemplates.uplugin" 299
"../../../Engine/Plugins/Runtime/Soundscape/Soundscape.uplugin" 300
"../../../Engine/Plugins/Runtime/SoundMod/SoundMod.uplugin" 301
"../../../Engine/Plugins/Runtime/Spatialization/Spatialization.uplugin" 302
"../../../Engine/Plugins/Runtime/SoundUtilities/SoundUtilities.uplugin" 303
"../../../Engine/Plugins/Runtime/StateTree/StateTree.uplugin" 304
"../../../Engine/Plugins/Runtime/SunPosition/SunPosition.uplugin" 305
"../../../Engine/Plugins/Runtime/Synthesis/Synthesis.uplugin" 306
"../../../Engine/Plugins/Runtime/WarpUtils/WarpUtils.uplugin" 307
"../../../Engine/Plugins/Runtime/WaveTable/WaveTable.uplugin" 308
"../../../Engine/Plugins/Runtime/WebBrowserNativeProxy/WebBrowserNativeProxy.uplugin" 309
"../../../Engine/Plugins/Runtime/WebBrowserWidget/WebBrowserWidget.uplugin" 310
"../../../Engine/Plugins/Runtime/WebMMoviePlayer/WebMMoviePlayer.uplugin" 311
"../../../Engine/Plugins/Runtime/WindowsMoviePlayer/WindowsMoviePlayer.uplugin" 312
"../../../Engine/Plugins/Runtime/WindowsDeviceProfileSelector/WindowsDeviceProfileSelector.uplugin" 313
"../../../Engine/Plugins/Runtime/WorldConditions/WorldConditions.uplugin" 314
"../../../Engine/Plugins/Runtime/ZoneGraphAnnotations/ZoneGraphAnnotations.uplugin" 315
"../../../Engine/Plugins/Runtime/ZoneGraph/ZoneGraph.uplugin" 316
"../../../Engine/Plugins/Enterprise/AxFImporter/AxFImporter.uplugin" 317
"../../../Engine/Plugins/Compression/OodleNetwork/OodleNetwork.uplugin" 318
"../../../Engine/Plugins/Enterprise/DatasmithC4DImporter/DatasmithC4DImporter.uplugin" 319
"../../../Engine/Plugins/Enterprise/DataprepEditor/DataprepEditor.uplugin" 320
"../../../Engine/Plugins/Runtime/PropertyAccess/PropertyAccessEditor.uplugin" 321
"../../../Engine/Plugins/Enterprise/DatasmithCADImporter/DatasmithCADImporter.uplugin" 322
"../../../Engine/Plugins/Enterprise/DatasmithContent/DatasmithContent.uplugin" 323
"../../../Engine/Plugins/Enterprise/DatasmithFBXImporter/DatasmithFBXImporter.uplugin" 324
"../../../Engine/Plugins/Enterprise/DatasmithIFCImporter/DatasmithIFCImporter.uplugin" 325
"../../../Engine/Plugins/Enterprise/DatasmithImporter/DatasmithImporter.uplugin" 326
"../../../Engine/Plugins/Enterprise/MDLImporter/MDLImporter.uplugin" 327
"../../../Engine/Plugins/Enterprise/GLTFExporter/GLTFExporter.uplugin" 328
"../../../Engine/Plugins/Enterprise/LidarPointCloud/LidarPointCloud.uplugin" 329
"../../../Engine/Plugins/Enterprise/VariantManager/VariantManager.uplugin" 330
"../../../Engine/Plugins/Enterprise/VariantManagerContent/VariantManagerContent.uplugin" 331
"../../../Engine/Plugins/Interchange/Editor/InterchangeEditor.uplugin" 332
"../../../Engine/Plugins/Interchange/Runtime/Interchange.uplugin" 333
"../../../Engine/Plugins/Online/EOSShared/EOSShared.uplugin" 334
"../../../Engine/Plugins/Online/OnlineBase/OnlineBase.uplugin" 335
"../../../Engine/Plugins/Online/OnlineFramework/OnlineFramework.uplugin" 336
"../../../Engine/Plugins/Online/OnlineServices/OnlineServices.uplugin" 337
"../../../Engine/Plugins/Online/OnlineServicesEOS/OnlineServicesEOS.uplugin" 338
"../../../Engine/Plugins/Online/OnlineServicesEOSGS/OnlineServicesEOSGS.uplugin" 339
"../../../Engine/Plugins/Online/OnlineServicesOSSAdapter/OnlineServicesOSSAdapter.uplugin" 340
"../../../Engine/Plugins/Online/OnlineSubsystem/OnlineSubsystem.uplugin" 341
"../../../Engine/Plugins/Online/OnlineServicesNull/OnlineServicesNull.uplugin" 342
"../../../Engine/Plugins/Online/OnlineSubsystemAmazon/OnlineSubsystemAmazon.uplugin" 343
"../../../Engine/Plugins/Online/OnlineSubsystemApple/OnlineSubsystemApple.uplugin" 344
"../../../Engine/Plugins/Online/OnlineSubsystemEOS/OnlineSubsystemEOS.uplugin" 345
"../../../Engine/Plugins/Online/OnlineSubsystemFacebook/OnlineSubsystemFacebook.uplugin" 346
"../../../Engine/Plugins/Online/OnlineSubsystemGoogle/OnlineSubsystemGoogle.uplugin" 347
"../../../Engine/Plugins/Online/OnlineSubsystemTencent/OnlineSubsystemTencent.uplugin" 348
"../../../Engine/Plugins/Online/OnlineSubsystemOculus/OnlineSubsystemOculus.uplugin" 349
"../../../Engine/Plugins/Online/OnlineSubsystemNull/OnlineSubsystemNull.uplugin" 350
"../../../Engine/Plugins/Online/OnlineSubsystemSteam/OnlineSubsystemSteam.uplugin" 351
"../../../Engine/Plugins/Online/SocketSubsystemEOS/SocketSubsystemEOS.uplugin" 352
"../../../Engine/Plugins/Online/OnlineSubsystemUtils/OnlineSubsystemUtils.uplugin" 353
"../../../Engine/Plugins/Compositing/Composure/Composure.uplugin" 354
"../../../Engine/Plugins/Compositing/LensDistortion/LensDistortion.uplugin" 355
"../../../Engine/Plugins/Online/WebAuth/WebAuth.uplugin" 356
"../../../Engine/Plugins/Compositing/OpenColorIO/OpenColorIO.uplugin" 357
"../../../Engine/Plugins/FX/CascadeToNiagaraConverter/CascadeToNiagaraConverter.uplugin" 358
"../../../Engine/Plugins/FX/ExampleCustomDataInterface/ExampleCustomDataInterface.uplugin" 359
"../../../Engine/Plugins/FX/Niagara/Niagara.uplugin" 360
"../../../Engine/Plugins/FX/NiagaraFluids/NiagaraFluids.uplugin" 361
"../../../Engine/Plugins/Enterprise/DatasmithGLTFImporter/DatasmithGLTFImporter.uplugin" 362
"../../../Engine/Plugins/FX/NiagaraSimCaching/NiagaraSimCaching.uplugin" 363
"../../../Engine/Plugins/Messaging/TcpMessaging/TcpMessaging.uplugin" 364
"../../../Engine/Plugins/Messaging/MessagingDebugger/MessagingDebugger.uplugin" 365
"../../../Engine/Plugins/Performance/PerformanceMonitor/PerformanceMonitor.uplugin" 366
"../../../Engine/Plugins/Messaging/UdpMessaging/UdpMessaging.uplugin" 367
"../../../Engine/Plugins/Tests/AutomationDriverTests/AutomationDriverTests.uplugin" 368
"../../../Engine/Plugins/Web/HttpBlueprint/HttpBlueprint.uplugin" 369
"../../../Engine/Plugins/Tests/FbxAutomationTestBuilder/FbxAutomationTestBuilder.uplugin" 370
"../../../Engine/Plugins/Tests/FunctionalTestingEditor/FunctionalTestingEditor.uplugin" 371
"../../../Engine/Plugins/Tests/EditorTests/EditorTests.uplugin" 372
"../../../Engine/Plugins/Tests/PythonAutomationTest/PythonAutomationTest.uplugin" 373
"../../../Engine/Plugins/Tests/InterchangeTests/InterchangeTests.uplugin" 374
"../../../Engine/Plugins/Tests/RHITests/RHITests.uplugin" 375
"../../../Engine/Plugins/Tests/RuntimeTests/RuntimeTests.uplugin" 376
"../../../Engine/Plugins/Tests/TestSamples/TestSamples.uplugin" 377
"../../../Engine/Plugins/VirtualProduction/CameraCalibrationCore/CameraCalibrationCore.uplugin" 378
"../../../Engine/Plugins/VirtualProduction/CameraCalibration/CameraCalibration.uplugin" 379
"../../../Engine/Plugins/VirtualProduction/CompositePlane/CompositePlane.uplugin" 380
"../../../Engine/Plugins/VirtualProduction/DataCharts/DataCharts.uplugin" 381
"../../../Engine/Plugins/VirtualProduction/EpicStageApp/EpicStageApp.uplugin" 382
"../../../Engine/Plugins/VirtualProduction/ICVFX/ICVFX.uplugin" 383
"../../../Engine/Plugins/VirtualProduction/LevelSnapshots/LevelSnapshots.uplugin" 384
"../../../Engine/Plugins/VirtualProduction/LiveLinkCamera/LiveLinkCamera.uplugin" 385
"../../../Engine/Plugins/VirtualProduction/LiveLinkLens/LiveLinkLens.uplugin" 386
"../../../Engine/Plugins/VirtualProduction/LiveLinkFreeD/LiveLinkFreeD.uplugin" 387
"../../../Engine/Plugins/VirtualProduction/LiveLinkMasterLockit/LiveLinkMasterLockit.uplugin" 388
"../../../Engine/Plugins/VirtualProduction/LiveLinkPrestonMDR/LiveLinkPrestonMDR.uplugin" 389
"../../../Engine/Plugins/VirtualProduction/LiveLinkVRPN/LiveLinkVRPN.uplugin" 390
"../../../Engine/Plugins/VirtualProduction/LiveLinkXR/LiveLinkXR.uplugin" 391
"../../../Engine/Plugins/VirtualProduction/MultiUserTakes/MultiUserTakes.uplugin" 392
"../../../Engine/Plugins/VirtualProduction/RemoteControlInterception/RemoteControlInterception.uplugin" 393
"../../../Engine/Plugins/VirtualProduction/RemoteControlProtocolDMX/RemoteControlProtocolDMX.uplugin" 394
"../../../Engine/Plugins/VirtualProduction/RemoteControlProtocolMIDI/RemoteControlProtocolMIDI.uplugin" 395
"../../../Engine/Plugins/VirtualProduction/RemoteControl/RemoteControl.uplugin" 396
"../../../Engine/Plugins/VirtualProduction/RemoteControlProtocolOSC/RemoteControlProtocolOSC.uplugin" 397
"../../../Engine/Plugins/VirtualProduction/RemoteControlWebInterface/RemoteControlWebInterface.uplugin" 398
"../../../Engine/Plugins/VirtualProduction/SequencerPlaylists/SequencerPlaylists.uplugin" 399
"../../../Engine/Plugins/VirtualProduction/StageMonitoring/StageMonitoring.uplugin" 400
"../../../Engine/Plugins/VirtualProduction/Switchboard/Switchboard.uplugin" 401
"../../../Engine/Plugins/VirtualProduction/Takes/Takes.uplugin" 402
"../../../Engine/Plugins/VirtualProduction/TextureShare/TextureShare.uplugin" 403
"../../../Engine/Plugins/VirtualProduction/TimedDataMonitor/TimedDataMonitor.uplugin" 404
"../../../Engine/Plugins/Editor/AssetManagerEditor/AssetManagerEditor.uplugin" 405
"../../../Engine/Plugins/Editor/AssetReferenceRestrictions/AssetReferenceRestrictions.uplugin" 406
"../../../Engine/Plugins/Editor/AssetRegistryExport/AssetRegistryExport.uplugin" 407
"../../../Engine/Plugins/Editor/AssetSearch/AssetSearch.uplugin" 408
"../../../Engine/Plugins/2D/Paper2D/Paper2D.uplugin" 409
"../../../Engine/Plugins/Editor/BlueprintHeaderView/BlueprintHeaderView.uplugin" 410
"../../../Engine/Plugins/Editor/ChangelistReview/ChangelistReview.uplugin" 411
"../../../Engine/Plugins/Editor/BlueprintMaterialTextureNodes/BlueprintMaterialTextureNodes.uplugin" 412
"../../../Engine/Plugins/Editor/ConsoleVariablesEditor/ConsoleVariables.uplugin" 413
"../../../Engine/Plugins/Editor/CryptoKeys/CryptoKeys.uplugin" 414
"../../../Engine/Plugins/Compositing/OpenCVLensDistortion/OpenCVLensDistortion.uplugin" 415
"../../../Engine/Plugins/Editor/CurveEditorTools/CurveEditorTools.uplugin" 416
"../../../Engine/Plugins/Editor/DataValidation/DataValidation.uplugin" 417
"../../../Engine/Plugins/Editor/DisplayClusterLaunch/DisplayClusterLaunch.uplugin" 418
"../../../Engine/Plugins/Editor/EditorDebugTools/EditorDebugTools.uplugin" 419
"../../../Engine/Plugins/Editor/EditorScriptingUtilities/EditorScriptingUtilities.uplugin" 420
"../../../Engine/Plugins/Editor/EngineAssetDefinitions/EngineAssetDefinitions.uplugin" 421
"../../../Engine/Plugins/Media/MediaPlate/MediaPlate.uplugin" 422
"../../../Engine/Plugins/Editor/GameplayTagsEditor/GameplayTagsEditor.uplugin" 423
"../../../Engine/Plugins/Editor/GeometryMode/GeometryMode.uplugin" 424
"../../../Engine/Plugins/Editor/GLTFImporter/GLTFImporter.uplugin" 425
"../../../Engine/Plugins/Editor/GuidedTutorials/GuidedTutorials.uplugin" 426
"../../../Engine/Plugins/Editor/MacGraphicsSwitching/MacGraphicsSwitching.uplugin" 427
"../../../Engine/Plugins/Editor/LiveUpdateForSlate/LiveUpdateForSlate.uplugin" 428
"../../../Engine/Plugins/Editor/MakeCookedEditorAsDLC/MakeCookedEditorAsDLC.uplugin" 429
"../../../Engine/Plugins/Editor/MaterialAnalyzer/MaterialAnalyzer.uplugin" 430
"../../../Engine/Plugins/Editor/MobileLauncherProfileWizard/MobileLauncherProfileWizard.uplugin" 431
"../../../Engine/Plugins/Editor/ModelingToolsEditorMode/ModelingToolsEditorMode.uplugin" 432
"../../../Engine/Plugins/Editor/PluginBrowser/PluginBrowser.uplugin" 433
"../../../Engine/Plugins/Editor/SequencerAnimTools/SequencerAnimTools.uplugin" 434
"../../../Engine/Plugins/Editor/StylusInput/StylusInput.uplugin" 435
"../../../Engine/Plugins/Editor/SpeedTreeImporter/SpeedTreeImporter.uplugin" 436
"../../../Engine/Plugins/Editor/WaveformEditor/WaveformEditor.uplugin" 437
"../../../Engine/Plugins/Editor/WorldPartitionHLODUtilities/WorldPartitionHLODUtilities.uplugin" 438
"../../../Engine/Plugins/Protocols/MQTT/MQTT.uplugin" 439
"../../../Engine/Plugins/Slate/SlateScripting/SlateScripting.uplugin" 440
"../../../Engine/Plugins/Slate/SlateInsights/SlateInsights.uplugin" 441
"../../../Engine/Plugins/Experimental/Enterprise/DataprepGeometryOperations/DataprepGeometryOperations.uplugin" 442
"../../../Engine/Plugins/Experimental/Enterprise/DatasmithInterchange/DatasmithInterchange.uplugin" 443
"../../../Engine/Plugins/Experimental/Enterprise/DatasmithRuntime/DatasmithRuntime.uplugin" 444
"../../../Engine/Plugins/Runtime/AR/ARUtilities/ARUtilities.uplugin" 445
"../../../Engine/Plugins/Editor/FacialAnimation/FacialAnimation.uplugin" 446
"../../../Engine/Plugins/Runtime/AR/AzureSpatialAnchorsForARCore/AzureSpatialAnchorsForARCore.uplugin" 447
"../../../Engine/Plugins/Runtime/AR/AzureSpatialAnchorsForARKit/AzureSpatialAnchorsForARKit.uplugin" 448
"../../../Engine/Plugins/Runtime/Database/ADOSupport/ADOSupport.uplugin" 449
"../../../Engine/Plugins/Runtime/AR/AzureSpatialAnchors/AzureSpatialAnchors.uplugin" 450
"../../../Engine/Plugins/Runtime/Database/DatabaseSupport/DatabaseSupport.uplugin" 451
"../../../Engine/Plugins/Runtime/Database/SQLiteCore/SQLiteCore.uplugin" 452
"../../../Engine/Plugins/Runtime/Database/SQLiteSupport/SQLiteSupport.uplugin" 453
"../../../Engine/Plugins/Runtime/Database/RemoteDatabaseSupport/RemoteDatabaseSupport.uplugin" 454
"../../../Engine/Plugins/Runtime/Nvidia/GeForceNOWWrapper/GeForceNOWWrapper.uplugin" 455
"../../../Engine/Plugins/Runtime/Nvidia/Reflex/Reflex.uplugin" 456
"../../../Engine/Plugins/Runtime/Windows/WinDualShock/WinDualShock.uplugin" 457
"../../../Engine/Plugins/Editor/ContentBrowser/ContentBrowserAliasDataSoure/ContentBrowserAliasDataSource.uplugin" 458
"../../../Engine/Plugins/Editor/ContentBrowser/ContentBrowserFileDataSource/ContentBrowserFileDataSource.uplugin" 459
"../../../Engine/Plugins/Editor/ContentBrowser/ContentBrowserAssetDataSource/ContentBrowserAssetDataSource.uplugin" 460
"../../../Engine/Plugins/Editor/ContentBrowser/ContentBrowserClassDataSource/ContentBrowserClassDataSource.uplugin" 461
"../../../Engine/Plugins/Experimental/CharacterFXEditor/BaseCharacterFXEditor/BaseCharacterFXEditor.uplugin" 462
"../../../Engine/Plugins/Experimental/CharacterFXEditor/ExampleCharacterFXEditor/ExampleCharacterFXEditor.uplugin" 463
"../../../Engine/Plugins/Runtime/Advertising/IOSTapJoy/IOSTapJoy.uplugin" 464
"../../../Engine/Plugins/Runtime/Oculus/OculusAudio/OculusAudio.uplugin" 465
"../../../Engine/Plugins/VirtualProduction/DMX/DatasmithMVR/DatasmithMVR.uplugin" 466
"../../../Engine/Plugins/Runtime/Oculus/OculusVR/OculusVR.uplugin" 467
"../../../Engine/Plugins/VirtualProduction/DMX/DMXControlConsole/DMXControlConsole.uplugin" 468
"../../../Engine/Plugins/VirtualProduction/DMX/DMXDisplayCluster/DMXDisplayCluster.uplugin" 469
"../../../Engine/Plugins/VirtualProduction/DMX/DMXFixtures/DMXFixtures.uplugin" 470
"../../../Engine/Plugins/VirtualProduction/DMX/DMXEngine/DMXEngine.uplugin" 471
"../../../Engine/Plugins/VirtualProduction/DMX/DMXPixelMapping/DMXPixelMapping.uplugin" 472
"../../../Engine/Plugins/VirtualProduction/DMX/DMXProtocol/DMXProtocol.uplugin" 473
"../../../Engine/Plugins/VirtualProduction/DMX/DMXModularFeatures/DMXModularFeatures.uplugin" 474
"../../../Engine/Plugins/VirtualProduction/Rivermax/RivermaxCore/RivermaxCore.uplugin" 475
"../../../Engine/Plugins/VirtualProduction/Rivermax/RivermaxMedia/RivermaxMedia.uplugin" 476
"../../../Engine/Plugins/Experimental/Web/WebAPI/WebAPI.uplugin" 477
"../../../Engine/Plugins/Experimental/AR/PointCloud/PointCloud.uplugin" 478
"../../../Engine/Plugins/Runtime/MeshReconstruction/DummyMeshReconstructor/DummyMeshReconstructor.uplugin" 479
"../../../Engine/Plugins/Runtime/Steam/SteamAudio/SteamAudio.uplugin" 480
"../../../Engine/Plugins/Runtime/Steam/SteamController/SteamController.uplugin" 481
"../../../Engine/Plugins/Runtime/Steam/SteamSockets/SteamSockets.uplugin" 482
"../../../Engine/Plugins/Runtime/Steam/SteamVR/SteamVR.uplugin" 483
"../../../Engine/Plugins/Runtime/XR/XRVisualization/XRVisualization.uplugin" 484
"../../../Engine/Plugins/Animation/MLDeformer/MLDeformerFramework/MLDeformerFramework.uplugin" 485
"../../../Engine/Plugins/Animation/MLDeformer/NearestNeighborModel/NearestNeighborModel.uplugin" 486
"../../../Engine/Plugins/Animation/MLDeformer/NeuralMorphModel/NeuralMorphModel.uplugin" 487
"../../../Engine/Plugins/Animation/MLDeformer/VertexDeltaModel/VertexDeltaModel.uplugin" 488
"../../../Engine/Plugins/Experimental/Animation/ContextualAnimation/ContextualAnimation.uplugin" 489
"../../../Engine/Plugins/Experimental/Animation/CurveExpression/CurveExpression.uplugin" 490
"../../../Engine/Plugins/Experimental/Animation/MotionTrajectory/MotionTrajectory.uplugin" 491
"../../../Engine/Plugins/Experimental/Animation/Optimus/Optimus.uplugin" 492
"../../../Engine/Plugins/Experimental/Animation/PoseSearch/PoseSearch.uplugin" 493
"../../../Engine/Plugins/Experimental/Animation/SkeletalMeshModelingTools/SkeletalMeshModelingTools.uplugin" 494
"../../../Engine/Plugins/Experimental/VirtualProduction/LedWallCalibration/LedWallCalibration.uplugin" 495
"../../../Engine/Plugins/Experimental/Animation/PoseCorrectives/PoseCorrectives.uplugin" 496
"../../../Engine/Plugins/Runtime/Analytics/Adjust/Adjust.uplugin" 497
"../../../Engine/Plugins/Runtime/Analytics/AnalyticsBlueprintLibrary/AnalyticsBlueprintLibrary.uplugin" 498
"../../../Engine/Plugins/Runtime/Analytics/AnalyticsMulticast/AnalyticsMulticast.uplugin" 499
"../../../Engine/Plugins/Experimental/VirtualProduction/VPRoles/VPRoles.uplugin" 500
"../../../Engine/Plugins/Runtime/Analytics/FileLogging/FileLogging.uplugin" 501
"../../../Engine/Plugins/Experimental/VirtualProduction/VPSettings/VPSettings.uplugin" 502
"../../../Engine/Plugins/Runtime/Steam/SteamShared/SteamShared.uplugin" 503
"../../../Engine/Plugins/Runtime/PacketHandlers/AESGCMHandlerComponent/AESGCMHandlerComponent.uplugin" 504
"../../../Engine/Plugins/Online/Android/OnlineSubsystemGooglePlay/OnlineSubsystemGooglePlay.uplugin" 505
"../../../Engine/Plugins/Runtime/PacketHandlers/AESHandlerComponent/AESHandlerComponent.uplugin" 506
"../../../Engine/Plugins/Online/VoiceChat/EOSVoiceChat/EOSVoiceChat.uplugin" 507
"../../../Engine/Plugins/Runtime/Analytics/Flurry/Flurry.uplugin" 508
"../../../Engine/Plugins/Online/Android/AndroidFetchBackgroundDownload/AndroidFetchBackgroundDownload.uplugin" 509
"../../../Engine/Plugins/Runtime/PacketHandlers/DTLSHandlerComponent/DTLSHandlerComponent.uplugin" 510
"../../../Engine/Plugins/Editor/ObjectMixer/LightMixer/LightMixer.uplugin" 511
"../../../Engine/Plugins/Online/IOS/OnlineSubsystemIOS/OnlineSubsystemIOS.uplugin" 512
"../../../Engine/Plugins/Editor/ObjectMixer/ObjectMixer/ObjectMixer.uplugin" 513
"../../../Engine/Plugins/Online/VoiceChat/VoiceChat/VoiceChat.uplugin" 514
"../../../Engine/Plugins/Developer/Concert/ConcertMain/ConcertMain.uplugin" 515
"../../../Engine/Plugins/Experimental/AVCodecs/AMFCodecs/AMFCodecs.uplugin" 516
"../../../Engine/Plugins/Experimental/AVCodecs/NVCodecs/NVCodecs.uplugin" 517
"../../../Engine/Plugins/Experimental/AVCodecs/WMFCodecs/WMFCodecs.uplugin" 518
"../../../Engine/Plugins/Experimental/AVCodecs/AVCodecsCore/AVCodecsCore.uplugin" 519
"../../../Engine/Plugins/Developer/Concert/ConcertUI/ConcertClientSharedSlate/ConcertClientSharedSlate.uplugin" 520
"../../../Engine/Plugins/Developer/Concert/ConcertUI/ConcertSharedSlate/ConcertSharedSlate.uplugin" 521
"../../../Engine/Plugins/Runtime/AR/Google/GoogleARCore/GoogleARCore.uplugin" 522
"../../../Engine/Plugins/Runtime/AR/Google/GoogleARCoreServices/GoogleARCoreServices.uplugin" 523
"../../../Engine/Plugins/Developer/Concert/ConcertSync/ConcertSyncClient/ConcertSyncClient.uplugin" 524
"../../../Engine/Plugins/Developer/Concert/ConcertSync/ConcertSyncServer/ConcertSyncServer.uplugin" 525
"../../../Engine/Plugins/Developer/Concert/ConcertSync/ConcertSyncCore/ConcertSyncCore.uplugin" 526
"../../../Engine/Plugins/Developer/Concert/ConcertSync/ConcertSyncTest/ConcertSyncTest.uplugin" 527
"../../../Engine/Plugins/Developer/Concert/ConcertApp/DisasterRecoveryClient/DisasterRecoveryClient.uplugin" 528
"../../../Engine/Plugins/Developer/Concert/ConcertApp/MultiUserClient/MultiUserClient.uplugin" 529
"../../../Engine/Plugins/Runtime/AR/AppleAR/AppleARKitFaceSupport/AppleARKitFaceSupport.uplugin" 530
"../../../Engine/Plugins/Runtime/AR/AppleAR/AppleARKit/AppleARKit.uplugin" 531
"../../../Engine/Plugins/Developer/Concert/ConcertApp/MultiUserServer/MultiUserServer.uplugin" 532
"../../../Engine/Platforms/HoloLens/Plugins/Media/BinkMedia/BinkMedia_HoloLens.uplugin" 533
"../../../Engine/Platforms/HoloLens/Plugins/Online/OnlineServicesEOS/OnlineServicesEOS_HoloLens.uplugin" 534
"../../../Engine/Platforms/HoloLens/Plugins/Online/OnlineServicesEOSGS/OnlineServicesEOSGS_HoloLens.uplugin" 535
"../../../Engine/Platforms/HoloLens/Plugins/Compression/OodleNetwork/OodleNetwork_HoloLens.uplugin" 536
"../../../Engine/Platforms/HoloLens/Plugins/Media/MfMedia/MfMedia_HoloLens.uplugin" 537
"../../../Engine/Platforms/HoloLens/Plugins/Runtime/MicrosoftSpatialAudio/MicroSoftSpatialSound_HoloLens.uplugin" 538
"../../../Engine/Platforms/HoloLens/Plugins/Runtime/ApexDestruction/ApexDestruction_HoloLens.uplugin" 539
"../../../Engine/Platforms/HoloLens/Plugins/Runtime/OpenXREyeTracker/OpenXREyeTracker_HoloLens.uplugin" 540
"../../../Engine/Platforms/HoloLens/Plugins/Runtime/OpenXR/OpenXR_HoloLens.uplugin" 541
"../../../Engine/Platforms/HoloLens/Plugins/Runtime/OpenXRHandTracking/OpenXRHandTracking_HoloLens.uplugin" 542
"../../../Engine/Platforms/HoloLens/Plugins/Runtime/AR/AzureSpatialAnchors/AzureSpatialAnchors_HoloLens.uplugin" 543
"../../../Engine/Platforms/HoloLens/Plugins/Runtime/OpenXRMsftHandInteraction/OpenXRMsftHandInteraction_HoloLens.uplugin" 544
"../../../Engine/Platforms/HoloLens/Plugins/Runtime/GeoReferencing/GeoReferencing_HoloLens.uplugin" 545
"../../../Engine/Platforms/HoloLens/Plugins/Media/HLMedia/HLMedia_HoloLens.uplugin" 546
"../../../Engine/Content/Internationalization/icudt64l/cnvalias.icu" 547
"../../../Engine/Content/Internationalization/icudt64l/res_index.res" 548
"../../../Engine/Content/Internationalization/icudt64l/plurals.res" 549
"../../../Engine/Content/Internationalization/icudt64l/lang/pl.res" 550
"../../../Engine/Content/Internationalization/icudt64l/lang/pool.res" 551
"../../../Engine/Content/Internationalization/icudt64l/lang/root.res" 552
"../../../Engine/Content/Internationalization/icudt64l/region/pl.res" 553
"../../../Engine/Content/Internationalization/icudt64l/region/pool.res" 554
"../../../Engine/Content/Internationalization/icudt64l/region/root.res" 555
"../../../Engine/Content/Internationalization/icudt64l/lang/en.res" 556
"../../../Engine/Content/Internationalization/icudt64l/region/en.res" 557
"../../../Engine/Content/Internationalization/icudt64l/windowsZones.res" 558
"../../../Engine/Content/Internationalization/icudt64l/zoneinfo64.res" 559
"../../../Engine/Content/Internationalization/icudt64l/keyTypeData.res" 560
"../../../Engine/Content/Internationalization/icudt64l/timezoneTypes.res" 561
"../../../Engine/Content/Internationalization/icudt64l/likelySubtags.res" 562
"../../../Engine/Content/Internationalization/icudt64l/pl_PL.res" 563
"../../../Engine/Content/Internationalization/icudt64l/pool.res" 564
"../../../Engine/Content/Internationalization/icudt64l/pl.res" 565
"../../../Engine/Content/Internationalization/icudt64l/root.res" 566
"../../../Engine/Content/Internationalization/icudt64l/supplementalData.res" 567
"../../../Engine/Config/ConfigRedirects.ini" 568
"../../../Engine/Config/Base.ini" 569
"C:/Users/pduli/AppData/Local/UnrealEngine/5.2/Saved/Config/WindowsEditor/Manifest.ini" 570
"../../../Engine/Config/BaseEngine.ini" 571
"../../../Engine/Config/Windows/BaseWindowsEngine.ini" 572
"../../../../../UE Projects/SixMinutesAtChonkers/Config/DefaultEngine.ini" 573
"../../../Engine/Config/Linux/BaseLinuxEngine.ini" 574
"../../../Engine/Platforms/HoloLens/Config/BaseHoloLensEngine.ini" 575
"../../../Engine/Config/Windows/WindowsEngine.ini" 576
"../../../Engine/Config/IOS/BaseIOSEngine.ini" 577
"../../../Engine/Config/HoloLens/HoloLensEngine.ini" 578
"../../../Engine/Config/Unix/UnixEngine.ini" 579
"../../../../../UE Projects/SixMinutesAtChonkers/Platforms/HoloLens/Config/HoloLensEngine.ini" 580
"../../../Engine/Config/Linux/LinuxEngine.ini" 581
"../../../Engine/Config/IOS/IOSEngine.ini" 582
"E:/UE Projects/SixMinutesAtChonkers/Saved/Config/WindowsEditor/Engine.ini" 583
"../../../Engine/Config/Android/BaseAndroidEngine.ini" 584
"../../../Engine/Config/Android/AndroidEngine.ini" 585
"../../../Engine/Config/BaseGame.ini" 586
"../../../../../UE Projects/SixMinutesAtChonkers/Config/DefaultGame.ini" 587
"../../../Engine/Config/HoloLens/HoloLensGame.ini" 588
"../../../Engine/Config/IOS/BaseIOSGame.ini" 589
"../../../Engine/Config/Windows/WindowsGame.ini" 590
"../../../Engine/Config/IOS/IOSGame.ini" 591
"../../../Engine/Config/Android/BaseAndroidGame.ini" 592
"E:/UE Projects/SixMinutesAtChonkers/Saved/Config/WindowsEditor/Game.ini" 593
"../../../Engine/Config/BaseInput.ini" 594
"../../../Engine/Config/Linux/LinuxGame.ini" 595
"../../../../../UE Projects/SixMinutesAtChonkers/Config/DefaultInput.ini" 596
"../../../Engine/Config/BaseDeviceProfiles.ini" 597
"../../../Engine/Config/BaseGameUserSettings.ini" 598
"../../../Engine/Config/BaseScalability.ini" 599
"../../../Engine/Config/Android/AndroidScalability.ini" 600
"../../../Engine/Config/BaseRuntimeOptions.ini" 601
"../../../Engine/Config/BaseInstallBundle.ini" 602
"../../../Engine/Config/Android/BaseAndroidInstallBundle.ini" 603
"../../../Engine/Config/BaseHardware.ini" 604
"../../../Engine/Config/Windows/WindowsInput.ini" 605
"E:/UE Projects/SixMinutesAtChonkers/Saved/Config/WindowsEditor/Input.ini" 606
"E:/UE Projects/SixMinutesAtChonkers/Saved/Config/WindowsEditor/DeviceProfiles.ini" 607
"../../../Engine/Config/IOS/IOSScalability.ini" 608
"../../../Engine/Config/Mac/BaseMacEngine.ini" 609
"../../../Engine/Config/LinuxArm64/BaseLinuxArm64Engine.ini" 610
"E:/UE Projects/SixMinutesAtChonkers/Saved/Config/WindowsEditor/GameUserSettings.ini" 611
"../../../Engine/Config/Mac/MacEngine.ini" 612
"../../../Engine/Config/LinuxArm64/LinuxArm64Engine.ini" 613
"E:/UE Projects/SixMinutesAtChonkers/Saved/Config/WindowsEditor/Scalability.ini" 614
"../../../Engine/Config/Mac/MacGame.ini" 615
"E:/UE Projects/SixMinutesAtChonkers/Saved/Config/WindowsEditor/RuntimeOptions.ini" 616
"E:/UE Projects/SixMinutesAtChonkers/Saved/Config/WindowsEditor/InstallBundle.ini" 617
"E:/UE Projects/SixMinutesAtChonkers/Saved/Config/WindowsEditor/Hardware.ini" 618
"../../../Engine/Config/TVOS/TVOSEngine.ini" 619
"../../../Engine/Config/BaseCompat.ini" 620
"E:/UE Projects/SixMinutesAtChonkers/Saved/Config/WindowsEditor/Compat.ini" 621
"../../../Engine/Config/BaseLightmass.ini" 622
"E:/UE Projects/SixMinutesAtChonkers/Saved/Config/WindowsEditor/Lightmass.ini" 623
"../../../Engine/Config/BaseEditor.ini" 624
"../../../../../UE Projects/SixMinutesAtChonkers/Config/DefaultEditor.ini" 625
"E:/UE Projects/SixMinutesAtChonkers/Saved/Config/WindowsEditor/Editor.ini" 626
"../../../Engine/Config/BaseEditorPerProjectUserSettings.ini" 627
"../../../../../UE Projects/SixMinutesAtChonkers/Config/DefaultEditorPerProjectUserSettings.ini" 628
"../../../Engine/Config/Windows/WindowsEditorPerProjectUserSettings.ini" 629
"E:/UE Projects/SixMinutesAtChonkers/Saved/Config/WindowsEditor/EditorPerProjectUserSettings.ini" 630
"../../../Engine/Config/BaseEditorSettings.ini" 631
"C:/Users/pduli/AppData/Local/UnrealEngine/5.2/Saved/Config/WindowsEditor/EditorSettings.ini" 632
"../../../Engine/Config/BaseEditorKeyBindings.ini" 633
"C:/Users/pduli/AppData/Local/UnrealEngine/5.2/Saved/Config/WindowsEditor/EditorKeyBindings.ini" 634
"C:/Users/pduli/AppData/Local/UnrealEngine/5.2/Saved/Config/WindowsEditor/EditorLayout.ini" 635
"../../../Engine/Binaries/Win64/BootstrapPackagedGame-Win64-Shipping.target" 636
"../../../Engine/Binaries/Win64/BuildPatchTool-Win64-Shipping.target" 637
"../../../Engine/Binaries/Win64/CrashReportClient-Win64-Shipping.target" 638
"../../../Engine/Binaries/Win64/CrashReportClientEditor-Win64-Shipping.target" 639
"../../../Engine/Binaries/Win64/DatasmithCADWorker.target" 640
"../../../Engine/Binaries/Win64/EpicWebHelper-Win64-Shipping.target" 641
"../../../Engine/Binaries/Win64/InterchangeWorker.target" 642
"../../../Engine/Binaries/Win64/LiveCodingConsole.target" 643
"../../../Engine/Binaries/Win64/ShaderCompileWorker.target" 644
"../../../Engine/Binaries/Win64/SwitchboardListener.target" 645
"../../../Engine/Binaries/Win64/SwitchboardListenerHelper.target" 646
"../../../Engine/Binaries/Win64/UnrealEditor-Win64-DebugGame.target" 647
"../../../Engine/Binaries/Win64/UnrealEditor.target" 648
"../../../Engine/Plugins/Bridge/Config/BaseBridge.ini" 649
"E:/UE Projects/SixMinutesAtChonkers/Saved/Config/WindowsEditor/Bridge.ini" 650
"../../../Engine/Plugins/EnhancedInput/Config/BaseEnhancedInput.ini" 651
"E:/UE Projects/SixMinutesAtChonkers/Saved/Config/WindowsEditor/EnhancedInput.ini" 652
"../../../Engine/Plugins/EnhancedInput/Config/Input.ini" 653
"../../../Engine/Plugins/TraceUtilities/Config/BaseTraceUtilities.ini" 654
"E:/UE Projects/SixMinutesAtChonkers/Saved/Config/WindowsEditor/TraceUtilities.ini" 655
"../../../Engine/Plugins/Animation/ControlRig/Config/BaseControlRig.ini" 656
"E:/UE Projects/SixMinutesAtChonkers/Saved/Config/WindowsEditor/ControlRig.ini" 657
"../../../Engine/Plugins/Animation/IKRig/Config/BaseIKRig.ini" 658
"E:/UE Projects/SixMinutesAtChonkers/Saved/Config/WindowsEditor/IKRig.ini" 659
"../../../Engine/Plugins/Developer/TraceDataFiltering/Config/BaseTraceDataFilters.ini" 660
"E:/UE Projects/SixMinutesAtChonkers/Saved/Config/WindowsEditor/TraceDataFilters.ini" 661
"../../../Engine/Plugins/Experimental/FullBodyIK/Config/BaseFullBodyIK.ini" 662
"E:/UE Projects/SixMinutesAtChonkers/Saved/Config/WindowsEditor/FullBodyIK.ini" 663
"../../../Engine/Plugins/Runtime/InputDebugging/Config/Input.ini" 664
"../../../Engine/Plugins/Runtime/Metasound/Config/BaseMetasound.ini" 665
"E:/UE Projects/SixMinutesAtChonkers/Saved/Config/WindowsEditor/Metasound.ini" 666
"../../../Engine/Plugins/Runtime/Synthesis/Config/BaseSynthesis.ini" 667
"E:/UE Projects/SixMinutesAtChonkers/Saved/Config/WindowsEditor/Synthesis.ini" 668
"../../../Engine/Plugins/Enterprise/DatasmithContent/Config/BaseDatasmithContent.ini" 669
"E:/UE Projects/SixMinutesAtChonkers/Saved/Config/WindowsEditor/DatasmithContent.ini" 670
"../../../Engine/Plugins/Enterprise/GLTFExporter/Config/BaseGLTFExporter.ini" 671
"../../../Engine/Plugins/Enterprise/GLTFExporter/Config/DefaultGLTFExporter.ini" 672
"E:/UE Projects/SixMinutesAtChonkers/Saved/Config/WindowsEditor/GLTFExporter.ini" 673
"../../../Engine/Plugins/Enterprise/VariantManagerContent/Config/BaseVariantManagerContent.ini" 674
"E:/UE Projects/SixMinutesAtChonkers/Saved/Config/WindowsEditor/VariantManagerContent.ini" 675
"../../../Engine/Plugins/Interchange/Runtime/Config/BaseInterchange.ini" 676
"E:/UE Projects/SixMinutesAtChonkers/Saved/Config/WindowsEditor/Interchange.ini" 677
"../../../Engine/Plugins/FX/Niagara/Config/BaseNiagara.ini" 678
"E:/UE Projects/SixMinutesAtChonkers/Saved/Config/WindowsEditor/Niagara.ini" 679
"../../../Engine/Plugins/2D/Paper2D/Config/BasePaper2D.ini" 680
"E:/UE Projects/SixMinutesAtChonkers/Saved/Config/WindowsEditor/Paper2D.ini" 681
"../../../Engine/Plugins/Editor/EditorScriptingUtilities/Config/BaseEditorScriptingUtilities.ini" 682
"E:/UE Projects/SixMinutesAtChonkers/Saved/Config/WindowsEditor/EditorScriptingUtilities.ini" 683
"../../../Engine/Plugins/Editor/ModelingToolsEditorMode/Binaries/Win64/UnrealEditor.modules" 684
"../../../Engine/Plugins/Runtime/MeshModelingToolset/Binaries/Win64/UnrealEditor.modules" 685
"../../../Engine/Plugins/Experimental/MeshModelingToolsetExp/Binaries/Win64/UnrealEditor.modules" 686
"../../../Engine/Plugins/Experimental/MeshLODToolset/Binaries/Win64/UnrealEditor.modules" 687
"../../../Engine/Plugins/Editor/StylusInput/Binaries/Win64/UnrealEditor.modules" 688
"../../../Engine/Plugins/Experimental/ToolPresets/Binaries/Win64/UnrealEditor.modules" 689
"../../../Engine/Plugins/Runtime/GeometryProcessing/Binaries/Win64/UnrealEditor.modules" 690
"../../../Engine/Plugins/Experimental/ProxyLODPlugin/Binaries/Win64/UnrealEditor.modules" 691
"../../../Engine/Plugins/Experimental/GeometryFlow/Binaries/Win64/UnrealEditor.modules" 692
"../../../Engine/Plugins/Editor/EditorScriptingUtilities/Binaries/Win64/UnrealEditor.modules" 693
"../../../Engine/Plugins/Bridge/Binaries/Win64/UnrealEditor.modules" 694
"../../../Engine/Plugins/EnhancedInput/Binaries/Win64/UnrealEditor.modules" 695
"../../../Engine/Plugins/FastBuildController/Binaries/Win64/UnrealEditor.modules" 696
"../../../Engine/Plugins/MeshPainting/Binaries/Win64/UnrealEditor.modules" 697
"../../../Engine/Plugins/Interchange/Editor/Binaries/Win64/UnrealEditor.modules" 698
"../../../Engine/Plugins/Interchange/Runtime/Binaries/Win64/UnrealEditor.modules" 699
"../../../Engine/Plugins/Editor/GLTFImporter/Binaries/Win64/UnrealEditor.modules" 700
"../../../Engine/Plugins/Enterprise/VariantManagerContent/Binaries/Win64/UnrealEditor.modules" 701
"../../../Engine/Plugins/Enterprise/VariantManager/Binaries/Win64/UnrealEditor.modules" 702
"../../../Engine/Plugins/TraceUtilities/Binaries/Win64/UnrealEditor.modules" 703
"../../../Engine/Plugins/XGEController/Binaries/Win64/UnrealEditor.modules" 704
"../../../Engine/Plugins/Animation/AnimationData/Binaries/Win64/UnrealEditor.modules" 705
"../../../Engine/Plugins/Animation/ControlRig/Binaries/Win64/UnrealEditor.modules" 706
"../../../Engine/Plugins/Experimental/PythonScriptPlugin/Binaries/Win64/UnrealEditor.modules" 707
"../../../Engine/Plugins/MovieScene/LevelSequenceEditor/Binaries/Win64/UnrealEditor.modules" 708
"../../../Engine/Plugins/Runtime/PropertyAccess/Binaries/Win64/UnrealEditor.modules" 709
"../../../Engine/Plugins/MovieScene/SequencerScripting/Binaries/Win64/UnrealEditor.modules" 710
"../../../Engine/Plugins/Editor/ContentBrowser/ContentBrowserFileDataSource/Binaries/Win64/UnrealEditor.modules" 711
"../../../Engine/Plugins/Animation/AnimationModifierLibrary/Binaries/Win64/UnrealEditor.modules" 712
"../../../Engine/Plugins/Animation/BlendSpaceMotionAnalysis/Binaries/Win64/UnrealEditor.modules" 713
"../../../Engine/Plugins/Animation/ControlRigSpline/Binaries/Win64/UnrealEditor.modules" 714
"../../../Engine/Plugins/Animation/IKRig/Binaries/Win64/UnrealEditor.modules" 715
"../../../Engine/Plugins/Experimental/FullBodyIK/Binaries/Win64/UnrealEditor.modules" 716
"../../../Engine/Plugins/Developer/AnimationSharing/Binaries/Win64/UnrealEditor.modules" 717
"../../../Engine/Plugins/Runtime/SignificanceManager/Binaries/Win64/UnrealEditor.modules" 718
"../../../Engine/Plugins/Developer/CLionSourceCodeAccess/Binaries/Win64/UnrealEditor.modules" 719
"../../../Engine/Plugins/Developer/GitSourceControl/Binaries/Win64/UnrealEditor.modules" 720
"../../../Engine/Plugins/Developer/DumpGPUServices/Binaries/Win64/UnrealEditor.modules" 721
"../../../Engine/Plugins/Developer/PixWinPlugin/Binaries/Win64/UnrealEditor.modules" 722
"../../../Engine/Plugins/Developer/PerforceSourceControl/Binaries/Win64/UnrealEditor.modules" 723
"../../../Engine/Plugins/Developer/PlasticSourceControl/Binaries/Win64/UnrealEditor.modules" 724
"../../../Engine/Plugins/Developer/PluginUtils/Binaries/Win64/UnrealEditor.modules" 725
"../../../Engine/Plugins/Developer/PropertyAccessNode/Binaries/Win64/UnrealEditor.modules" 726
"../../../Engine/Plugins/Developer/RenderDocPlugin/Binaries/Win64/UnrealEditor.modules" 727
"../../../Engine/Plugins/Developer/RiderSourceCodeAccess/Binaries/Win64/UnrealEditor.modules" 728
"../../../Engine/Plugins/Developer/SubversionSourceControl/Binaries/Win64/UnrealEditor.modules" 729
"../../../Engine/Plugins/Developer/TextureFormatOodle/Binaries/Win64/UnrealEditor.modules" 730
"../../../Engine/Plugins/Developer/TraceDataFiltering/Binaries/Win64/UnrealEditor.modules" 731
"../../../Engine/Plugins/Developer/VisualStudioCodeSourceCodeAccess/Binaries/Win64/UnrealEditor.modules" 732
"../../../Engine/Plugins/Developer/VisualStudioSourceCodeAccess/Binaries/Win64/UnrealEditor.modules" 733
"../../../Engine/Plugins/Experimental/AutomationUtils/Binaries/Win64/UnrealEditor.modules" 734
"../../../Engine/Plugins/Experimental/BackChannel/Binaries/Win64/UnrealEditor.modules" 735
"../../../Engine/Plugins/Experimental/ChaosCloth/Binaries/Win64/UnrealEditor.modules" 736
"../../../Engine/Plugins/Experimental/ChaosCaching/Binaries/Win64/UnrealEditor.modules" 737
"../../../Engine/Plugins/VirtualProduction/Takes/Binaries/Win64/UnrealEditor.modules" 738
"../../../Engine/Plugins/Experimental/ChaosEditor/Binaries/Win64/UnrealEditor.modules" 739
"../../../Engine/Plugins/Experimental/PlanarCutPlugin/Binaries/Win64/UnrealEditor.modules" 740
"../../../Engine/Plugins/Experimental/GeometryCollectionPlugin/Binaries/Win64/UnrealEditor.modules" 741
"../../../Engine/Plugins/Experimental/Fracture/Binaries/Win64/UnrealEditor.modules" 742
"../../../Engine/Plugins/Runtime/ProceduralMeshComponent/Binaries/Win64/UnrealEditor.modules" 743
"../../../Engine/Plugins/Experimental/ChaosSolverPlugin/Binaries/Win64/UnrealEditor.modules" 744
"../../../Engine/Plugins/Experimental/Dataflow/Binaries/Win64/UnrealEditor.modules" 745
"../../../Engine/Plugins/Experimental/ChaosClothEditor/Binaries/Win64/UnrealEditor.modules" 746
"../../../Engine/Plugins/Experimental/ChaosNiagara/Binaries/Win64/UnrealEditor.modules" 747
"../../../Engine/Plugins/FX/Niagara/Binaries/Win64/UnrealEditor.modules" 748
"../../../Engine/Plugins/Experimental/ChaosUserDataPT/Binaries/Win64/UnrealEditor.modules" 749
"../../../Engine/Plugins/Experimental/CharacterAI/Binaries/Win64/UnrealEditor.modules" 750
"../../../Engine/Plugins/Developer/UObjectPlugin/Binaries/Win64/UnrealEditor.modules" 751
"../../../Engine/Plugins/Experimental/OpenImageDenoise/Binaries/Win64/UnrealEditor.modules" 752
"../../../Engine/Plugins/Experimental/PlatformCrypto/Binaries/Win64/UnrealEditor.modules" 753
"../../../Engine/Plugins/Experimental/SkeletalReduction/Binaries/Win64/UnrealEditor.modules" 754
"../../../Engine/Plugins/Experimental/UVEditor/Binaries/Win64/UnrealEditor.modules" 755
"../../../Engine/Plugins/MovieScene/ActorSequence/Binaries/Win64/UnrealEditor.modules" 756
"../../../Engine/Plugins/Portal/LauncherChunkInstaller/Binaries/Win64/UnrealEditor.modules" 757
"../../../Engine/Plugins/AI/AISupport/Binaries/Win64/UnrealEditor.modules" 758
"../../../Engine/Plugins/AI/EnvironmentQueryEditor/Binaries/Win64/UnrealEditor.modules" 759
"../../../Engine/Plugins/Cameras/GameplayCameras/Binaries/Win64/UnrealEditor.modules" 760
"../../../Engine/Plugins/MovieScene/TemplateSequence/Binaries/Win64/UnrealEditor.modules" 761
"../../../Engine/Plugins/Cameras/CameraShakePreviewer/Binaries/Win64/UnrealEditor.modules" 762
"../../../Engine/Plugins/Importers/AlembicImporter/Binaries/Win64/UnrealEditor.modules" 763
"../../../Engine/Plugins/Runtime/GeometryCache/Binaries/Win64/UnrealEditor.modules" 764
"../../../Engine/Plugins/Media/AndroidMedia/Binaries/Win64/UnrealEditor.modules" 765
"../../../Engine/Plugins/Media/AvfMedia/Binaries/Win64/UnrealEditor.modules" 766
"../../../Engine/Plugins/Media/ImgMedia/Binaries/Win64/UnrealEditor.modules" 767
"../../../Engine/Plugins/Media/MediaPlayerEditor/Binaries/Win64/UnrealEditor.modules" 768
"../../../Engine/Plugins/Media/MediaCompositing/Binaries/Win64/UnrealEditor.modules" 769
"../../../Engine/Plugins/Media/MediaPlate/Binaries/Win64/UnrealEditor.modules" 770
"../../../Engine/Plugins/Media/WmfMedia/Binaries/Win64/UnrealEditor.modules" 771
"../../../Engine/Plugins/Runtime/ActorLayerUtilities/Binaries/Win64/UnrealEditor.modules" 772
"../../../Engine/Plugins/Runtime/AndroidDeviceProfileSelector/Binaries/Win64/UnrealEditor.modules" 773
"../../../Engine/Plugins/Runtime/AndroidFileServer/Binaries/Win64/UnrealEditor.modules" 774
"../../../Engine/Plugins/Runtime/AndroidPermission/Binaries/Win64/UnrealEditor.modules" 775
"../../../Engine/Plugins/Runtime/AppleImageUtils/Binaries/Win64/UnrealEditor.modules" 776
"../../../Engine/Plugins/Runtime/AssetTags/Binaries/Win64/UnrealEditor.modules" 777
"../../../Engine/Plugins/Runtime/ArchVisCharacter/Binaries/Win64/UnrealEditor.modules" 778
"../../../Engine/Plugins/Runtime/AudioCapture/Binaries/Win64/UnrealEditor.modules" 779
"../../../Engine/Plugins/Runtime/CableComponent/Binaries/Win64/UnrealEditor.modules" 780
"../../../Engine/Plugins/Runtime/ChunkDownloader/Binaries/Win64/UnrealEditor.modules" 781
"../../../Engine/Plugins/Runtime/CustomMeshComponent/Binaries/Win64/UnrealEditor.modules" 782
"../../../Engine/Plugins/Runtime/ExampleDeviceProfileSelector/Binaries/Win64/UnrealEditor.modules" 783
"../../../Engine/Plugins/Runtime/GooglePAD/Binaries/Win64/UnrealEditor.modules" 784
"../../../Engine/Plugins/Runtime/InputDebugging/Binaries/Win64/UnrealEditor.modules" 785
"../../../Engine/Plugins/Runtime/LocationServicesBPLibrary/Binaries/Win64/UnrealEditor.modules" 786
"../../../Engine/Plugins/Runtime/Metasound/Binaries/Win64/UnrealEditor.modules" 787
"../../../Engine/Plugins/Runtime/AudioWidgets/Binaries/Win64/UnrealEditor.modules" 788
"../../../Engine/Plugins/Runtime/AudioSynesthesia/Binaries/Win64/UnrealEditor.modules" 789
"../../../Engine/Plugins/Runtime/WaveTable/Binaries/Win64/UnrealEditor.modules" 790
"../../../Engine/Plugins/Runtime/MobilePatchingUtils/Binaries/Win64/UnrealEditor.modules" 791
"../../../Engine/Plugins/Runtime/ResonanceAudio/Binaries/Win64/UnrealEditor.modules" 792
"../../../Engine/Plugins/Runtime/SoundFields/Binaries/Win64/UnrealEditor.modules" 793
"../../../Engine/Plugins/Runtime/Synthesis/Binaries/Win64/UnrealEditor.modules" 794
"../../../Engine/Plugins/Runtime/WebMMoviePlayer/Binaries/Win64/UnrealEditor.modules" 795
"../../../Engine/Plugins/Media/WebMMedia/Binaries/Win64/UnrealEditor.modules" 796
"../../../Engine/Plugins/Runtime/WindowsMoviePlayer/Binaries/Win64/UnrealEditor.modules" 797
"../../../Engine/Plugins/Runtime/WindowsDeviceProfileSelector/Binaries/Win64/UnrealEditor.modules" 798
"../../../Engine/Plugins/Compression/OodleNetwork/Binaries/Win64/UnrealEditor.modules" 799
"../../../Engine/Plugins/Enterprise/DatasmithContent/Binaries/Win64/UnrealEditor.modules" 800
"../../../Engine/Plugins/Enterprise/GLTFExporter/Binaries/Win64/UnrealEditor.modules" 801
"../../../Engine/Plugins/Online/OnlineBase/Binaries/Win64/UnrealEditor.modules" 802
"../../../Engine/Plugins/Online/OnlineSubsystem/Binaries/Win64/UnrealEditor.modules" 803
"../../../Engine/Plugins/Online/OnlineSubsystemNull/Binaries/Win64/UnrealEditor.modules" 804
"../../../Engine/Plugins/Online/OnlineSubsystemUtils/Binaries/Win64/UnrealEditor.modules" 805
"../../../Engine/Plugins/Online/OnlineServices/Binaries/Win64/UnrealEditor.modules" 806
"../../../Engine/Plugins/Messaging/TcpMessaging/Binaries/Win64/UnrealEditor.modules" 807
"../../../Engine/Plugins/Messaging/UdpMessaging/Binaries/Win64/UnrealEditor.modules" 808
"../../../Engine/Plugins/Tests/InterchangeTests/Binaries/Win64/UnrealEditor.modules" 809
"../../../Engine/Plugins/Editor/AssetManagerEditor/Binaries/Win64/UnrealEditor.modules" 810
"../../../Engine/Plugins/2D/Paper2D/Binaries/Win64/UnrealEditor.modules" 811
"../../../Engine/Plugins/Editor/BlueprintHeaderView/Binaries/Win64/UnrealEditor.modules" 812
"../../../Engine/Plugins/Editor/ChangelistReview/Binaries/Win64/UnrealEditor.modules" 813
"../../../Engine/Plugins/Editor/CryptoKeys/Binaries/Win64/UnrealEditor.modules" 814
"../../../Engine/Plugins/Editor/CurveEditorTools/Binaries/Win64/UnrealEditor.modules" 815
"../../../Engine/Plugins/Editor/DataValidation/Binaries/Win64/UnrealEditor.modules" 816
"../../../Engine/Plugins/Editor/EditorDebugTools/Binaries/Win64/UnrealEditor.modules" 817
"../../../Engine/Plugins/Editor/EngineAssetDefinitions/Binaries/Win64/UnrealEditor.modules" 818
"../../../Engine/Plugins/Editor/FacialAnimation/Binaries/Win64/UnrealEditor.modules" 819
"../../../Engine/Plugins/Editor/GameplayTagsEditor/Binaries/Win64/UnrealEditor.modules" 820
"../../../Engine/Plugins/Editor/GeometryMode/Binaries/Win64/UnrealEditor.modules" 821
"../../../Engine/Plugins/Editor/MaterialAnalyzer/Binaries/Win64/UnrealEditor.modules" 822
"../../../Engine/Plugins/Editor/MobileLauncherProfileWizard/Binaries/Win64/UnrealEditor.modules" 823
"../../../Engine/Plugins/Editor/PluginBrowser/Binaries/Win64/UnrealEditor.modules" 824
"../../../Engine/Plugins/Editor/SequencerAnimTools/Binaries/Win64/UnrealEditor.modules" 825
"../../../Engine/Plugins/Editor/SpeedTreeImporter/Binaries/Win64/UnrealEditor.modules" 826
"../../../Engine/Plugins/Editor/WorldPartitionHLODUtilities/Binaries/Win64/UnrealEditor.modules" 827
"../../../Engine/Plugins/Editor/ContentBrowser/ContentBrowserAssetDataSource/Binaries/Win64/UnrealEditor.modules" 828
"../../../Engine/Plugins/Editor/ContentBrowser/ContentBrowserClassDataSource/Binaries/Win64/UnrealEditor.modules" 829
"../../../Engine/Plugins/Editor/ObjectMixer/LightMixer/Binaries/Win64/UnrealEditor.modules" 830
"../../../Engine/Plugins/Editor/ObjectMixer/ObjectMixer/Binaries/Win64/UnrealEditor.modules" 831
"../../../Engine/Content/Certificates/ThirdParty/cacert.pem" 832
"../../../Engine/Config/ConsoleVariables.ini" 833
"../../../Engine/Binaries/Win64/Android/UnrealEditor.modules" 834
"../../../Engine/Binaries/Win64/IOS/UnrealEditor.modules" 835
"../../../Engine/Binaries/Win64/Linux/UnrealEditor.modules" 836
"../../../Engine/Binaries/Win64/LinuxArm64/UnrealEditor.modules" 837
"../../../Engine/Plugins/Online/OnlineSubsystem/Content/Localization/OnlineSubsystem/pl/OnlineSubsystem.locres" 838
"../../../Engine/Plugins/Online/OnlineSubsystemUtils/Content/Localization/OnlineSubsystemUtils/pl/OnlineSubsystemUtils.locres" 839
"../../../Engine/Plugins/Online/Android/OnlineSubsystemGooglePlay/Content/Localization/OnlineSubsystemGooglePlay/pl/OnlineSubsystemGooglePlay.locres" 840
"../../../Engine/Plugins/Online/IOS/OnlineSubsystemIOS/Content/Localization/OnlineSubsystemIOS/pl/OnlineSubsystemIOS.locres" 841
"../../../Engine/Content/Internationalization/icudt64l/numberingSystems.res" 842
"../../../Engine/Content/Internationalization/icudt64l/curr/supplementalData.res" 843
"../../../Engine/Content/Internationalization/icudt64l/curr/pl.res" 844
"../../../Engine/Content/Internationalization/icudt64l/curr/pool.res" 845
"../../../Engine/Content/Internationalization/icudt64l/curr/root.res" 846
"../../../Engine/Content/Internationalization/icudt64l/lang/af.res" 847
"../../../Engine/Content/Internationalization/icudt64l/region/af.res" 848
"../../../Engine/Content/Internationalization/icudt64l/lang/agq.res" 849
"../../../Engine/Content/Internationalization/icudt64l/region/agq.res" 850
"../../../Engine/Content/Internationalization/icudt64l/lang/ak.res" 851
"../../../Engine/Content/Internationalization/icudt64l/region/ak.res" 852
"../../../Engine/Content/Internationalization/icudt64l/lang/am.res" 853
"../../../Engine/Content/Internationalization/icudt64l/region/am.res" 854
"../../../Engine/Content/Internationalization/icudt64l/lang/ar.res" 855
"../../../Engine/Content/Internationalization/icudt64l/region/ar.res" 856
"../../../Engine/Content/Internationalization/icudt64l/region/ar_AE.res" 857
"../../../Engine/Content/Internationalization/icudt64l/lang/ar_EG.res" 858
"../../../Engine/Content/Internationalization/icudt64l/lang/ar_LY.res" 859
"../../../Engine/Content/Internationalization/icudt64l/region/ar_LY.res" 860
"../../../Engine/Content/Internationalization/icudt64l/lang/ar_SA.res" 861
"../../../Engine/Content/Internationalization/icudt64l/region/ar_SA.res" 862
"../../../Engine/Content/Internationalization/icudt64l/lang/as.res" 863
"../../../Engine/Content/Internationalization/icudt64l/region/as.res" 864
"../../../Engine/Content/Internationalization/icudt64l/lang/asa.res" 865
"../../../Engine/Content/Internationalization/icudt64l/region/asa.res" 866
"../../../Engine/Content/Internationalization/icudt64l/lang/ast.res" 867
"../../../Engine/Content/Internationalization/icudt64l/region/ast.res" 868
"../../../Engine/Content/Internationalization/icudt64l/lang/az.res" 869
"../../../Engine/Content/Internationalization/icudt64l/lang/az_Cyrl.res" 870
"../../../Engine/Content/Internationalization/icudt64l/lang/az_AZ.res" 871
"../../../Engine/Content/Internationalization/icudt64l/lang/az_Latn_AZ.res" 872
"../../../Engine/Content/Internationalization/icudt64l/lang/az_Latn.res" 873
"../../../Engine/Content/Internationalization/icudt64l/region/az_AZ.res" 874
"../../../Engine/Content/Internationalization/icudt64l/region/az_Latn_AZ.res" 875
"../../../Engine/Content/Internationalization/icudt64l/region/az_Latn.res" 876
"../../../Engine/Content/Internationalization/icudt64l/region/az.res" 877
"../../../Engine/Content/Internationalization/icudt64l/region/az_Cyrl.res" 878
"../../../Engine/Content/Internationalization/icudt64l/lang/bas.res" 879
"../../../Engine/Content/Internationalization/icudt64l/region/bas.res" 880
"../../../Engine/Content/Internationalization/icudt64l/lang/be.res" 881
"../../../Engine/Content/Internationalization/icudt64l/region/be.res" 882
"../../../Engine/Content/Internationalization/icudt64l/lang/bem.res" 883
"../../../Engine/Content/Internationalization/icudt64l/region/bem.res" 884
"../../../Engine/Content/Internationalization/icudt64l/lang/bez.res" 885
"../../../Engine/Content/Internationalization/icudt64l/region/bez.res" 886
"../../../Engine/Content/Internationalization/icudt64l/lang/bg.res" 887
"../../../Engine/Content/Internationalization/icudt64l/region/bg.res" 888
"../../../Engine/Content/Internationalization/icudt64l/lang/bm.res" 889
"../../../Engine/Content/Internationalization/icudt64l/region/bm.res" 890
"../../../Engine/Content/Internationalization/icudt64l/lang/bn.res" 891
"../../../Engine/Content/Internationalization/icudt64l/region/bn.res" 892
"../../../Engine/Content/Internationalization/icudt64l/lang/bn_IN.res" 893
"../../../Engine/Content/Internationalization/icudt64l/region/bn_IN.res" 894
"../../../Engine/Content/Internationalization/icudt64l/lang/bo.res" 895
"../../../Engine/Content/Internationalization/icudt64l/region/bo.res" 896
"../../../Engine/Content/Internationalization/icudt64l/region/bo_IN.res" 897
"../../../Engine/Content/Internationalization/icudt64l/lang/br.res" 898
"../../../Engine/Content/Internationalization/icudt64l/region/br.res" 899
"../../../Engine/Content/Internationalization/icudt64l/lang/brx.res" 900
"../../../Engine/Content/Internationalization/icudt64l/region/brx.res" 901
"../../../Engine/Content/Internationalization/icudt64l/lang/bs.res" 902
"../../../Engine/Content/Internationalization/icudt64l/lang/bs_Cyrl.res" 903
"../../../Engine/Content/Internationalization/icudt64l/lang/bs_BA.res" 904
"../../../Engine/Content/Internationalization/icudt64l/lang/bs_Latn_BA.res" 905
"../../../Engine/Content/Internationalization/icudt64l/lang/bs_Latn.res" 906
"../../../Engine/Content/Internationalization/icudt64l/region/bs_BA.res" 907
"../../../Engine/Content/Internationalization/icudt64l/region/bs_Latn_BA.res" 908
"../../../Engine/Content/Internationalization/icudt64l/region/bs_Latn.res" 909
"../../../Engine/Content/Internationalization/icudt64l/region/bs.res" 910
"../../../Engine/Content/Internationalization/icudt64l/region/bs_Cyrl.res" 911
"../../../Engine/Content/Internationalization/icudt64l/lang/ca.res" 912
"../../../Engine/Content/Internationalization/icudt64l/region/ca.res" 913
"../../../Engine/Content/Internationalization/icudt64l/lang/ccp.res" 914
"../../../Engine/Content/Internationalization/icudt64l/region/ccp.res" 915
"../../../Engine/Content/Internationalization/icudt64l/lang/ce.res" 916
"../../../Engine/Content/Internationalization/icudt64l/region/ce.res" 917
"../../../Engine/Content/Internationalization/icudt64l/lang/ceb.res" 918
"../../../Engine/Content/Internationalization/icudt64l/region/ceb.res" 919
"../../../Engine/Content/Internationalization/icudt64l/lang/cgg.res" 920
"../../../Engine/Content/Internationalization/icudt64l/region/cgg.res" 921
"../../../Engine/Content/Internationalization/icudt64l/lang/chr.res" 922
"../../../Engine/Content/Internationalization/icudt64l/region/chr.res" 923
"../../../Engine/Content/Internationalization/icudt64l/lang/ckb.res" 924
"../../../Engine/Content/Internationalization/icudt64l/region/ckb.res" 925
"../../../Engine/Content/Internationalization/icudt64l/lang/cs.res" 926
"../../../Engine/Content/Internationalization/icudt64l/region/cs.res" 927
"../../../Engine/Content/Internationalization/icudt64l/lang/cy.res" 928
"../../../Engine/Content/Internationalization/icudt64l/region/cy.res" 929
"../../../Engine/Content/Internationalization/icudt64l/lang/da.res" 930
"../../../Engine/Content/Internationalization/icudt64l/region/da.res" 931
"../../../Engine/Content/Internationalization/icudt64l/lang/dav.res" 932
"../../../Engine/Content/Internationalization/icudt64l/region/dav.res" 933
"../../../Engine/Content/Internationalization/icudt64l/lang/de.res" 934
"../../../Engine/Content/Internationalization/icudt64l/lang/de_AT.res" 935
"../../../Engine/Content/Internationalization/icudt64l/region/de_AT.res" 936
"../../../Engine/Content/Internationalization/icudt64l/region/de.res" 937
"../../../Engine/Content/Internationalization/icudt64l/lang/de_CH.res" 938
"../../../Engine/Content/Internationalization/icudt64l/region/de_CH.res" 939
"../../../Engine/Content/Internationalization/icudt64l/lang/de_LU.res" 940
"../../../Engine/Content/Internationalization/icudt64l/lang/dje.res" 941
"../../../Engine/Content/Internationalization/icudt64l/region/dje.res" 942
"../../../Engine/Content/Internationalization/icudt64l/lang/dsb.res" 943
"../../../Engine/Content/Internationalization/icudt64l/region/dsb.res" 944
"../../../Engine/Content/Internationalization/icudt64l/lang/dua.res" 945
"../../../Engine/Content/Internationalization/icudt64l/region/dua.res" 946
"../../../Engine/Content/Internationalization/icudt64l/lang/dyo.res" 947
"../../../Engine/Content/Internationalization/icudt64l/region/dyo.res" 948
"../../../Engine/Content/Internationalization/icudt64l/lang/dz.res" 949
"../../../Engine/Content/Internationalization/icudt64l/region/dz.res" 950
"../../../Engine/Content/Internationalization/icudt64l/lang/ebu.res" 951
"../../../Engine/Content/Internationalization/icudt64l/region/ebu.res" 952
"../../../Engine/Content/Internationalization/icudt64l/lang/ee.res" 953
"../../../Engine/Content/Internationalization/icudt64l/region/ee.res" 954
"../../../Engine/Content/Internationalization/icudt64l/lang/el.res" 955
"../../../Engine/Content/Internationalization/icudt64l/region/el.res" 956
"../../../Engine/Content/Internationalization/icudt64l/lang/en_001.res" 957
"../../../Engine/Content/Internationalization/icudt64l/lang/en_150.res" 958
"../../../Engine/Content/Internationalization/icudt64l/region/en_150.res" 959
"../../../Engine/Content/Internationalization/icudt64l/lang/en_AG.res" 960
"../../../Engine/Content/Internationalization/icudt64l/region/en_AG.res" 961
"../../../Engine/Content/Internationalization/icudt64l/lang/en_AI.res" 962
"../../../Engine/Content/Internationalization/icudt64l/region/en_AI.res" 963
"../../../Engine/Content/Internationalization/icudt64l/lang/en_AT.res" 964
"../../../Engine/Content/Internationalization/icudt64l/region/en_AT.res" 965
"../../../Engine/Content/Internationalization/icudt64l/lang/en_AU.res" 966
"../../../Engine/Content/Internationalization/icudt64l/region/en_AU.res" 967
"../../../Engine/Content/Internationalization/icudt64l/lang/en_BB.res" 968
"../../../Engine/Content/Internationalization/icudt64l/region/en_BB.res" 969
"../../../Engine/Content/Internationalization/icudt64l/lang/en_BE.res" 970
"../../../Engine/Content/Internationalization/icudt64l/region/en_BE.res" 971
"../../../Engine/Content/Internationalization/icudt64l/lang/en_BM.res" 972
"../../../Engine/Content/Internationalization/icudt64l/region/en_BM.res" 973
"../../../Engine/Content/Internationalization/icudt64l/lang/en_BS.res" 974
"../../../Engine/Content/Internationalization/icudt64l/region/en_BS.res" 975
"../../../Engine/Content/Internationalization/icudt64l/lang/en_BW.res" 976
"../../../Engine/Content/Internationalization/icudt64l/region/en_BW.res" 977
"../../../Engine/Content/Internationalization/icudt64l/lang/en_BZ.res" 978
"../../../Engine/Content/Internationalization/icudt64l/region/en_BZ.res" 979
"../../../Engine/Content/Internationalization/icudt64l/lang/en_CA.res" 980
"../../../Engine/Content/Internationalization/icudt64l/region/en_CA.res" 981
"../../../Engine/Content/Internationalization/icudt64l/lang/en_CC.res" 982
"../../../Engine/Content/Internationalization/icudt64l/region/en_CC.res" 983
"../../../Engine/Content/Internationalization/icudt64l/lang/en_CH.res" 984
"../../../Engine/Content/Internationalization/icudt64l/region/en_CH.res" 985
"../../../Engine/Content/Internationalization/icudt64l/lang/en_CK.res" 986
"../../../Engine/Content/Internationalization/icudt64l/region/en_CK.res" 987
"../../../Engine/Content/Internationalization/icudt64l/lang/en_CM.res" 988
"../../../Engine/Content/Internationalization/icudt64l/region/en_CM.res" 989
"../../../Engine/Content/Internationalization/icudt64l/lang/en_CX.res" 990
"../../../Engine/Content/Internationalization/icudt64l/region/en_CX.res" 991
"../../../Engine/Content/Internationalization/icudt64l/lang/en_CY.res" 992
"../../../Engine/Content/Internationalization/icudt64l/region/en_CY.res" 993
"../../../Engine/Content/Internationalization/icudt64l/lang/en_DE.res" 994
"../../../Engine/Content/Internationalization/icudt64l/region/en_DE.res" 995
"../../../Engine/Content/Internationalization/icudt64l/lang/en_DG.res" 996
"../../../Engine/Content/Internationalization/icudt64l/region/en_DG.res" 997
"../../../Engine/Content/Internationalization/icudt64l/lang/en_DK.res" 998
"../../../Engine/Content/Internationalization/icudt64l/region/en_DK.res" 999
"../../../Engine/Content/Internationalization/icudt64l/lang/en_DM.res" 1000
"../../../Engine/Content/Internationalization/icudt64l/region/en_DM.res" 1001
"../../../Engine/Content/Internationalization/icudt64l/lang/en_ER.res" 1002
"../../../Engine/Content/Internationalization/icudt64l/region/en_ER.res" 1003
"../../../Engine/Content/Internationalization/icudt64l/lang/en_FI.res" 1004
"../../../Engine/Content/Internationalization/icudt64l/region/en_FI.res" 1005
"../../../Engine/Content/Internationalization/icudt64l/lang/en_FJ.res" 1006
"../../../Engine/Content/Internationalization/icudt64l/region/en_FJ.res" 1007
"../../../Engine/Content/Internationalization/icudt64l/lang/en_FK.res" 1008
"../../../Engine/Content/Internationalization/icudt64l/region/en_FK.res" 1009
"../../../Engine/Content/Internationalization/icudt64l/lang/en_FM.res" 1010
"../../../Engine/Content/Internationalization/icudt64l/region/en_FM.res" 1011
"../../../Engine/Content/Internationalization/icudt64l/lang/en_GB.res" 1012
"../../../Engine/Content/Internationalization/icudt64l/region/en_GB.res" 1013
"../../../Engine/Content/Internationalization/icudt64l/lang/en_GD.res" 1014
"../../../Engine/Content/Internationalization/icudt64l/region/en_GD.res" 1015
"../../../Engine/Content/Internationalization/icudt64l/lang/en_GG.res" 1016
"../../../Engine/Content/Internationalization/icudt64l/region/en_GG.res" 1017
"../../../Engine/Content/Internationalization/icudt64l/lang/en_GH.res" 1018
"../../../Engine/Content/Internationalization/icudt64l/region/en_GH.res" 1019
"../../../Engine/Content/Internationalization/icudt64l/lang/en_GI.res" 1020
"../../../Engine/Content/Internationalization/icudt64l/region/en_GI.res" 1021
"../../../Engine/Content/Internationalization/icudt64l/lang/en_GM.res" 1022
"../../../Engine/Content/Internationalization/icudt64l/region/en_GM.res" 1023
"../../../Engine/Content/Internationalization/icudt64l/lang/en_GY.res" 1024
"../../../Engine/Content/Internationalization/icudt64l/region/en_GY.res" 1025
"../../../Engine/Content/Internationalization/icudt64l/lang/en_HK.res" 1026
"../../../Engine/Content/Internationalization/icudt64l/region/en_HK.res" 1027
"../../../Engine/Content/Internationalization/icudt64l/lang/en_IE.res" 1028
"../../../Engine/Content/Internationalization/icudt64l/region/en_IE.res" 1029
"../../../Engine/Content/Internationalization/icudt64l/lang/en_IL.res" 1030
"../../../Engine/Content/Internationalization/icudt64l/region/en_IL.res" 1031
"../../../Engine/Content/Internationalization/icudt64l/lang/en_IM.res" 1032
"../../../Engine/Content/Internationalization/icudt64l/region/en_IM.res" 1033
"../../../Engine/Content/Internationalization/icudt64l/lang/en_IN.res" 1034
"../../../Engine/Content/Internationalization/icudt64l/region/en_IN.res" 1035
"../../../Engine/Content/Internationalization/icudt64l/lang/en_IO.res" 1036
"../../../Engine/Content/Internationalization/icudt64l/region/en_IO.res" 1037
"../../../Engine/Content/Internationalization/icudt64l/lang/en_JE.res" 1038
"../../../Engine/Content/Internationalization/icudt64l/region/en_JE.res" 1039
"../../../Engine/Content/Internationalization/icudt64l/lang/en_JM.res" 1040
"../../../Engine/Content/Internationalization/icudt64l/region/en_JM.res" 1041
"../../../Engine/Content/Internationalization/icudt64l/lang/en_KE.res" 1042
"../../../Engine/Content/Internationalization/icudt64l/region/en_KE.res" 1043
"../../../Engine/Content/Internationalization/icudt64l/lang/en_KI.res" 1044
"../../../Engine/Content/Internationalization/icudt64l/region/en_KI.res" 1045
"../../../Engine/Content/Internationalization/icudt64l/lang/en_KN.res" 1046
"../../../Engine/Content/Internationalization/icudt64l/region/en_KN.res" 1047
"../../../Engine/Content/Internationalization/icudt64l/lang/en_KY.res" 1048
"../../../Engine/Content/Internationalization/icudt64l/region/en_KY.res" 1049
"../../../Engine/Content/Internationalization/icudt64l/lang/en_LC.res" 1050
"../../../Engine/Content/Internationalization/icudt64l/region/en_LC.res" 1051
"../../../Engine/Content/Internationalization/icudt64l/lang/en_LR.res" 1052
"../../../Engine/Content/Internationalization/icudt64l/region/en_LR.res" 1053
"../../../Engine/Content/Internationalization/icudt64l/lang/en_LS.res" 1054
"../../../Engine/Content/Internationalization/icudt64l/region/en_LS.res" 1055
"../../../Engine/Content/Internationalization/icudt64l/lang/en_MG.res" 1056
"../../../Engine/Content/Internationalization/icudt64l/region/en_MG.res" 1057
"../../../Engine/Content/Internationalization/icudt64l/lang/en_MO.res" 1058
"../../../Engine/Content/Internationalization/icudt64l/region/en_MO.res" 1059
"../../../Engine/Content/Internationalization/icudt64l/lang/en_MS.res" 1060
"../../../Engine/Content/Internationalization/icudt64l/region/en_MS.res" 1061
"../../../Engine/Content/Internationalization/icudt64l/lang/en_MT.res" 1062
"../../../Engine/Content/Internationalization/icudt64l/region/en_MT.res" 1063
"../../../Engine/Content/Internationalization/icudt64l/lang/en_MU.res" 1064
"../../../Engine/Content/Internationalization/icudt64l/region/en_MU.res" 1065
"../../../Engine/Content/Internationalization/icudt64l/lang/en_MW.res" 1066
"../../../Engine/Content/Internationalization/icudt64l/region/en_MW.res" 1067
"../../../Engine/Content/Internationalization/icudt64l/lang/en_MY.res" 1068
"../../../Engine/Content/Internationalization/icudt64l/region/en_MY.res" 1069
"../../../Engine/Content/Internationalization/icudt64l/lang/en_NA.res" 1070
"../../../Engine/Content/Internationalization/icudt64l/region/en_NA.res" 1071
"../../../Engine/Content/Internationalization/icudt64l/lang/en_NF.res" 1072
"../../../Engine/Content/Internationalization/icudt64l/region/en_NF.res" 1073
"../../../Engine/Content/Internationalization/icudt64l/lang/en_NG.res" 1074
"../../../Engine/Content/Internationalization/icudt64l/region/en_NG.res" 1075
"../../../Engine/Content/Internationalization/icudt64l/lang/en_NL.res" 1076
"../../../Engine/Content/Internationalization/icudt64l/region/en_NL.res" 1077
"../../../Engine/Content/Internationalization/icudt64l/lang/en_NR.res" 1078
"../../../Engine/Content/Internationalization/icudt64l/region/en_NR.res" 1079
"../../../Engine/Content/Internationalization/icudt64l/lang/en_NU.res" 1080
"../../../Engine/Content/Internationalization/icudt64l/region/en_NU.res" 1081
"../../../Engine/Content/Internationalization/icudt64l/lang/en_NZ.res" 1082
"../../../Engine/Content/Internationalization/icudt64l/region/en_NZ.res" 1083
"../../../Engine/Content/Internationalization/icudt64l/lang/en_PG.res" 1084
"../../../Engine/Content/Internationalization/icudt64l/region/en_PG.res" 1085
"../../../Engine/Content/Internationalization/icudt64l/lang/en_PH.res" 1086
"../../../Engine/Content/Internationalization/icudt64l/region/en_PH.res" 1087
"../../../Engine/Content/Internationalization/icudt64l/lang/en_PK.res" 1088
"../../../Engine/Content/Internationalization/icudt64l/region/en_PK.res" 1089
"../../../Engine/Content/Internationalization/icudt64l/lang/en_PN.res" 1090
"../../../Engine/Content/Internationalization/icudt64l/region/en_PN.res" 1091
"../../../Engine/Content/Internationalization/icudt64l/lang/en_PW.res" 1092
"../../../Engine/Content/Internationalization/icudt64l/region/en_PW.res" 1093
"../../../Engine/Content/Internationalization/icudt64l/lang/en_RW.res" 1094
"../../../Engine/Content/Internationalization/icudt64l/region/en_RW.res" 1095
"../../../Engine/Content/Internationalization/icudt64l/lang/en_SB.res" 1096
"../../../Engine/Content/Internationalization/icudt64l/region/en_SB.res" 1097
"../../../Engine/Content/Internationalization/icudt64l/lang/en_SC.res" 1098
"../../../Engine/Content/Internationalization/icudt64l/region/en_SC.res" 1099
"../../../Engine/Content/Internationalization/icudt64l/lang/en_SD.res" 1100
"../../../Engine/Content/Internationalization/icudt64l/region/en_SD.res" 1101
"../../../Engine/Content/Internationalization/icudt64l/lang/en_SE.res" 1102
"../../../Engine/Content/Internationalization/icudt64l/region/en_SE.res" 1103
"../../../Engine/Content/Internationalization/icudt64l/lang/en_SG.res" 1104
"../../../Engine/Content/Internationalization/icudt64l/region/en_SG.res" 1105
"../../../Engine/Content/Internationalization/icudt64l/lang/en_SH.res" 1106
"../../../Engine/Content/Internationalization/icudt64l/region/en_SH.res" 1107
"../../../Engine/Content/Internationalization/icudt64l/lang/en_SI.res" 1108
"../../../Engine/Content/Internationalization/icudt64l/region/en_SI.res" 1109
"../../../Engine/Content/Internationalization/icudt64l/lang/en_SL.res" 1110
"../../../Engine/Content/Internationalization/icudt64l/region/en_SL.res" 1111
"../../../Engine/Content/Internationalization/icudt64l/lang/en_SS.res" 1112
"../../../Engine/Content/Internationalization/icudt64l/region/en_SS.res" 1113
"../../../Engine/Content/Internationalization/icudt64l/lang/en_SX.res" 1114
"../../../Engine/Content/Internationalization/icudt64l/region/en_SX.res" 1115
"../../../Engine/Content/Internationalization/icudt64l/lang/en_SZ.res" 1116
"../../../Engine/Content/Internationalization/icudt64l/region/en_SZ.res" 1117
"../../../Engine/Content/Internationalization/icudt64l/lang/en_TC.res" 1118
"../../../Engine/Content/Internationalization/icudt64l/region/en_TC.res" 1119
"../../../Engine/Content/Internationalization/icudt64l/lang/en_TK.res" 1120
"../../../Engine/Content/Internationalization/icudt64l/region/en_TK.res" 1121
"../../../Engine/Content/Internationalization/icudt64l/lang/en_TO.res" 1122
"../../../Engine/Content/Internationalization/icudt64l/region/en_TO.res" 1123
"../../../Engine/Content/Internationalization/icudt64l/lang/en_TT.res" 1124
"../../../Engine/Content/Internationalization/icudt64l/region/en_TT.res" 1125
"../../../Engine/Content/Internationalization/icudt64l/lang/en_TV.res" 1126
"../../../Engine/Content/Internationalization/icudt64l/region/en_TV.res" 1127
"../../../Engine/Content/Internationalization/icudt64l/lang/en_TZ.res" 1128
"../../../Engine/Content/Internationalization/icudt64l/region/en_TZ.res" 1129
"../../../Engine/Content/Internationalization/icudt64l/lang/en_UG.res" 1130
"../../../Engine/Content/Internationalization/icudt64l/region/en_UG.res" 1131
"../../../Engine/Content/Internationalization/icudt64l/lang/en_VC.res" 1132
"../../../Engine/Content/Internationalization/icudt64l/region/en_VC.res" 1133
"../../../Engine/Content/Internationalization/icudt64l/lang/en_VG.res" 1134
"../../../Engine/Content/Internationalization/icudt64l/region/en_VG.res" 1135
"../../../Engine/Content/Internationalization/icudt64l/lang/en_VU.res" 1136
"../../../Engine/Content/Internationalization/icudt64l/region/en_VU.res" 1137
"../../../Engine/Content/Internationalization/icudt64l/lang/en_WS.res" 1138
"../../../Engine/Content/Internationalization/icudt64l/region/en_WS.res" 1139
"../../../Engine/Content/Internationalization/icudt64l/lang/en_ZA.res" 1140
"../../../Engine/Content/Internationalization/icudt64l/region/en_ZA.res" 1141
"../../../Engine/Content/Internationalization/icudt64l/lang/en_ZM.res" 1142
"../../../Engine/Content/Internationalization/icudt64l/region/en_ZM.res" 1143
"../../../Engine/Content/Internationalization/icudt64l/lang/en_ZW.res" 1144
"../../../Engine/Content/Internationalization/icudt64l/region/en_ZW.res" 1145
"../../../Engine/Content/Internationalization/icudt64l/lang/eo.res" 1146
"../../../Engine/Content/Internationalization/icudt64l/region/eo.res" 1147
"../../../Engine/Content/Internationalization/icudt64l/lang/es.res" 1148
"../../../Engine/Content/Internationalization/icudt64l/lang/es_419.res" 1149
"../../../Engine/Content/Internationalization/icudt64l/region/es_419.res" 1150
"../../../Engine/Content/Internationalization/icudt64l/region/es.res" 1151
"../../../Engine/Content/Internationalization/icudt64l/lang/es_AR.res" 1152
"../../../Engine/Content/Internationalization/icudt64l/region/es_AR.res" 1153
"../../../Engine/Content/Internationalization/icudt64l/lang/es_BO.res" 1154
"../../../Engine/Content/Internationalization/icudt64l/region/es_BO.res" 1155
"../../../Engine/Content/Internationalization/icudt64l/lang/es_BR.res" 1156
"../../../Engine/Content/Internationalization/icudt64l/region/es_BR.res" 1157
"../../../Engine/Content/Internationalization/icudt64l/lang/es_BZ.res" 1158
"../../../Engine/Content/Internationalization/icudt64l/region/es_BZ.res" 1159
"../../../Engine/Content/Internationalization/icudt64l/lang/es_CL.res" 1160
"../../../Engine/Content/Internationalization/icudt64l/region/es_CL.res" 1161
"../../../Engine/Content/Internationalization/icudt64l/lang/es_CO.res" 1162
"../../../Engine/Content/Internationalization/icudt64l/region/es_CO.res" 1163
"../../../Engine/Content/Internationalization/icudt64l/lang/es_CR.res" 1164
"../../../Engine/Content/Internationalization/icudt64l/region/es_CR.res" 1165
"../../../Engine/Content/Internationalization/icudt64l/lang/es_CU.res" 1166
"../../../Engine/Content/Internationalization/icudt64l/region/es_CU.res" 1167
"../../../Engine/Content/Internationalization/icudt64l/lang/es_DO.res" 1168
"../../../Engine/Content/Internationalization/icudt64l/region/es_DO.res" 1169
"../../../Engine/Content/Internationalization/icudt64l/lang/es_EC.res" 1170
"../../../Engine/Content/Internationalization/icudt64l/region/es_EC.res" 1171
"../../../Engine/Content/Internationalization/icudt64l/lang/es_GT.res" 1172
"../../../Engine/Content/Internationalization/icudt64l/region/es_GT.res" 1173
"../../../Engine/Content/Internationalization/icudt64l/lang/es_HN.res" 1174
"../../../Engine/Content/Internationalization/icudt64l/region/es_HN.res" 1175
"../../../Engine/Content/Internationalization/icudt64l/lang/es_MX.res" 1176
"../../../Engine/Content/Internationalization/icudt64l/region/es_MX.res" 1177
"../../../Engine/Content/Internationalization/icudt64l/lang/es_NI.res" 1178
"../../../Engine/Content/Internationalization/icudt64l/region/es_NI.res" 1179
"../../../Engine/Content/Internationalization/icudt64l/lang/es_PA.res" 1180
"../../../Engine/Content/Internationalization/icudt64l/region/es_PA.res" 1181
"../../../Engine/Content/Internationalization/icudt64l/lang/es_PE.res" 1182
"../../../Engine/Content/Internationalization/icudt64l/region/es_PE.res" 1183
"../../../Engine/Content/Internationalization/icudt64l/lang/es_PR.res" 1184
"../../../Engine/Content/Internationalization/icudt64l/region/es_PR.res" 1185
"../../../Engine/Content/Internationalization/icudt64l/lang/es_PY.res" 1186
"../../../Engine/Content/Internationalization/icudt64l/region/es_PY.res" 1187
"../../../Engine/Content/Internationalization/icudt64l/lang/es_SV.res" 1188
"../../../Engine/Content/Internationalization/icudt64l/region/es_SV.res" 1189
"../../../Engine/Content/Internationalization/icudt64l/lang/es_US.res" 1190
"../../../Engine/Content/Internationalization/icudt64l/region/es_US.res" 1191
"../../../Engine/Content/Internationalization/icudt64l/lang/es_UY.res" 1192
"../../../Engine/Content/Internationalization/icudt64l/region/es_UY.res" 1193
"../../../Engine/Content/Internationalization/icudt64l/lang/es_VE.res" 1194
"../../../Engine/Content/Internationalization/icudt64l/region/es_VE.res" 1195
"../../../Engine/Content/Internationalization/icudt64l/lang/et.res" 1196
"../../../Engine/Content/Internationalization/icudt64l/region/et.res" 1197
"../../../Engine/Content/Internationalization/icudt64l/lang/eu.res" 1198
"../../../Engine/Content/Internationalization/icudt64l/region/eu.res" 1199
"../../../Engine/Content/Internationalization/icudt64l/lang/ewo.res" 1200
"../../../Engine/Content/Internationalization/icudt64l/region/ewo.res" 1201
"../../../Engine/Content/Internationalization/icudt64l/lang/fa.res" 1202
"../../../Engine/Content/Internationalization/icudt64l/lang/fa_AF.res" 1203
"../../../Engine/Content/Internationalization/icudt64l/region/fa_AF.res" 1204
"../../../Engine/Content/Internationalization/icudt64l/region/fa.res" 1205
"../../../Engine/Content/Internationalization/icudt64l/lang/ff.res" 1206
"../../../Engine/Content/Internationalization/icudt64l/lang/ff_Latn.res" 1207
"../../../Engine/Content/Internationalization/icudt64l/region/ff.res" 1208
"../../../Engine/Content/Internationalization/icudt64l/region/ff_Latn.res" 1209
"../../../Engine/Content/Internationalization/icudt64l/lang/ff_CM.res" 1210
"../../../Engine/Content/Internationalization/icudt64l/lang/ff_Latn_CM.res" 1211
"../../../Engine/Content/Internationalization/icudt64l/region/ff_CM.res" 1212
"../../../Engine/Content/Internationalization/icudt64l/region/ff_Latn_CM.res" 1213
"../../../Engine/Content/Internationalization/icudt64l/lang/ff_GN.res" 1214
"../../../Engine/Content/Internationalization/icudt64l/lang/ff_Latn_GN.res" 1215
"../../../Engine/Content/Internationalization/icudt64l/region/ff_GN.res" 1216
"../../../Engine/Content/Internationalization/icudt64l/region/ff_Latn_GN.res" 1217
"../../../Engine/Content/Internationalization/icudt64l/lang/ff_MR.res" 1218
"../../../Engine/Content/Internationalization/icudt64l/lang/ff_Latn_MR.res" 1219
"../../../Engine/Content/Internationalization/icudt64l/region/ff_MR.res" 1220
"../../../Engine/Content/Internationalization/icudt64l/region/ff_Latn_MR.res" 1221
"../../../Engine/Content/Internationalization/icudt64l/lang/ff_SN.res" 1222
"../../../Engine/Content/Internationalization/icudt64l/lang/ff_Latn_SN.res" 1223
"../../../Engine/Content/Internationalization/icudt64l/region/ff_SN.res" 1224
"../../../Engine/Content/Internationalization/icudt64l/region/ff_Latn_SN.res" 1225
"../../../Engine/Content/Internationalization/icudt64l/lang/fi.res" 1226
"../../../Engine/Content/Internationalization/icudt64l/region/fi.res" 1227
"../../../Engine/Content/Internationalization/icudt64l/lang/fil.res" 1228
"../../../Engine/Content/Internationalization/icudt64l/lang/fil_PH.res" 1229
"../../../Engine/Content/Internationalization/icudt64l/region/fil_PH.res" 1230
"../../../Engine/Content/Internationalization/icudt64l/region/fil.res" 1231
"../../../Engine/Content/Internationalization/icudt64l/lang/fo.res" 1232
"../../../Engine/Content/Internationalization/icudt64l/region/fo.res" 1233
"../../../Engine/Content/Internationalization/icudt64l/lang/fr.res" 1234
"../../../Engine/Content/Internationalization/icudt64l/lang/fr_BE.res" 1235
"../../../Engine/Content/Internationalization/icudt64l/region/fr_BE.res" 1236
"../../../Engine/Content/Internationalization/icudt64l/region/fr.res" 1237
"../../../Engine/Content/Internationalization/icudt64l/lang/fr_CA.res" 1238
"../../../Engine/Content/Internationalization/icudt64l/region/fr_CA.res" 1239
"../../../Engine/Content/Internationalization/icudt64l/lang/fr_CH.res" 1240
"../../../Engine/Content/Internationalization/icudt64l/lang/fur.res" 1241
"../../../Engine/Content/Internationalization/icudt64l/region/fur.res" 1242
"../../../Engine/Content/Internationalization/icudt64l/lang/fy.res" 1243
"../../../Engine/Content/Internationalization/icudt64l/region/fy.res" 1244
"../../../Engine/Content/Internationalization/icudt64l/lang/ga.res" 1245
"../../../Engine/Content/Internationalization/icudt64l/region/ga.res" 1246
"../../../Engine/Content/Internationalization/icudt64l/lang/gd.res" 1247
"../../../Engine/Content/Internationalization/icudt64l/region/gd.res" 1248
"../../../Engine/Content/Internationalization/icudt64l/lang/gl.res" 1249
"../../../Engine/Content/Internationalization/icudt64l/region/gl.res" 1250
"../../../Engine/Content/Internationalization/icudt64l/lang/gsw.res" 1251
"../../../Engine/Content/Internationalization/icudt64l/region/gsw.res" 1252
"../../../Engine/Content/Internationalization/icudt64l/lang/gu.res" 1253
"../../../Engine/Content/Internationalization/icudt64l/region/gu.res" 1254
"../../../Engine/Content/Internationalization/icudt64l/lang/guz.res" 1255
"../../../Engine/Content/Internationalization/icudt64l/region/guz.res" 1256
"../../../Engine/Content/Internationalization/icudt64l/lang/gv.res" 1257
"../../../Engine/Content/Internationalization/icudt64l/region/gv.res" 1258
"../../../Engine/Content/Internationalization/icudt64l/lang/ha.res" 1259
"../../../Engine/Content/Internationalization/icudt64l/region/ha.res" 1260
"../../../Engine/Content/Internationalization/icudt64l/lang/ha_NE.res" 1261
"../../../Engine/Content/Internationalization/icudt64l/region/ha_NE.res" 1262
"../../../Engine/Content/Internationalization/icudt64l/lang/haw.res" 1263
"../../../Engine/Content/Internationalization/icudt64l/region/haw.res" 1264
"../../../Engine/Content/Internationalization/icudt64l/lang/he.res" 1265
"../../../Engine/Content/Internationalization/icudt64l/lang/he_IL.res" 1266
"../../../Engine/Content/Internationalization/icudt64l/region/he_IL.res" 1267
"../../../Engine/Content/Internationalization/icudt64l/region/he.res" 1268
"../../../Engine/Content/Internationalization/icudt64l/lang/hi.res" 1269
"../../../Engine/Content/Internationalization/icudt64l/region/hi.res" 1270
"../../../Engine/Content/Internationalization/icudt64l/lang/hr.res" 1271
"../../../Engine/Content/Internationalization/icudt64l/region/hr.res" 1272
"../../../Engine/Content/Internationalization/icudt64l/lang/hsb.res" 1273
"../../../Engine/Content/Internationalization/icudt64l/region/hsb.res" 1274
"../../../Engine/Content/Internationalization/icudt64l/lang/hu.res" 1275
"../../../Engine/Content/Internationalization/icudt64l/region/hu.res" 1276
"../../../Engine/Content/Internationalization/icudt64l/lang/hy.res" 1277
"../../../Engine/Content/Internationalization/icudt64l/region/hy.res" 1278
"../../../Engine/Content/Internationalization/icudt64l/lang/ia.res" 1279
"../../../Engine/Content/Internationalization/icudt64l/region/ia.res" 1280
"../../../Engine/Content/Internationalization/icudt64l/lang/id.res" 1281
"../../../Engine/Content/Internationalization/icudt64l/lang/id_ID.res" 1282
"../../../Engine/Content/Internationalization/icudt64l/region/id_ID.res" 1283
"../../../Engine/Content/Internationalization/icudt64l/region/id.res" 1284
"../../../Engine/Content/Internationalization/icudt64l/lang/ig.res" 1285
"../../../Engine/Content/Internationalization/icudt64l/region/ig.res" 1286
"../../../Engine/Content/Internationalization/icudt64l/lang/ii.res" 1287
"../../../Engine/Content/Internationalization/icudt64l/region/ii.res" 1288
"../../../Engine/Content/Internationalization/icudt64l/lang/is.res" 1289
"../../../Engine/Content/Internationalization/icudt64l/region/is.res" 1290
"../../../Engine/Content/Internationalization/icudt64l/lang/it.res" 1291
"../../../Engine/Content/Internationalization/icudt64l/region/it.res" 1292
"../../../Engine/Content/Internationalization/icudt64l/lang/ja.res" 1293
"../../../Engine/Content/Internationalization/icudt64l/lang/ja_JP.res" 1294
"../../../Engine/Content/Internationalization/icudt64l/region/ja_JP.res" 1295
"../../../Engine/Content/Internationalization/icudt64l/region/ja.res" 1296
"../../../Engine/Content/Internationalization/icudt64l/lang/jgo.res" 1297
"../../../Engine/Content/Internationalization/icudt64l/region/jgo.res" 1298
"../../../Engine/Content/Internationalization/icudt64l/lang/jmc.res" 1299
"../../../Engine/Content/Internationalization/icudt64l/region/jmc.res" 1300
"../../../Engine/Content/Internationalization/icudt64l/lang/jv.res" 1301
"../../../Engine/Content/Internationalization/icudt64l/region/jv.res" 1302
"../../../Engine/Content/Internationalization/icudt64l/lang/ka.res" 1303
"../../../Engine/Content/Internationalization/icudt64l/region/ka.res" 1304
"../../../Engine/Content/Internationalization/icudt64l/lang/kab.res" 1305
"../../../Engine/Content/Internationalization/icudt64l/region/kab.res" 1306
"../../../Engine/Content/Internationalization/icudt64l/lang/kam.res" 1307
"../../../Engine/Content/Internationalization/icudt64l/region/kam.res" 1308
"../../../Engine/Content/Internationalization/icudt64l/lang/kde.res" 1309
"../../../Engine/Content/Internationalization/icudt64l/region/kde.res" 1310
"../../../Engine/Content/Internationalization/icudt64l/lang/kea.res" 1311
"../../../Engine/Content/Internationalization/icudt64l/region/kea.res" 1312
"../../../Engine/Content/Internationalization/icudt64l/lang/khq.res" 1313
"../../../Engine/Content/Internationalization/icudt64l/region/khq.res" 1314
"../../../Engine/Content/Internationalization/icudt64l/lang/ki.res" 1315
"../../../Engine/Content/Internationalization/icudt64l/region/ki.res" 1316
"../../../Engine/Content/Internationalization/icudt64l/lang/kk.res" 1317
"../../../Engine/Content/Internationalization/icudt64l/region/kk.res" 1318
"../../../Engine/Content/Internationalization/icudt64l/lang/kkj.res" 1319
"../../../Engine/Content/Internationalization/icudt64l/region/kkj.res" 1320
"../../../Engine/Content/Internationalization/icudt64l/lang/kl.res" 1321
"../../../Engine/Content/Internationalization/icudt64l/region/kl.res" 1322
"../../../Engine/Content/Internationalization/icudt64l/lang/kln.res" 1323
"../../../Engine/Content/Internationalization/icudt64l/region/kln.res" 1324
"../../../Engine/Content/Internationalization/icudt64l/lang/km.res" 1325
"../../../Engine/Content/Internationalization/icudt64l/region/km.res" 1326
"../../../Engine/Content/Internationalization/icudt64l/lang/kn.res" 1327
"../../../Engine/Content/Internationalization/icudt64l/region/kn.res" 1328
"../../../Engine/Content/Internationalization/icudt64l/lang/ko.res" 1329
"../../../Engine/Content/Internationalization/icudt64l/region/ko_KP.res" 1330
"../../../Engine/Content/Internationalization/icudt64l/region/ko.res" 1331
"../../../Engine/Content/Internationalization/icudt64l/lang/kok.res" 1332
"../../../Engine/Content/Internationalization/icudt64l/region/kok.res" 1333
"../../../Engine/Content/Internationalization/icudt64l/lang/ks.res" 1334
"../../../Engine/Content/Internationalization/icudt64l/region/ks.res" 1335
"../../../Engine/Content/Internationalization/icudt64l/lang/ksb.res" 1336
"../../../Engine/Content/Internationalization/icudt64l/region/ksb.res" 1337
"../../../Engine/Content/Internationalization/icudt64l/lang/ksf.res" 1338
"../../../Engine/Content/Internationalization/icudt64l/region/ksf.res" 1339
"../../../Engine/Content/Internationalization/icudt64l/lang/ksh.res" 1340
"../../../Engine/Content/Internationalization/icudt64l/region/ksh.res" 1341
"../../../Engine/Content/Internationalization/icudt64l/lang/ku.res" 1342
"../../../Engine/Content/Internationalization/icudt64l/region/ku.res" 1343
"../../../Engine/Content/Internationalization/icudt64l/lang/kw.res" 1344
"../../../Engine/Content/Internationalization/icudt64l/region/kw.res" 1345
"../../../Engine/Content/Internationalization/icudt64l/lang/ky.res" 1346
"../../../Engine/Content/Internationalization/icudt64l/region/ky.res" 1347
"../../../Engine/Content/Internationalization/icudt64l/lang/lag.res" 1348
"../../../Engine/Content/Internationalization/icudt64l/region/lag.res" 1349
"../../../Engine/Content/Internationalization/icudt64l/lang/lb.res" 1350
"../../../Engine/Content/Internationalization/icudt64l/region/lb.res" 1351
"../../../Engine/Content/Internationalization/icudt64l/lang/lg.res" 1352
"../../../Engine/Content/Internationalization/icudt64l/region/lg.res" 1353
"../../../Engine/Content/Internationalization/icudt64l/lang/lkt.res" 1354
"../../../Engine/Content/Internationalization/icudt64l/region/lkt.res" 1355
"../../../Engine/Content/Internationalization/icudt64l/lang/ln.res" 1356
"../../../Engine/Content/Internationalization/icudt64l/region/ln.res" 1357
"../../../Engine/Content/Internationalization/icudt64l/lang/lo.res" 1358
"../../../Engine/Content/Internationalization/icudt64l/region/lo.res" 1359
"../../../Engine/Content/Internationalization/icudt64l/lang/lrc.res" 1360
"../../../Engine/Content/Internationalization/icudt64l/region/lrc.res" 1361
"../../../Engine/Content/Internationalization/icudt64l/lang/lt.res" 1362
"../../../Engine/Content/Internationalization/icudt64l/region/lt.res" 1363
"../../../Engine/Content/Internationalization/icudt64l/lang/lu.res" 1364
"../../../Engine/Content/Internationalization/icudt64l/region/lu.res" 1365
"../../../Engine/Content/Internationalization/icudt64l/lang/luo.res" 1366
"../../../Engine/Content/Internationalization/icudt64l/region/luo.res" 1367
"../../../Engine/Content/Internationalization/icudt64l/lang/luy.res" 1368
"../../../Engine/Content/Internationalization/icudt64l/region/luy.res" 1369
"../../../Engine/Content/Internationalization/icudt64l/lang/lv.res" 1370
"../../../Engine/Content/Internationalization/icudt64l/region/lv.res" 1371
"../../../Engine/Content/Internationalization/icudt64l/lang/mas.res" 1372
"../../../Engine/Content/Internationalization/icudt64l/region/mas.res" 1373
"../../../Engine/Content/Internationalization/icudt64l/lang/mer.res" 1374
"../../../Engine/Content/Internationalization/icudt64l/region/mer.res" 1375
"../../../Engine/Content/Internationalization/icudt64l/lang/mfe.res" 1376
"../../../Engine/Content/Internationalization/icudt64l/region/mfe.res" 1377
"../../../Engine/Content/Internationalization/icudt64l/lang/mg.res" 1378
"../../../Engine/Content/Internationalization/icudt64l/region/mg.res" 1379
"../../../Engine/Content/Internationalization/icudt64l/lang/mgh.res" 1380
"../../../Engine/Content/Internationalization/icudt64l/region/mgh.res" 1381
"../../../Engine/Content/Internationalization/icudt64l/lang/mgo.res" 1382
"../../../Engine/Content/Internationalization/icudt64l/region/mgo.res" 1383
"../../../Engine/Content/Internationalization/icudt64l/lang/mi.res" 1384
"../../../Engine/Content/Internationalization/icudt64l/region/mi.res" 1385
"../../../Engine/Content/Internationalization/icudt64l/lang/mk.res" 1386
"../../../Engine/Content/Internationalization/icudt64l/region/mk.res" 1387
"../../../Engine/Content/Internationalization/icudt64l/lang/ml.res" 1388
"../../../Engine/Content/Internationalization/icudt64l/region/ml.res" 1389
"../../../Engine/Content/Internationalization/icudt64l/lang/mn.res" 1390
"../../../Engine/Content/Internationalization/icudt64l/region/mn.res" 1391
"../../../Engine/Content/Internationalization/icudt64l/lang/mr.res" 1392
"../../../Engine/Content/Internationalization/icudt64l/region/mr.res" 1393
"../../../Engine/Content/Internationalization/icudt64l/lang/ms.res" 1394
"../../../Engine/Content/Internationalization/icudt64l/region/ms.res" 1395
"../../../Engine/Content/Internationalization/icudt64l/lang/mt.res" 1396
"../../../Engine/Content/Internationalization/icudt64l/region/mt.res" 1397
"../../../Engine/Content/Internationalization/icudt64l/lang/mua.res" 1398
"../../../Engine/Content/Internationalization/icudt64l/region/mua.res" 1399
"../../../Engine/Content/Internationalization/icudt64l/lang/my.res" 1400
"../../../Engine/Content/Internationalization/icudt64l/region/my.res" 1401
"../../../Engine/Content/Internationalization/icudt64l/lang/mzn.res" 1402
"../../../Engine/Content/Internationalization/icudt64l/region/mzn.res" 1403
"../../../Engine/Content/Internationalization/icudt64l/lang/naq.res" 1404
"../../../Engine/Content/Internationalization/icudt64l/region/naq.res" 1405
"../../../Engine/Content/Internationalization/icudt64l/lang/nb.res" 1406
"../../../Engine/Content/Internationalization/icudt64l/lang/nb_NO.res" 1407
"../../../Engine/Content/Internationalization/icudt64l/region/nb_NO.res" 1408
"../../../Engine/Content/Internationalization/icudt64l/region/nb.res" 1409
"../../../Engine/Content/Internationalization/icudt64l/lang/nd.res" 1410
"../../../Engine/Content/Internationalization/icudt64l/region/nd.res" 1411
"../../../Engine/Content/Internationalization/icudt64l/lang/nds.res" 1412
"../../../Engine/Content/Internationalization/icudt64l/region/nds.res" 1413
"../../../Engine/Content/Internationalization/icudt64l/lang/ne.res" 1414
"../../../Engine/Content/Internationalization/icudt64l/region/ne.res" 1415
"../../../Engine/Content/Internationalization/icudt64l/lang/nl.res" 1416
"../../../Engine/Content/Internationalization/icudt64l/region/nl.res" 1417
"../../../Engine/Content/Internationalization/icudt64l/lang/nmg.res" 1418
"../../../Engine/Content/Internationalization/icudt64l/region/nmg.res" 1419
"../../../Engine/Content/Internationalization/icudt64l/lang/nn.res" 1420
"../../../Engine/Content/Internationalization/icudt64l/lang/nn_NO.res" 1421
"../../../Engine/Content/Internationalization/icudt64l/region/nn_NO.res" 1422
"../../../Engine/Content/Internationalization/icudt64l/region/nn.res" 1423
"../../../Engine/Content/Internationalization/icudt64l/lang/nnh.res" 1424
"../../../Engine/Content/Internationalization/icudt64l/region/nnh.res" 1425
"../../../Engine/Content/Internationalization/icudt64l/lang/nus.res" 1426
"../../../Engine/Content/Internationalization/icudt64l/region/nus.res" 1427
"../../../Engine/Content/Internationalization/icudt64l/lang/nyn.res" 1428
"../../../Engine/Content/Internationalization/icudt64l/region/nyn.res" 1429
"../../../Engine/Content/Internationalization/icudt64l/lang/om.res" 1430
"../../../Engine/Content/Internationalization/icudt64l/region/om.res" 1431
"../../../Engine/Content/Internationalization/icudt64l/lang/or.res" 1432
"../../../Engine/Content/Internationalization/icudt64l/region/or.res" 1433
"../../../Engine/Content/Internationalization/icudt64l/lang/os.res" 1434
"../../../Engine/Content/Internationalization/icudt64l/region/os.res" 1435
"../../../Engine/Content/Internationalization/icudt64l/lang/pa.res" 1436
"../../../Engine/Content/Internationalization/icudt64l/lang/pa_Arab.res" 1437
"../../../Engine/Content/Internationalization/icudt64l/lang/pa_PK.res" 1438
"../../../Engine/Content/Internationalization/icudt64l/lang/pa_Arab_PK.res" 1439
"../../../Engine/Content/Internationalization/icudt64l/region/pa_PK.res" 1440
"../../../Engine/Content/Internationalization/icudt64l/region/pa_Arab_PK.res" 1441
"../../../Engine/Content/Internationalization/icudt64l/region/pa_Arab.res" 1442
"../../../Engine/Content/Internationalization/icudt64l/lang/pa_Guru.res" 1443
"../../../Engine/Content/Internationalization/icudt64l/lang/pa_IN.res" 1444
"../../../Engine/Content/Internationalization/icudt64l/lang/pa_Guru_IN.res" 1445
"../../../Engine/Content/Internationalization/icudt64l/region/pa_IN.res" 1446
"../../../Engine/Content/Internationalization/icudt64l/region/pa_Guru_IN.res" 1447
"../../../Engine/Content/Internationalization/icudt64l/region/pa_Guru.res" 1448
"../../../Engine/Content/Internationalization/icudt64l/region/pa.res" 1449
"../../../Engine/Content/Internationalization/icudt64l/lang/ps.res" 1450
"../../../Engine/Content/Internationalization/icudt64l/region/ps.res" 1451
"../../../Engine/Content/Internationalization/icudt64l/lang/ps_PK.res" 1452
"../../../Engine/Content/Internationalization/icudt64l/region/ps_PK.res" 1453
"../../../Engine/Content/Internationalization/icudt64l/lang/pt.res" 1454
"../../../Engine/Content/Internationalization/icudt64l/lang/pt_AO.res" 1455
"../../../Engine/Content/Internationalization/icudt64l/lang/pt_PT.res" 1456
"../../../Engine/Content/Internationalization/icudt64l/region/pt_AO.res" 1457
"../../../Engine/Content/Internationalization/icudt64l/region/pt_PT.res" 1458
"../../../Engine/Content/Internationalization/icudt64l/region/pt.res" 1459
"../../../Engine/Content/Internationalization/icudt64l/lang/pt_CH.res" 1460
"../../../Engine/Content/Internationalization/icudt64l/region/pt_CH.res" 1461
"../../../Engine/Content/Internationalization/icudt64l/lang/pt_CV.res" 1462
"../../../Engine/Content/Internationalization/icudt64l/region/pt_CV.res" 1463
"../../../Engine/Content/Internationalization/icudt64l/lang/pt_GQ.res" 1464
"../../../Engine/Content/Internationalization/icudt64l/region/pt_GQ.res" 1465
"../../../Engine/Content/Internationalization/icudt64l/lang/pt_GW.res" 1466
"../../../Engine/Content/Internationalization/icudt64l/region/pt_GW.res" 1467
"../../../Engine/Content/Internationalization/icudt64l/lang/pt_LU.res" 1468
"../../../Engine/Content/Internationalization/icudt64l/region/pt_LU.res" 1469
"../../../Engine/Content/Internationalization/icudt64l/lang/pt_MO.res" 1470
"../../../Engine/Content/Internationalization/icudt64l/region/pt_MO.res" 1471
"../../../Engine/Content/Internationalization/icudt64l/lang/pt_MZ.res" 1472
"../../../Engine/Content/Internationalization/icudt64l/region/pt_MZ.res" 1473
"../../../Engine/Content/Internationalization/icudt64l/lang/pt_ST.res" 1474
"../../../Engine/Content/Internationalization/icudt64l/region/pt_ST.res" 1475
"../../../Engine/Content/Internationalization/icudt64l/lang/pt_TL.res" 1476
"../../../Engine/Content/Internationalization/icudt64l/region/pt_TL.res" 1477
"../../../Engine/Content/Internationalization/icudt64l/lang/qu.res" 1478
"../../../Engine/Content/Internationalization/icudt64l/region/qu.res" 1479
"../../../Engine/Content/Internationalization/icudt64l/lang/rm.res" 1480
"../../../Engine/Content/Internationalization/icudt64l/region/rm.res" 1481
"../../../Engine/Content/Internationalization/icudt64l/lang/rn.res" 1482
"../../../Engine/Content/Internationalization/icudt64l/region/rn.res" 1483
"../../../Engine/Content/Internationalization/icudt64l/lang/ro.res" 1484
"../../../Engine/Content/Internationalization/icudt64l/lang/ro_MD.res" 1485
"../../../Engine/Content/Internationalization/icudt64l/region/ro_MD.res" 1486
"../../../Engine/Content/Internationalization/icudt64l/region/ro.res" 1487
"../../../Engine/Content/Internationalization/icudt64l/lang/rof.res" 1488
"../../../Engine/Content/Internationalization/icudt64l/region/rof.res" 1489
"../../../Engine/Content/Internationalization/icudt64l/lang/ru.res" 1490
"../../../Engine/Content/Internationalization/icudt64l/region/ru.res" 1491
"../../../Engine/Content/Internationalization/icudt64l/region/ru_UA.res" 1492
"../../../Engine/Content/Internationalization/icudt64l/lang/rw.res" 1493
"../../../Engine/Content/Internationalization/icudt64l/region/rw.res" 1494
"../../../Engine/Content/Internationalization/icudt64l/lang/rwk.res" 1495
"../../../Engine/Content/Internationalization/icudt64l/region/rwk.res" 1496
"../../../Engine/Content/Internationalization/icudt64l/lang/sah.res" 1497
"../../../Engine/Content/Internationalization/icudt64l/region/sah.res" 1498
"../../../Engine/Content/Internationalization/icudt64l/lang/saq.res" 1499
"../../../Engine/Content/Internationalization/icudt64l/region/saq.res" 1500
"../../../Engine/Content/Internationalization/icudt64l/lang/sbp.res" 1501
"../../../Engine/Content/Internationalization/icudt64l/region/sbp.res" 1502
"../../../Engine/Content/Internationalization/icudt64l/lang/sd.res" 1503
"../../../Engine/Content/Internationalization/icudt64l/region/sd.res" 1504
"../../../Engine/Content/Internationalization/icudt64l/lang/se.res" 1505
"../../../Engine/Content/Internationalization/icudt64l/lang/se_FI.res" 1506
"../../../Engine/Content/Internationalization/icudt64l/region/se_FI.res" 1507
"../../../Engine/Content/Internationalization/icudt64l/region/se.res" 1508
"../../../Engine/Content/Internationalization/icudt64l/lang/seh.res" 1509
"../../../Engine/Content/Internationalization/icudt64l/region/seh.res" 1510
"../../../Engine/Content/Internationalization/icudt64l/lang/ses.res" 1511
"../../../Engine/Content/Internationalization/icudt64l/region/ses.res" 1512
"../../../Engine/Content/Internationalization/icudt64l/lang/sg.res" 1513
"../../../Engine/Content/Internationalization/icudt64l/region/sg.res" 1514
"../../../Engine/Content/Internationalization/icudt64l/lang/shi.res" 1515
"../../../Engine/Content/Internationalization/icudt64l/lang/shi_Latn.res" 1516
"../../../Engine/Content/Internationalization/icudt64l/lang/shi_MA.res" 1517
"../../../Engine/Content/Internationalization/icudt64l/lang/shi_Tfng_MA.res" 1518
"../../../Engine/Content/Internationalization/icudt64l/lang/shi_Tfng.res" 1519
"../../../Engine/Content/Internationalization/icudt64l/region/shi_MA.res" 1520
"../../../Engine/Content/Internationalization/icudt64l/region/shi_Tfng_MA.res" 1521
"../../../Engine/Content/Internationalization/icudt64l/region/shi_Tfng.res" 1522
"../../../Engine/Content/Internationalization/icudt64l/region/shi.res" 1523
"../../../Engine/Content/Internationalization/icudt64l/region/shi_Latn.res" 1524
"../../../Engine/Content/Internationalization/icudt64l/lang/si.res" 1525
"../../../Engine/Content/Internationalization/icudt64l/region/si.res" 1526
"../../../Engine/Content/Internationalization/icudt64l/lang/sk.res" 1527
"../../../Engine/Content/Internationalization/icudt64l/region/sk.res" 1528
"../../../Engine/Content/Internationalization/icudt64l/lang/sl.res" 1529
"../../../Engine/Content/Internationalization/icudt64l/region/sl.res" 1530
"../../../Engine/Content/Internationalization/icudt64l/lang/smn.res" 1531
"../../../Engine/Content/Internationalization/icudt64l/region/smn.res" 1532
"../../../Engine/Content/Internationalization/icudt64l/lang/sn.res" 1533
"../../../Engine/Content/Internationalization/icudt64l/region/sn.res" 1534
"../../../Engine/Content/Internationalization/icudt64l/lang/so.res" 1535
"../../../Engine/Content/Internationalization/icudt64l/region/so.res" 1536
"../../../Engine/Content/Internationalization/icudt64l/lang/sq.res" 1537
"../../../Engine/Content/Internationalization/icudt64l/region/sq.res" 1538
"../../../Engine/Content/Internationalization/icudt64l/lang/sr.res" 1539
"../../../Engine/Content/Internationalization/icudt64l/lang/sr_Cyrl.res" 1540
"../../../Engine/Content/Internationalization/icudt64l/lang/sr_BA.res" 1541
"../../../Engine/Content/Internationalization/icudt64l/lang/sr_Cyrl_BA.res" 1542
"../../../Engine/Content/Internationalization/icudt64l/region/sr_BA.res" 1543
"../../../Engine/Content/Internationalization/icudt64l/region/sr_Cyrl_BA.res" 1544
"../../../Engine/Content/Internationalization/icudt64l/region/sr_Cyrl.res" 1545
"../../../Engine/Content/Internationalization/icudt64l/region/sr.res" 1546
"../../../Engine/Content/Internationalization/icudt64l/lang/sr_ME.res" 1547
"../../../Engine/Content/Internationalization/icudt64l/lang/sr_Latn_ME.res" 1548
"../../../Engine/Content/Internationalization/icudt64l/lang/sr_Latn.res" 1549
"../../../Engine/Content/Internationalization/icudt64l/region/sr_ME.res" 1550
"../../../Engine/Content/Internationalization/icudt64l/region/sr_Latn_ME.res" 1551
"../../../Engine/Content/Internationalization/icudt64l/region/sr_Latn.res" 1552
"../../../Engine/Content/Internationalization/icudt64l/lang/sr_Cyrl_ME.res" 1553
"../../../Engine/Content/Internationalization/icudt64l/region/sr_Cyrl_ME.res" 1554
"../../../Engine/Content/Internationalization/icudt64l/lang/sr_RS.res" 1555
"../../../Engine/Content/Internationalization/icudt64l/lang/sr_Cyrl_RS.res" 1556
"../../../Engine/Content/Internationalization/icudt64l/region/sr_RS.res" 1557
"../../../Engine/Content/Internationalization/icudt64l/region/sr_Cyrl_RS.res" 1558
"../../../Engine/Content/Internationalization/icudt64l/lang/sr_XK.res" 1559
"../../../Engine/Content/Internationalization/icudt64l/lang/sr_Cyrl_XK.res" 1560
"../../../Engine/Content/Internationalization/icudt64l/region/sr_XK.res" 1561
"../../../Engine/Content/Internationalization/icudt64l/region/sr_Cyrl_XK.res" 1562
"../../../Engine/Content/Internationalization/icudt64l/lang/sr_Latn_BA.res" 1563
"../../../Engine/Content/Internationalization/icudt64l/region/sr_Latn_BA.res" 1564
"../../../Engine/Content/Internationalization/icudt64l/lang/sr_Latn_RS.res" 1565
"../../../Engine/Content/Internationalization/icudt64l/region/sr_Latn_RS.res" 1566
"../../../Engine/Content/Internationalization/icudt64l/lang/sr_Latn_XK.res" 1567
"../../../Engine/Content/Internationalization/icudt64l/region/sr_Latn_XK.res" 1568
"../../../Engine/Content/Internationalization/icudt64l/lang/sv.res" 1569
"../../../Engine/Content/Internationalization/icudt64l/region/sv.res" 1570
"../../../Engine/Content/Internationalization/icudt64l/lang/sv_FI.res" 1571
"../../../Engine/Content/Internationalization/icudt64l/lang/sw.res" 1572
"../../../Engine/Content/Internationalization/icudt64l/lang/sw_CD.res" 1573
"../../../Engine/Content/Internationalization/icudt64l/region/sw_CD.res" 1574
"../../../Engine/Content/Internationalization/icudt64l/region/sw.res" 1575
"../../../Engine/Content/Internationalization/icudt64l/lang/sw_KE.res" 1576
"../../../Engine/Content/Internationalization/icudt64l/region/sw_KE.res" 1577
"../../../Engine/Content/Internationalization/icudt64l/lang/ta.res" 1578
"../../../Engine/Content/Internationalization/icudt64l/region/ta.res" 1579
"../../../Engine/Content/Internationalization/icudt64l/lang/te.res" 1580
"../../../Engine/Content/Internationalization/icudt64l/region/te.res" 1581
"../../../Engine/Content/Internationalization/icudt64l/lang/teo.res" 1582
"../../../Engine/Content/Internationalization/icudt64l/region/teo.res" 1583
"../../../Engine/Content/Internationalization/icudt64l/lang/tg.res" 1584
"../../../Engine/Content/Internationalization/icudt64l/region/tg.res" 1585
"../../../Engine/Content/Internationalization/icudt64l/lang/th.res" 1586
"../../../Engine/Content/Internationalization/icudt64l/lang/th_TH.res" 1587
"../../../Engine/Content/Internationalization/icudt64l/region/th_TH.res" 1588
"../../../Engine/Content/Internationalization/icudt64l/region/th.res" 1589
"../../../Engine/Content/Internationalization/icudt64l/lang/ti.res" 1590
"../../../Engine/Content/Internationalization/icudt64l/region/ti.res" 1591
"../../../Engine/Content/Internationalization/icudt64l/lang/tk.res" 1592
"../../../Engine/Content/Internationalization/icudt64l/region/tk.res" 1593
"../../../Engine/Content/Internationalization/icudt64l/lang/to.res" 1594
"../../../Engine/Content/Internationalization/icudt64l/region/to.res" 1595
"../../../Engine/Content/Internationalization/icudt64l/lang/tr.res" 1596
"../../../Engine/Content/Internationalization/icudt64l/region/tr.res" 1597
"../../../Engine/Content/Internationalization/icudt64l/lang/tt.res" 1598
"../../../Engine/Content/Internationalization/icudt64l/region/tt.res" 1599
"../../../Engine/Content/Internationalization/icudt64l/lang/twq.res" 1600
"../../../Engine/Content/Internationalization/icudt64l/region/twq.res" 1601
"../../../Engine/Content/Internationalization/icudt64l/lang/tzm.res" 1602
"../../../Engine/Content/Internationalization/icudt64l/region/tzm.res" 1603
"../../../Engine/Content/Internationalization/icudt64l/lang/ug.res" 1604
"../../../Engine/Content/Internationalization/icudt64l/region/ug.res" 1605
"../../../Engine/Content/Internationalization/icudt64l/lang/uk.res" 1606
"../../../Engine/Content/Internationalization/icudt64l/region/uk.res" 1607
"../../../Engine/Content/Internationalization/icudt64l/lang/ur.res" 1608
"../../../Engine/Content/Internationalization/icudt64l/lang/ur_IN.res" 1609
"../../../Engine/Content/Internationalization/icudt64l/region/ur_IN.res" 1610
"../../../Engine/Content/Internationalization/icudt64l/region/ur.res" 1611
"../../../Engine/Content/Internationalization/icudt64l/lang/uz.res" 1612
"../../../Engine/Content/Internationalization/icudt64l/lang/uz_Arab.res" 1613
"../../../Engine/Content/Internationalization/icudt64l/lang/uz_AF.res" 1614
"../../../Engine/Content/Internationalization/icudt64l/lang/uz_Arab_AF.res" 1615
"../../../Engine/Content/Internationalization/icudt64l/region/uz_AF.res" 1616
"../../../Engine/Content/Internationalization/icudt64l/region/uz_Arab_AF.res" 1617
"../../../Engine/Content/Internationalization/icudt64l/region/uz_Arab.res" 1618
"../../../Engine/Content/Internationalization/icudt64l/lang/uz_Cyrl.res" 1619
"../../../Engine/Content/Internationalization/icudt64l/lang/uz_UZ.res" 1620
"../../../Engine/Content/Internationalization/icudt64l/lang/uz_Latn_UZ.res" 1621
"../../../Engine/Content/Internationalization/icudt64l/lang/uz_Latn.res" 1622
"../../../Engine/Content/Internationalization/icudt64l/region/uz_UZ.res" 1623
"../../../Engine/Content/Internationalization/icudt64l/region/uz_Latn_UZ.res" 1624
"../../../Engine/Content/Internationalization/icudt64l/region/uz_Latn.res" 1625
"../../../Engine/Content/Internationalization/icudt64l/region/uz.res" 1626
"../../../Engine/Content/Internationalization/icudt64l/region/uz_Cyrl.res" 1627
"../../../Engine/Content/Internationalization/icudt64l/lang/vai.res" 1628
"../../../Engine/Content/Internationalization/icudt64l/lang/vai_Latn.res" 1629
"../../../Engine/Content/Internationalization/icudt64l/lang/vai_LR.res" 1630
"../../../Engine/Content/Internationalization/icudt64l/lang/vai_Vaii_LR.res" 1631
"../../../Engine/Content/Internationalization/icudt64l/lang/vai_Vaii.res" 1632
"../../../Engine/Content/Internationalization/icudt64l/region/vai_LR.res" 1633
"../../../Engine/Content/Internationalization/icudt64l/region/vai_Vaii_LR.res" 1634
"../../../Engine/Content/Internationalization/icudt64l/region/vai_Vaii.res" 1635
"../../../Engine/Content/Internationalization/icudt64l/region/vai.res" 1636
"../../../Engine/Content/Internationalization/icudt64l/region/vai_Latn.res" 1637
"../../../Engine/Content/Internationalization/icudt64l/lang/vi.res" 1638
"../../../Engine/Content/Internationalization/icudt64l/region/vi.res" 1639
"../../../Engine/Content/Internationalization/icudt64l/lang/vun.res" 1640
"../../../Engine/Content/Internationalization/icudt64l/region/vun.res" 1641
"../../../Engine/Content/Internationalization/icudt64l/lang/wae.res" 1642
"../../../Engine/Content/Internationalization/icudt64l/region/wae.res" 1643
"../../../Engine/Content/Internationalization/icudt64l/lang/wo.res" 1644
"../../../Engine/Content/Internationalization/icudt64l/region/wo.res" 1645
"../../../Engine/Content/Internationalization/icudt64l/lang/xh.res" 1646
"../../../Engine/Content/Internationalization/icudt64l/region/xh.res" 1647
"../../../Engine/Content/Internationalization/icudt64l/lang/xog.res" 1648
"../../../Engine/Content/Internationalization/icudt64l/region/xog.res" 1649
"../../../Engine/Content/Internationalization/icudt64l/lang/yav.res" 1650
"../../../Engine/Content/Internationalization/icudt64l/region/yav.res" 1651
"../../../Engine/Content/Internationalization/icudt64l/lang/yi.res" 1652
"../../../Engine/Content/Internationalization/icudt64l/region/yi.res" 1653
"../../../Engine/Content/Internationalization/icudt64l/lang/yo.res" 1654
"../../../Engine/Content/Internationalization/icudt64l/lang/yo_BJ.res" 1655
"../../../Engine/Content/Internationalization/icudt64l/region/yo_BJ.res" 1656
"../../../Engine/Content/Internationalization/icudt64l/region/yo.res" 1657
"../../../Engine/Content/Internationalization/icudt64l/lang/yue.res" 1658
"../../../Engine/Content/Internationalization/icudt64l/lang/yue_Hans.res" 1659
"../../../Engine/Content/Internationalization/icudt64l/lang/yue_CN.res" 1660
"../../../Engine/Content/Internationalization/icudt64l/lang/yue_Hans_CN.res" 1661
"../../../Engine/Content/Internationalization/icudt64l/region/yue_CN.res" 1662
"../../../Engine/Content/Internationalization/icudt64l/region/yue_Hans_CN.res" 1663
"../../../Engine/Content/Internationalization/icudt64l/region/yue_Hans.res" 1664
"../../../Engine/Content/Internationalization/icudt64l/lang/yue_Hant.res" 1665
"../../../Engine/Content/Internationalization/icudt64l/lang/yue_HK.res" 1666
"../../../Engine/Content/Internationalization/icudt64l/lang/yue_Hant_HK.res" 1667
"../../../Engine/Content/Internationalization/icudt64l/region/yue_HK.res" 1668
"../../../Engine/Content/Internationalization/icudt64l/region/yue_Hant_HK.res" 1669
"../../../Engine/Content/Internationalization/icudt64l/region/yue_Hant.res" 1670
"../../../Engine/Content/Internationalization/icudt64l/region/yue.res" 1671
"../../../Engine/Content/Internationalization/icudt64l/lang/zgh.res" 1672
"../../../Engine/Content/Internationalization/icudt64l/region/zgh.res" 1673
"../../../Engine/Content/Internationalization/icudt64l/lang/zh.res" 1674
"../../../Engine/Content/Internationalization/icudt64l/lang/zh_Hans.res" 1675
"../../../Engine/Content/Internationalization/icudt64l/lang/zh_CN.res" 1676
"../../../Engine/Content/Internationalization/icudt64l/lang/zh_Hans_CN.res" 1677
"../../../Engine/Content/Internationalization/icudt64l/region/zh_CN.res" 1678
"../../../Engine/Content/Internationalization/icudt64l/region/zh_Hans_CN.res" 1679
"../../../Engine/Content/Internationalization/icudt64l/region/zh_Hans.res" 1680
"../../../Engine/Content/Internationalization/icudt64l/region/zh.res" 1681
"../../../Engine/Content/Internationalization/icudt64l/lang/zh_HK.res" 1682
"../../../Engine/Content/Internationalization/icudt64l/lang/zh_Hant_HK.res" 1683
"../../../Engine/Content/Internationalization/icudt64l/lang/zh_Hant.res" 1684
"../../../Engine/Content/Internationalization/icudt64l/region/zh_HK.res" 1685
"../../../Engine/Content/Internationalization/icudt64l/region/zh_Hant_HK.res" 1686
"../../../Engine/Content/Internationalization/icudt64l/region/zh_Hant.res" 1687
"../../../Engine/Content/Internationalization/icudt64l/lang/zh_MO.res" 1688
"../../../Engine/Content/Internationalization/icudt64l/lang/zh_Hant_MO.res" 1689
"../../../Engine/Content/Internationalization/icudt64l/region/zh_MO.res" 1690
"../../../Engine/Content/Internationalization/icudt64l/region/zh_Hant_MO.res" 1691
"../../../Engine/Content/Internationalization/icudt64l/lang/zh_SG.res" 1692
"../../../Engine/Content/Internationalization/icudt64l/lang/zh_Hans_SG.res" 1693
"../../../Engine/Content/Internationalization/icudt64l/region/zh_SG.res" 1694
"../../../Engine/Content/Internationalization/icudt64l/region/zh_Hans_SG.res" 1695
"../../../Engine/Content/Internationalization/icudt64l/lang/zh_TW.res" 1696
"../../../Engine/Content/Internationalization/icudt64l/lang/zh_Hant_TW.res" 1697
"../../../Engine/Content/Internationalization/icudt64l/region/zh_TW.res" 1698
"../../../Engine/Content/Internationalization/icudt64l/region/zh_Hant_TW.res" 1699
"../../../Engine/Content/Internationalization/icudt64l/lang/zu.res" 1700
"../../../Engine/Content/Internationalization/icudt64l/region/zu.res" 1701
"../../../Engine/Content/Internationalization/icudt64l/lang/no.res" 1702
"../../../Engine/Content/Internationalization/icudt64l/lang/tl.res" 1703
"../../../Engine/Config/Android/DataDrivenPlatformInfo.ini" 1704
"../../../Engine/Config/HoloLens/DataDrivenPlatformInfo.ini" 1705
"../../../Engine/Config/IOS/DataDrivenPlatformInfo.ini" 1706
"../../../Engine/Config/Linux/DataDrivenPlatformInfo.ini" 1707
"../../../Engine/Config/LinuxArm64/DataDrivenPlatformInfo.ini" 1708
"../../../Engine/Config/Mac/DataDrivenPlatformInfo.ini" 1709
"../../../Engine/Config/TVOS/DataDrivenPlatformInfo.ini" 1710
"../../../Engine/Config/Unix/DataDrivenPlatformInfo.ini" 1711
"../../../Engine/Config/VulkanPC/DataDrivenPlatformInfo.ini" 1712
"../../../Engine/Config/Windows/DataDrivenPlatformInfo.ini" 1713
"../../../Engine/DerivedDataCache/Compressed.ddp" 1714
"C:/Users/pduli/AppData/Local/UnrealEngine/Common/DerivedDataCache/TestData/0/TestData_4kb.dat" 1715
"C:/Users/pduli/AppData/Local/UnrealEngine/Common/DerivedDataCache/TestData/1/TestData_4kb.dat" 1716
"C:/Users/pduli/AppData/Local/UnrealEngine/Common/DerivedDataCache/TestData/0/TestData_8kb.dat" 1717
"C:/Users/pduli/AppData/Local/UnrealEngine/Common/DerivedDataCache/TestData/1/TestData_8kb.dat" 1718
"C:/Users/pduli/AppData/Local/UnrealEngine/Common/DerivedDataCache/TestData/0/TestData_16kb.dat" 1719
"C:/Users/pduli/AppData/Local/UnrealEngine/Common/DerivedDataCache/TestData/1/TestData_16kb.dat" 1720
"C:/Users/pduli/AppData/Local/UnrealEngine/Common/DerivedDataCache/TestData/0/TestData_64kb.dat" 1721
"C:/Users/pduli/AppData/Local/UnrealEngine/Common/DerivedDataCache/TestData/1/TestData_64kb.dat" 1722
"C:/Users/pduli/AppData/Local/UnrealEngine/Common/DerivedDataCache/TestData/0/TestData_128kb.dat" 1723
"C:/Users/pduli/AppData/Local/UnrealEngine/Common/DerivedDataCache/TestData/1/TestData_128kb.dat" 1724
"C:/Users/pduli/AppData/Local/UnrealEngine/Common/DerivedDataCache/TestData/0/TestData_256kb.dat" 1725
"C:/Users/pduli/AppData/Local/UnrealEngine/Common/DerivedDataCache/TestData/1/TestData_256kb.dat" 1726
"../../../Engine/Plugins/FX/Niagara/Shaders/Private/NiagaraSpriteVertexFactory.ush" 1727
"../../../Engine/Shaders/Private/VertexFactoryCommon.ush" 1728
"../../../Engine/Shaders/Private/Common.ush" 1729
"../../../Engine/Shaders/Public/Platform.ush" 1730
"../../../Engine/Shaders/Public/FP16Math.ush" 1731
"../../../Engine/Shaders/Public/Platform/D3D/D3DCommon.ush" 1732
"../../../Engine/Shaders/Public/BindlessResources.ush" 1733
"../../../Engine/Shaders/Public/ShaderVersion.ush" 1734
"../../../Engine/Shaders/Private/GeneratedUniformBufferTypes.ush" 1735
"../../../Engine/Shaders/Private/Nanite/NanitePackedNaniteView.ush" 1736
"../../../Engine/Shaders/Private/HairStrands/HairStrandsVisibilityCommonStruct.ush" 1737
"../../../Engine/Shaders/Private/HairStrands/HairStrandsVoxelPageCommonStruct.ush" 1738
"../../../Engine/Shaders/Private/HairStrands/HairStrandsDeepShadowCommonStruct.ush" 1739
"../../../Engine/Shaders/Private/CommonViewUniformBuffer.ush" 1740
"../../../Engine/Shaders/Private/LargeWorldCoordinates.ush" 1741
"../../../Engine/Shaders/Private/LWCOperations.ush" 1742
"../../../Engine/Shaders/Private/InstancedStereo.ush" 1743
"../../../Engine/Shaders/Private/Definitions.usf" 1744
"../../../Engine/Shaders/Private/AssertionMacros.ush" 1745
"../../../Engine/Shaders/Private/FastMath.ush" 1746
"../../../Engine/Shaders/Private/FastMathThirdParty.ush" 1747
"../../../Engine/Shaders/Private/Random.ush" 1748
"../../../Engine/Shaders/Private/SceneData.ush" 1749
"../../../Engine/Shaders/Private/OctahedralCommon.ush" 1750
"../../../Engine/Shaders/Shared/LightSceneData.h" 1751
"../../../Engine/Shaders/Shared/HLSLTypeAliases.h" 1752
"../../../Engine/Shaders/Private/ParticleVertexFactoryCommon.ush" 1753
"../../../Engine/Plugins/FX/Niagara/Shaders/Private/NiagaraVFCommon.usf" 1754
"../../../Engine/Plugins/FX/Niagara/Shaders/Private/NiagaraVFParticleAccess.usf" 1755
"../../../Engine/Plugins/FX/Niagara/Shaders/Private/NiagaraParticleAccess.ush" 1756
"../../../Engine/Shaders/Private/VertexFactoryDefaultInterface.ush" 1757
"../../../Engine/Plugins/FX/Niagara/Shaders/Private/NiagaraRibbonVertexFactory.ush" 1758
"../../../Engine/Plugins/FX/Niagara/Shaders/Private/NiagaraMeshVertexFactory.ush" 1759
"../../../Engine/Plugins/FX/Niagara/Shaders/Private/NiagaraCommon.ush" 1760
"../../../Engine/Plugins/FX/Niagara/Shaders/Private/NiagaraMeshParticleUtils.ush" 1761
"../../../Engine/Shaders/Private/RayTracing/RayTracingCommon.ush" 1762
"../../../Engine/Shaders/Private/ShadingCommon.ush" 1763
"../../../Engine/Shaders/Shared/RayTracingDefinitions.h" 1764
"../../../Engine/Shaders/Shared/RayTracingPayloadType.h" 1765
"../../../Engine/Shaders/Shared/HLSLStaticAssert.h" 1766
"../../../Engine/Shaders/Private/RayTracing/RayTracingRayCone.ush" 1767
"../../../Engine/Shaders/Private/Strata/Strata.ush" 1768
"../../../Engine/Shaders/Private/ShadingEnergyConservation.ush" 1769
"../../../Engine/Shaders/Private/ShadingEnergyConservationTemplate.ush" 1770
"../../../Engine/Shaders/Private/BRDF.ush" 1771
"../../../Engine/Shaders/Private/ColorSpace.ush" 1772
"../../../Engine/Shaders/Private/DeferredShadingCommon.ush" 1773
"../../../Engine/Shaders/Private/LightAccumulator.ush" 1774
"../../../Engine/Shaders/Private/SceneTexturesCommon.ush" 1775
"../../../Engine/Shaders/Private/MonteCarlo.ush" 1776
"../../../Engine/Shaders/Private/GBufferHelpers.ush" 1777
"../../../Engine/Shaders/Private/SceneTextureParameters.ush" 1778
"E:/UE Projects/SixMinutesAtChonkers/Intermediate/ShaderAutogen/PCD3D_SM5/AutogenShaderHeaders.ush" 1779
"../../../Engine/Shaders/Private/ParticipatingMediaCommon.ush" 1780
"../../../Engine/Shaders/Private/ThinFilmBSDF.ush" 1781
"../../../Engine/Shaders/Private/MortonCode.ush" 1782
"../../../Engine/Shaders/Private/SubsurfaceProfileCommon.ush" 1783
"../../../Engine/Shaders/Private/BurleyNormalizedSSSCommon.ush" 1784
"../../../Engine/Shaders/Private/GammaCorrectionCommon.ush" 1785
"../../../Engine/Shaders/Shared/StrataDefinitions.h" 1786
"../../../Engine/Shaders/Private/Strata/StrataStatisticalOperators.ush" 1787
"../../../Engine/Shaders/Private/RayTracing/RayTracingCommonMetal.ush" 1788
"../../../Engine/Shaders/Private/PositionReconstructionCommon.ush" 1789
"../../../Engine/Shaders/Private/RayTracing/RayTracingHitGroupCommon.ush" 1790
"../../../Engine/Shaders/Shared/RayTracingBuiltInResources.h" 1791
"../../../Engine/Shaders/Private/VectorFieldVisualizationVertexFactory.ush" 1792
"../../../Engine/Shaders/Private/Nanite/NaniteVertexFactory.ush" 1793
"../../../Engine/Shaders/Private/LightmapData.ush" 1794
"../../../Engine/Shaders/Private/Nanite/NaniteDataDecode.ush" 1795
"../../../Engine/Shaders/Private/BitPacking.ush" 1796
"../../../Engine/Shaders/Private/BitStreamReaderImplementation.ush" 1797
"../../../Engine/Shaders/Shared/NaniteDefinitions.h" 1798
"../../../Engine/Shaders/Private/Nanite/NaniteAttributeDecode.ush" 1799
"../../../Engine/Shaders/Private/ParticleSpriteVertexFactory.ush" 1800
"../../../Engine/Shaders/Private/ParticleGPUSpriteVertexFactory.ush" 1801
"../../../Engine/Shaders/Private/ParticleBeamTrailVertexFactory.ush" 1802
"../../../Engine/Shaders/Private/MeshParticleVertexFactory.ush" 1803
"../../../Engine/Shaders/Private/LocalVertexFactory.ush" 1804
"../../../Engine/Shaders/Private/LocalVertexFactoryCommon.ush" 1805
"../../../Engine/Shaders/Private/GpuSkinCommon.ush" 1806
"../../../Engine/Shaders/Private/GpuSkinVertexFactory.ush" 1807
"../../../Engine/Shaders/Private/GeometryCollectionVertexFactory.ush" 1808
"../../../Engine/Shaders/Private/GeometryCacheVertexFactory.ush" 1809
"../../../Engine/Shaders/Private/LandscapeVertexFactory.ush" 1810
"../../../Engine/Plugins/FX/Niagara/Shaders/Private/NiagaraFillIntBuffer.usf" 1811
"../../../Engine/Plugins/FX/Niagara/Shaders/Private/NiagaraComputeFreeIDs.usf" 1812
"../../../Engine/Plugins/FX/Niagara/Shaders/Private/NiagaraInitFreeIDBuffer.usf" 1813
"../../../Engine/Plugins/FX/Niagara/Shaders/Private/NiagaraEmitterInstanceShader.usf" 1814
"../../../Engine/Plugins/FX/Niagara/Shaders/Private/NiagaraShaderVersion.ush" 1815
"../../../Engine/Shaders/Private/DistanceField/GlobalDistanceFieldShared.ush" 1816
"../../../Engine/Plugins/FX/Niagara/Shaders/Private/NiagaraPhysicsCommon.ush" 1817
"../../../Engine/Plugins/FX/Niagara/Shaders/Private/Ribbons/NiagaraRibbonGenerateIndices.usf" 1818
"../../../Engine/Plugins/FX/Niagara/Shaders/Private/Ribbons/NiagaraRibbonCommon.ush" 1819
"../../../Engine/Plugins/FX/Niagara/Shaders/Private/Ribbons/NiagaraRibbonInitializeIndices.usf" 1820
"../../../Engine/Plugins/FX/Niagara/Shaders/Private/Ribbons/NiagaraRibbonRibbonUVParamCalculation.usf" 1821
"../../../Engine/Plugins/FX/Niagara/Shaders/Private/Ribbons/NiagaraRibbonVertexReductionFinalization.usf" 1822
"../../../Engine/Plugins/FX/Niagara/Shaders/Private/Ribbons/NiagaraRibbonVertexReductionPropagation.usf" 1823
"../../../Engine/Plugins/FX/Niagara/Shaders/Private/Ribbons/NiagaraRibbonVertexReductionInitialization.usf" 1824
"../../../Engine/Plugins/FX/Niagara/Shaders/Private/Ribbons/NiagaraRibbonSortParticles.usf" 1825
"../../../Engine/Plugins/FX/Niagara/Shaders/Private/NiagaraUpdateMeshGPUSceneInstances.usf" 1826
"../../../Engine/Shaders/Private/ComputeShaderUtils.ush" 1827
"../../../Engine/Shaders/Private/GPUScene/GPUSceneWriter.ush" 1828
"../../../Engine/Plugins/FX/Niagara/Shaders/Private/NiagaraGenerateMips.usf" 1829
"../../../Engine/Plugins/FX/Niagara/Shaders/Private/NiagaraDebugDraw.usf" 1830
"../../../Engine/Plugins/FX/Niagara/Shaders/Private/NiagaraDebugDraw.ush" 1831
"../../../Engine/Plugins/FX/Niagara/Shaders/Private/NiagaraVisualizeTexture.usf" 1832
"../../../Engine/Plugins/FX/Niagara/Shaders/Private/NiagaraClearCounts.usf" 1833
"../../../Engine/Plugins/FX/Niagara/Shaders/Private/NiagaraBatchedElements.usf" 1834
"../../../Engine/Plugins/FX/Niagara/Shaders/Private/NiagaraRayTracingShaders.usf" 1835
"../../../Engine/Plugins/FX/Niagara/Shaders/Private/NiagaraAsyncGpuTraceCommon.ush" 1836
"../../../Engine/Shaders/Private/HashTable.ush" 1837
"../../../Engine/Shaders/Private/Hash.ush" 1838
"../../../Engine/Shaders/Private/RayTracing/VFXTraceRay.ush" 1839
"../../../Engine/Plugins/FX/Niagara/Shaders/Private/NiagaraRayMarchingShaders.usf" 1840
"../../../Engine/Plugins/FX/Niagara/Shaders/Private/NiagaraRayTraceCollisionGroupShaders.usf" 1841
"../../../Engine/Plugins/FX/Niagara/Shaders/Private/NiagaraAsyncGpuTraceUtils.usf" 1842
"../../../Engine/Plugins/FX/Niagara/Shaders/Private/NiagaraSortKeyGen.usf" 1843
"../../../Engine/Plugins/FX/Niagara/Shaders/Private/NiagaraGPURayTracingTransforms.usf" 1844
"../../../Engine/Plugins/FX/Niagara/Shaders/Private/NiagaraDrawIndirectArgsGen.usf" 1845
"../../../Engine/Plugins/FX/Niagara/Shaders/Private/NiagaraDispatchIndirectArgsGen.usf" 1846
"../../../Engine/Plugins/Enterprise/GLTFExporter/Shaders/Private/SimpleTexture2DPS.usf" 1847
"../../../Engine/Shaders/Private/SimpleElementNormalMapPixelShader.usf" 1848
"../../../Engine/Plugins/Media/WmfMedia/Shaders/Private/MediaHardwareVideoDecoding.usf" 1849
"../../../Engine/Shaders/Private/ColorUtils.ush" 1850
"../../../Engine/Plugins/Media/ImgMedia/Shaders/Private/ExrSwizzler.usf" 1851
"../../../Engine/Shaders/Private/SlateElementPixelShader.usf" 1852
"../../../Engine/Shaders/Private/SlateShaderCommon.ush" 1853
"../../../Engine/Shaders/Private/MaterialTemplate.ush" 1854
"../../../Engine/Shaders/Private/EyeAdaptationCommon.ush" 1855
"../../../Engine/Shaders/Private/SobolRandom.ush" 1856
"../../../Engine/Shaders/Private/DepthOfFieldCommon.ush" 1857
"../../../Engine/Shaders/Private/CircleDOFCommon.ush" 1858
"../../../Engine/Shaders/Private/PhysicsFieldSampler.ush" 1859
"../../../Engine/Shaders/Private/PhysicsFieldShared.ush" 1860
"../../../Engine/Shaders/Private/HairShadingCommon.ush" 1861
"../../../Engine/Shaders/Private/HairStrands/HairCardsAttributeCommon.ush" 1862
"../../../Engine/Shaders/Private/HairStrands/HairStrandsVertexFactoryCommon.ush" 1863
"../../../Engine/Shaders/Shared/HairStrandsDefinitions.h" 1864
"../../../Engine/Shaders/Private/HairStrands/HairStrandsAttributeCommon.ush" 1865
"../../../Engine/Shaders/Private/SpeedTreeCommon.ush" 1866
"../../../Engine/Shaders/Private/VirtualTextureCommon.ush" 1867
"../../../Engine/Shaders/Private/MaterialTexture.ush" 1868
"../../../Engine/Shaders/Private/MinMaterialTexCoords.ush" 1869
"../../../Engine/Shaders/Private/SkyAtmosphereCommon.ush" 1870
"../../../Engine/Shaders/Private/SingleLayerWaterCommon.ush" 1871
"../../../Engine/Shaders/Private/TextureSampling.ush" 1872
"../../../Engine/Shaders/Private/PaniniProjection.ush" 1873
"../../../Engine/Shaders/Private/DBufferNormalReprojection.ush" 1874
"../../../Engine/Shaders/Private/Strata/StrataTree.ush" 1875
"../../../Engine/Shaders/Private/Strata/StrataEvaluation.ush" 1876
"../../../Engine/Shaders/Private/SHCommon.ush" 1877
"../../../Engine/Shaders/Private/ShadingModels.ush" 1878
"../../../Engine/Shaders/Private/CapsuleLight.ush" 1879
"../../../Engine/Shaders/Private/RectLight.ush" 1880
"../../../Engine/Shaders/Private/LightData.ush" 1881
"../../../Engine/Shaders/Private/AreaLightCommon.ush" 1882
"../../../Engine/Shaders/Private/TransmissionCommon.ush" 1883
"../../../Engine/Shaders/Private/HairBsdf.ush" 1884
"../../../Engine/Shaders/Private/MobileGGX.ush" 1885
"../../../Engine/Shaders/Private/ShadingModelsSampling.ush" 1886
"../../../Engine/Shaders/Private/HairStrands/HairBsdfSample.ush" 1887
"../../../Engine/Shaders/Private/HairStrands/HairStrandsCommon.ush" 1888
"../../../Engine/Shaders/Private/HairStrands/HairStrandsDeepTransmittanceCommon.ush" 1889
"../../../Engine/Shaders/Private/HairStrands/HairStrandsDeepTransmittanceDualScattering.ush" 1890
"../../../Engine/Shaders/Private/HairStrands/HairStrandsEnvironmentLightingCommon.ush" 1891
"../../../Engine/Shaders/Private/Strata/StrataLegacyConversion.ush" 1892
"../../../Engine/Shaders/Private/DBufferDecalShared.ush" 1893
"../../../Engine/Shaders/Private/CompositeUIPixelShader.usf" 1894
"../../../Engine/Shaders/Private/TonemapCommon.ush" 1895
"../../../Engine/Shaders/Private/ACES.ush" 1896
"../../../Engine/Shaders/Private/ColorDeficiency.ush" 1897
"../../../Engine/Shaders/Private/SlateMaskingShader.usf" 1898
"../../../Engine/Shaders/Private/SlatePostProcessColorDeficiencyPixelShader.usf" 1899
"../../../Engine/Shaders/Private/SlatePostProcessPixelShader.usf" 1900
"../../../Engine/Shaders/Private/SlateVertexShader.usf" 1901
"../../../Engine/Shaders/Private/TranslucentLightingShaders.usf" 1902
"../../../Engine/Shaders/Private/ShadowProjectionCommon.ush" 1903
"../../../Engine/Shaders/Private/CubemapCommon.ush" 1904
"../../../Engine/Shaders/Private/VectorFieldCompositeShaders.usf" 1905
"../../../Engine/Shaders/Private/UpdateTextureShaders.usf" 1906
"../../../Engine/Shaders/Private/StereoLayerShader.usf" 1907
"../../../Engine/Shaders/Private/MorphTargets.usf" 1908
"../../../Engine/Shaders/Private/SimpleElementColorChannelMaskPixelShader.usf" 1909
"../../../Engine/Shaders/Private/SimpleElementHitProxyPixelShader.usf" 1910
"../../../Engine/Shaders/Private/SimpleElementPixelShader.usf" 1911
"../../../Engine/Shaders/Private/IESLightProfilesCommon.ush" 1912
"../../../Engine/Shaders/Private/SimpleElementVertexShader.usf" 1913
"../../../Engine/Shaders/Private/ScreenPixelShaderOES.usf" 1914
"../../../Engine/Shaders/Private/ScreenVertexShader.usf" 1915
"../../../Engine/Shaders/Private/ScreenPixelShader.usf" 1916
"../../../Engine/Shaders/Private/SSProfilePreIntegratedMobile.usf" 1917
"../../../Engine/Shaders/Private/Nanite/NaniteClusterCulling.usf" 1918
"../../../Engine/Shaders/Private/Nanite/NaniteCulling.ush" 1919
"../../../Engine/Shaders/Private/Nanite/NaniteHierarchyTraversalCommon.ush" 1920
"../../../Engine/Shaders/Private/Nanite/NaniteHierarchyTraversal.ush" 1921
"../../../Engine/Shaders/Private/WaveOpUtil.ush" 1922
"../../../Engine/Shaders/Private/VirtualShadowMaps/VirtualShadowMapPageOverlap.ush" 1923
"../../../Engine/Shaders/Private/Nanite/NaniteHZBCull.ush" 1924
"../../../Engine/Shaders/Private/VirtualShadowMaps/VirtualShadowMapPageAccessCommon.ush" 1925
"../../../Engine/Shaders/Shared/VirtualShadowMapDefinitions.h" 1926
"../../../Engine/Shaders/Private/VirtualShadowMaps/VirtualShadowMapStaticCaching.ush" 1927
"../../../Engine/Shaders/Private/Nanite/NaniteCullingCommon.ush" 1928
"../../../Engine/Shaders/Private/GPUMessaging.ush" 1929
"../../../Engine/Shaders/Private/Nanite/NaniteTranscode.usf" 1930
"../../../Engine/Shaders/Private/VolumetricLightmapStreaming.usf" 1931
"../../../Engine/Shaders/Private/PhysicsFieldReset.usf" 1932
"../../../Engine/Shaders/Private/PhysicsFieldBuilder.usf" 1933
"../../../Engine/Shaders/Private/PhysicsFieldEval.ush" 1934
"../../../Engine/Shaders/Private/ParticleSortKeyGen.usf" 1935
"../../../Engine/Shaders/Private/ParticleBoundsShader.usf" 1936
"../../../Engine/Shaders/Private/ParticleSimVisualizeShader.usf" 1937
"../../../Engine/Shaders/Private/ParticleInjectionShader.usf" 1938
"../../../Engine/Shaders/Private/ParticleSimulationShader.usf" 1939
"../../../Engine/Shaders/Private/ParticleCurveInjectionShader.usf" 1940
"../../../Engine/Shaders/Private/CopyUIntBuffer.usf" 1941
"../../../Engine/Shaders/Private/RadixSortShaders.usf" 1942
"../../../Engine/Shaders/Private/RecomputeTangentsPerVertexPass.usf" 1943
"../../../Engine/Shaders/Private/RecomputeTangentsCommon.ush" 1944
"../../../Engine/Shaders/Private/RecomputeTangentsPerTrianglePass.usf" 1945
"../../../Engine/Shaders/Private/GpuSkinCacheComputeShader.usf" 1946
"../../../Engine/Shaders/Private/HeightFieldAtlasManagement.usf" 1947
"../../../Engine/Shaders/Private/LandscapePhysicalMaterial.usf" 1948
"../../../Engine/Shaders/Private/LandscapeGrassWeight.usf" 1949
"../../../Engine/Shaders/Private/Landscape/LandscapeLayersWeightmapsPS.usf" 1950
"../../../Engine/Shaders/Private/Landscape/LandscapeLayersHeightmapsPS.usf" 1951
"../../../Engine/Shaders/Private/Landscape/LandscapeCommon.ush" 1952
"../../../Engine/Shaders/Private/LandscapeLayersCS.usf" 1953
"../../../Engine/Shaders/Private/LandscapeLayersPS.usf" 1954
"../../../Engine/Shaders/Private/LandscapeLayersVS.usf" 1955
"../../../Engine/Shaders/Private/Landscape/LandscapeMergeHeightmapsPS.usf" 1956
"../../../Engine/Shaders/Private/WideCustomResolveShaders.usf" 1957
"../../../Engine/Shaders/Private/WideCustomResolve_Wide.ush" 1958
"../../../Engine/Shaders/Private/WideCustomResolve_Wider.ush" 1959
"../../../Engine/Shaders/Private/WideCustomResolve_Widest.ush" 1960
"../../../Engine/Shaders/Private/PageTableUpdate.usf" 1961
"../../../Engine/Shaders/Private/VirtualTextureCompress.usf" 1962
"../../../Engine/Shaders/Private/BlockCompressionCommon.ush" 1963
"../../../Engine/Shaders/Private/BCCompressionCommon.ush" 1964
"../../../Engine/Shaders/Private/ETCCompressionCommon.ush" 1965
"../../../Engine/Shaders/Private/VirtualTextureMaterial.usf" 1966
"../../../Engine/Shaders/Private/PixelShaderOutputCommon.ush" 1967
"../../../Engine/Shaders/Private/ShaderOutputCommon.ush" 1968
"../../../Engine/Shaders/Private/VolumetricRenderTarget.usf" 1969
"../../../Engine/Shaders/Private/VolumetricFogVoxelization.usf" 1970
"../../../Engine/Shaders/Private/VolumetricCloudMaterialPixelCommon.ush" 1971
"../../../Engine/Shaders/Private/VolumetricFogLightFunction.usf" 1972
"../../../Engine/Shaders/Private/LightFunctionCommon.ush" 1973
"../../../Engine/Shaders/Private/VolumetricFog.usf" 1974
"../../../Engine/Shaders/Private/DeferredLightingCommon.ush" 1975
"../../../Engine/Shaders/Private/DynamicLightingCommon.ush" 1976
"../../../Engine/Shaders/Private/CapsuleLightIntegrate.ush" 1977
"../../../Engine/Shaders/Private/CapsuleLightSampling.ush" 1978
"../../../Engine/Shaders/Private/RectLightIntegrate.ush" 1979
"../../../Engine/Shaders/Private/LightGridCommon.ush" 1980
"../../../Engine/Shaders/Private/HeightFogCommon.ush" 1981
"../../../Engine/Shaders/Private/DistanceFieldAOShared.ush" 1982
"../../../Engine/Shaders/Private/VolumeLightingCommon.ush" 1983
"../../../Engine/Shaders/Private/ShadowFilteringCommon.ush" 1984
"../../../Engine/Shaders/Private/PixelQuadMessagePassing.ush" 1985
"../../../Engine/Shaders/Private/VolumeLightingCommonSampling.ush" 1986
"../../../Engine/Shaders/Private/VolumetricLightmapShared.ush" 1987
"../../../Engine/Shaders/Private/ForwardShadowingCommon.ush" 1988
"../../../Engine/Shaders/Private/LightDataUniforms.ush" 1989
"../../../Engine/Shaders/Private/Lumen/LumenTranslucencyVolumeShared.ush" 1990
"../../../Engine/Shaders/Private/Lumen/LumenRadianceCacheInterpolation.ush" 1991
"../../../Engine/Shaders/Private/VirtualShadowMaps/VirtualShadowMapProjectionCommon.ush" 1992
"../../../Engine/Shaders/Private/VirtualShadowMaps/VirtualShadowMapProjectionStructs.ush" 1993
"../../../Engine/Shaders/Private/VolumetricCloudCommon.ush" 1994
"../../../Engine/Shaders/Private/VolumetricCloud.usf" 1995
"../../../Engine/Shaders/Private/ColorMap.ush" 1996
"../../../Engine/Shaders/Private/ShaderPrint.ush" 1997
"../../../Engine/Shaders/Private/ShaderPrintCommon.ush" 1998
"../../../Engine/Shaders/Private/MiniFontCommon.ush" 1999
"../../../Engine/Shaders/Private/ReflectionEnvironmentShared.ush" 2000
"../../../Engine/Shaders/Private/BlueNoise.ush" 2001
"../../../Engine/Shaders/Private/VisualizeVolumetricLightmap.usf" 2002
"../../../Engine/Shaders/Private/VirtualShadowMaps/VirtualShadowMapProjectionComposite.usf" 2003
"../../../Engine/Shaders/Private/LightShaderParameters.ush" 2004
"../../../Engine/Shaders/Private/VirtualShadowMaps/VirtualShadowMapMaskBitsCommon.ush" 2005
"../../../Engine/Shaders/Private/VirtualShadowMaps/VirtualShadowMapProjection.usf" 2006
"../../../Engine/Shaders/Private/HairStrands/HairStrandsVisibilityCommon.ush" 2007
"../../../Engine/Shaders/Private/Visualization.ush" 2008
"../../../Engine/Shaders/Private/VirtualShadowMaps/VirtualShadowMapProjectionFilter.ush" 2009
"../../../Engine/Shaders/Private/VirtualShadowMaps/VirtualShadowMapProjectionDirectional.ush" 2010
"../../../Engine/Shaders/Private/PathTracing/Utilities/PathTracingRandomSequence.ush" 2011
"../../../Engine/Shaders/Private/VirtualShadowMaps/VirtualShadowMapSMRTCommon.ush" 2012
"../../../Engine/Shaders/Private/VirtualShadowMaps/VirtualShadowMapSMRTTemplate.ush" 2013
"../../../Engine/Shaders/Private/VirtualShadowMaps/VirtualShadowMapProjectionSpot.ush" 2014
"../../../Engine/Shaders/Private/VirtualShadowMaps/VirtualShadowMapTransmissionCommon.ush" 2015
"../../../Engine/Shaders/Private/HairStrands/HairStrandsVoxelPageCommon.ush" 2016
"../../../Engine/Shaders/Private/HairStrands/HairStrandsVoxelPageTraversal.ush" 2017
"../../../Engine/Shaders/Private/VirtualShadowMaps/VirtualShadowMapCacheManagement.usf" 2018
"../../../Engine/Shaders/Private/VirtualShadowMaps/VirtualShadowMapPageCacheCommon.ush" 2019
"../../../Engine/Shaders/Private/ScreenSpaceDenoise/SSDDefinitions.ush" 2020
"../../../Engine/Shaders/Private/InstanceCulling/InstanceCullingLoadBalancer.ush" 2021
"../../../Engine/Shaders/Private/VirtualShadowMaps/VirtualShadowMapCopyStats.usf" 2022
"../../../Engine/Shaders/Private/VirtualShadowMaps/VirtualShadowMapPageManagement.usf" 2023
"../../../Engine/Shaders/Shared/SingleLayerWaterDefinitions.h" 2024
"../../../Engine/Shaders/Private/HairStrands/HairStrandsTileCommon.ush" 2025
"../../../Engine/Shaders/Private/ReductionCommon.ush" 2026
"../../../Engine/Shaders/Private/VirtualShadowMaps/VirtualShadowMapStats.ush" 2027
"../../../Engine/Shaders/Private/VirtualShadowMaps/VirtualShadowMapBuildPerPageDrawCommands.usf" 2028
"../../../Engine/Shaders/Private/InstanceCulling/InstanceCullingCommon.ush" 2029
"../../../Engine/Shaders/Private/VirtualShadowMaps/VirtualShadowMapPrintStats.usf" 2030
"../../../Engine/Shaders/Private/VirtualShadowMaps/VirtualShadowMapDebug.usf" 2031
"../../../Engine/Shaders/Private/VelocityShader.usf" 2032
"../../../Engine/Shaders/Private/VelocityCommon.ush" 2033
"../../../Engine/Shaders/Private/VariableRateShading/VRSShadingRatePreview.usf" 2034
"../../../Engine/Shaders/Private/VariableRateShading/VRSShadingRateCommon.ush" 2035
"../../../Engine/Shaders/Private/VariableRateShading/VRSShadingRateCombine.usf" 2036
"../../../Engine/Shaders/Private/VariableRateShading/FixedFoveationVariableRateShading.usf" 2037
"../../../Engine/Shaders/Private/VariableRateShading/VRSShadingRateReproject.usf" 2038
"../../../Engine/Shaders/Private/VariableRateShading/VRSShadingRateCalculate.usf" 2039
"../../../Engine/Shaders/Private/TranslucencyUpsampling.usf" 2040
"../../../Engine/Shaders/Private/ScreenPass.ush" 2041
"../../../Engine/Shaders/Private/ComposeSeparateTranslucency.usf" 2042
"../../../Engine/Shaders/Private/SeparateTranslucency.ush" 2043
"../../../Engine/Shaders/Private/TranslucentLightInjectionShaders.usf" 2044
"../../../Engine/Shaders/Private/TranslucentShadowDepthShaders.usf" 2045
"../../../Engine/Shaders/Private/ShadowDepthCommon.ush" 2046
"../../../Engine/Shaders/Private/RayTracing/RayTracingTest.usf" 2047
"../../../Engine/Shaders/Private/PostProcessSubsurfaceTile.usf" 2048
"../../../Engine/Shaders/Private/Strata/StrataVisualize.usf" 2049
"../../../Engine/Shaders/Private/Strata/StrataTile.ush" 2050
"../../../Engine/Shaders/Private/SkyLightingDiffuseShared.ush" 2051
"../../../Engine/Shaders/Private/SkyLightingShared.ush" 2052
"../../../Engine/Shaders/Private/ClearCoatCommon.ush" 2053
"../../../Engine/Shaders/Private/ReflectionEnvironmentComposite.ush" 2054
"../../../Engine/Shaders/Private/Strata/StrataLightingCommon.ush" 2055
"../../../Engine/Shaders/Private/Strata/StrataRoughRefraction.usf" 2056
"../../../Engine/Shaders/Private/PathTracing/Material/PathTracingFresnel.ush" 2057
"../../../Engine/Shaders/Private/PathTracing/Material/PathTracingGlossy.ush" 2058
"../../../Engine/Shaders/Private/Strata/StrataTile.usf" 2059
"../../../Engine/Shaders/Private/Strata/StrataMaterialClassification.usf" 2060
"../../../Engine/Shaders/Private/Strata/StrataDBuffer.usf" 2061
"../../../Engine/Shaders/Private/SparseVolumeTexture/VisualizeSparseVolumeTexture.usf" 2062
"../../../Engine/Shaders/Private/SkyAtmosphere.usf" 2063
"../../../Engine/Shaders/Private/CopyDepthTexture.usf" 2064
"../../../Engine/Shaders/Private/SingleLayerWaterComposite.usf" 2065
"../../../Engine/Shaders/Private/ShadowProjectionVertexShader.usf" 2066
"../../../Engine/Shaders/Private/ShadowProjectionPixelShader.usf" 2067
"../../../Engine/Shaders/Private/ShadowPercentageCloserFiltering.ush" 2068
"../../../Engine/Shaders/Private/TransmissionThickness.ush" 2069
"../../../Engine/Shaders/Private/CopyShadowMaps.usf" 2070
"../../../Engine/Shaders/Private/ShadowDepthPixelShader.usf" 2071
"../../../Engine/Shaders/Private/ShadowDepthVertexShader.usf" 2072
"../../../Engine/Shaders/Private/ShadingEnergyConservationTable.usf" 2073
"../../../Engine/Shaders/Shared/PathTracingDefinitions.h" 2074
"../../../Engine/Shaders/Private/ShadingFurnaceTest.usf" 2075
"../../../Engine/Shaders/Private/Strata/StrataDeferredLighting.ush" 2076
"../../../Engine/Shaders/Private/ShaderPrintDraw.usf" 2077
"../../../Engine/Shaders/Private/ShaderPrintDrawPrimitive.usf" 2078
"../../../Engine/Shaders/Private/SSRT/SSRTDiffuseIndirect.usf" 2079
"../../../Engine/Shaders/Private/SSRT/SSRTRayCast.ush" 2080
"../../../Engine/Shaders/Private/SSRT/SSRTTileClassificationBuffer.ush" 2081
"../../../Engine/Shaders/Private/SSRT/SSRTReflections.usf" 2082
"../../../Engine/Shaders/Private/ScreenSpaceDenoise/SSDPublic.ush" 2083
"../../../Engine/Shaders/Private/SSRT/SSRTTileClassification.usf" 2084
"../../../Engine/Shaders/Private/SSRT/SSRTPrevFrameReduction.usf" 2085
"../../../Engine/Shaders/Private/ScreenSpaceDenoise/SSDComposeHarmonics.usf" 2086
"../../../Engine/Shaders/Private/ScreenSpaceDenoise/SSDPublicHarmonics.ush" 2087
"../../../Engine/Shaders/Private/ScreenSpaceDenoise/SSDSignalFramework.ush" 2088
"../../../Engine/Shaders/Private/ScreenSpaceDenoise/SSDCommon.ush" 2089
"../../../Engine/Shaders/Private/SphericalGaussian.ush" 2090
"../../../Engine/Shaders/Public/WaveBroadcastIntrinsics.ush" 2091
"../../../Engine/Shaders/Private/ScreenSpaceDenoise/SSDMetadata.ush" 2092
"../../../Engine/Shaders/Private/ScreenSpaceDenoise/SSDSignalCore.ush" 2093
"../../../Engine/Shaders/Private/ScreenSpaceDenoise/DenoisingCommon.ush" 2094
"../../../Engine/Shaders/Private/ScreenSpaceDenoise/SSDSignalArray.ush" 2095
"../../../Engine/Shaders/Private/ScreenSpaceDenoise/SSDSignalBufferEncoding.ush" 2096
"../../../Engine/Shaders/Private/ScreenSpaceDenoise/SSDPublicBufferEncoding.ush" 2097
"../../../Engine/Shaders/Private/Lumen/LumenBufferEncoding.ush" 2098
"../../../Engine/Shaders/Private/ScreenSpaceDenoise/SSDTemporalAccumulation.usf" 2099
"../../../Engine/Shaders/Private/ScreenSpaceDenoise/SSDSpatialKernel.ush" 2100
"../../../Engine/Shaders/Private/ScreenSpaceDenoise/SSDSignalAccumulatorArray.ush" 2101
"../../../Engine/Shaders/Private/ScreenSpaceDenoise/SSDSignalAccumulator.ush" 2102
"../../../Engine/Shaders/Private/ScreenSpaceDenoise/SSDSignalCompression.ush" 2103
"../../../Engine/Shaders/Private/ScreenSpaceDenoise/SSDSpatialAccumulation.usf" 2104
"../../../Engine/Shaders/Private/ScreenSpaceDenoise/SSDInjest.usf" 2105
"../../../Engine/Shaders/Private/ScreenSpaceDenoise/SSDCompressMetadata.usf" 2106
"../../../Engine/Shaders/Private/DownsampleDepthPixelShader.usf" 2107
"../../../Engine/Shaders/Private/ScreenPass.usf" 2108
"../../../Engine/Shaders/Private/HZB.usf" 2109
"../../../Engine/Shaders/Private/OcclusionFeedbackShaders.usf" 2110
"../../../Engine/Shaders/Private/HZBOcclusion.usf" 2111
"../../../Engine/Shaders/Private/OcclusionQueryPixelShader.usf" 2112
"../../../Engine/Shaders/Private/OcclusionQueryVertexShader.usf" 2113
"../../../Engine/Shaders/Private/HitProxyPixelShader.usf" 2114
"../../../Engine/Shaders/Private/HitProxyVertexShader.usf" 2115
"../../../Engine/Shaders/Private/SceneCapturePixelShader.usf" 2116
"../../../Engine/Shaders/Private/RTWriteMaskDecode.usf" 2117
"../../../Engine/Shaders/Private/ReflectionEnvironmentShaders.usf" 2118
"../../../Engine/Shaders/Private/RectLightAtlas.usf" 2119
"../../../Engine/Shaders/Private/RayTracing/TraceRayInlineStatistics.usf" 2120
"../../../Engine/Shaders/Private/RayTracing/TraceRayInlineCommon.ush" 2121
"../../../Engine/Shaders/Private/RayTracing/VisualizeSkyLightMipTreePS.usf" 2122
"../../../Engine/Shaders/Private/RayTracing/MipTreeCommon.ush" 2123
"../../../Engine/Shaders/Private/RayTracing/CompositeSkyLightPS.usf" 2124
"../../../Engine/Shaders/Private/RayTracing/GenerateSkyLightVisibilityRaysCS.usf" 2125
"../../../Engine/Shaders/Private/RayTracing/RayTracingSkyLightCommon.ush" 2126
"../../../Engine/Shaders/Private/RayTracing/SkyLightVisibilityRaysData.ush" 2127
"../../../Engine/Shaders/Private/Raytracing/RaytracingSkylightRGS.usf" 2128
"../../../Engine/Shaders/Private/HairStrands/HairStrandsRaytracing.ush" 2129
"../../../Engine/Shaders/Private/Raytracing/RayTracingSkyLightEvaluation.ush" 2130
"../../../Engine/Shaders/Private/Raytracing/RayTracingDeferredShadingCommon.ush" 2131
"../../../Engine/Shaders/Private/RayTracing/RayTracingOcclusionRGS.usf" 2132
"../../../Engine/Shaders/Private/RayTracing/RayTracingDirectionalLight.ush" 2133
"../../../Engine/Shaders/Private/RayTracing/RayTracingRectLight.ush" 2134
"../../../Engine/Shaders/Private/RayTracing/RayTracingSphereLight.ush" 2135
"../../../Engine/Shaders/Private/RayTracing/RayTracingCapsuleLight.ush" 2136
"../../../Engine/Shaders/Private/RayTracing/SplitImaginaryReflectionGBufferCS.usf" 2137
"../../../Engine/Shaders/Private/RayTracing/RayTracingReflectionsCommon.ush" 2138
"../../../Engine/Shaders/Private/RayTracing/RayTracingReflections.usf" 2139
"../../../Engine/Shaders/Private/RayTracing/RayTracingLightingCommon.ush" 2140
"../../../Engine/Shaders/Private/RayTracing/RayTracingLightCullingCommon.ush" 2141
"../../../Engine/Shaders/Private/RayTracing/RayTracingReflectionEnvironment.ush" 2142
"../../../Engine/Shaders/Private/RayTracing/RayTracingPrimaryRays.usf" 2143
"../../../Engine/Shaders/Private/RayTracing/RayTracingMaterialDefaultHitShaders.usf" 2144
"../../../Engine/Shaders/Private/RayTracing/RayTracingMaterialHitShaders.usf" 2145
"../../../Engine/Shaders/Private/RayTracing/RayTracingCalcInterpolants.ush" 2146
"../../../Engine/Shaders/Private/LightmapCommon.ush" 2147
"../../../Engine/Shaders/Private/Lumen/LumenHardwareRayTracingPayloadCommon.ush" 2148
"../../../Engine/Shaders/Private/Strata/StrataExport.ush" 2149
"../../../Engine/Shaders/Private/RayTracing/RayTracingLightingMS.usf" 2150
"../../../Engine/Shaders/Private/RayTracing/RayTracingLightFunctionCommon.ush" 2151
"../../../Engine/Shaders/Private/RayTracing/GenerateCulledLightListCS.usf" 2152
"../../../Engine/Shaders/Private/Raytracing/RayTracingInstanceBufferUtil.usf" 2153
"../../../Engine/Shaders/Private/RayTracing/RayTracingFinalGatherRGS.usf" 2154
"../../../Engine/Shaders/Private/RayTracing/RayTracingGatherPoints.ush" 2155
"../../../Engine/Shaders/Private/PathTracing/Light/PathTracingLightSampling.ush" 2156
"../../../Engine/Shaders/Private/PathTracing/Light/PathTracingLightCommon.ush" 2157
"../../../Engine/Shaders/Shared/RayTracingTypes.h" 2158
"../../../Engine/Shaders/Private/PathTracing/Light/PathTracingDirectionalLight.ush" 2159
"../../../Engine/Shaders/Private/PathTracing/Light/PathTracingPointLight.ush" 2160
"../../../Engine/Shaders/Private/PathTracing/Light/PathTracingCapsuleLight.ush" 2161
"../../../Engine/Shaders/Private/PathTracing/Light/PathTracingRectLight.ush" 2162
"../../../Engine/Shaders/Private/PathTracing/Light/PathTracingSkyLight.ush" 2163
"../../../Engine/Shaders/Private/PathTracing/Light/PathTracingSpotLight.ush" 2164
"../../../Engine/Shaders/Private/RayTracing/RayTracingCreateGatherPointsRGS.usf" 2165
"../../../Engine/Shaders/Private/RayTracing/RayTracingGlobalIlluminationRGS.usf" 2166
"../../../Engine/Shaders/Private/RayTracing/RayTracingDynamicMesh.usf" 2167
"../../../Engine/Shaders/Private/RayTracing/RayTracingDeferredReflections.usf" 2168
"../../../Engine/Shaders/Private/RayTracing/RayTracingDeferredMaterials.ush" 2169
"../../../Engine/Shaders/Shared/ThirdParty/AMD/ags_shader_intrinsics_dx12.h" 2170
"../../../Engine/Shaders/Private/RayTracing/RayTracingDeferredReflections.ush" 2171
"../../../Engine/Shaders/Private/RayTracing/RayTracingReflectionResolve.usf" 2172
"../../../Engine/Shaders/Private/RayTracing/RayTracingReflectionsGenerateRaysCS.usf" 2173
"../../../Engine/Shaders/Private/RayTracing/MaterialSort.usf" 2174
"../../../Engine/Shaders/Private/RayTracing/RayTracingDeferredMaterials.usf" 2175
"../../../Engine/Shaders/Private/RayTracing/RayTracingDefaultDecalHitShader.usf" 2176
"../../../Engine/Shaders/Private/RayTracing/RayTracingDecalMaterialShader.usf" 2177
"../../../Engine/Shaders/Private/RayTracing/RayTracingBuildDecalGrid.usf" 2178
"../../../Engine/Shaders/Private/RayTracing/RayTracingDebugInstanceOverlap.usf" 2179
"../../../Engine/Shaders/Private/RayTracing/RayTracingDebugPicking.usf" 2180
"../../../Engine/Shaders/Private/RayTracing/RayTracingDebugUtils.ush" 2181
"../../../Engine/Shaders/Shared/RayTracingDebugTypes.h" 2182
"../../../Engine/Shaders/Private/RayTracing/RayTracingDebugTraversal.usf" 2183
"../../../Engine/Shaders/Private/Nanite/NaniteRayTrace.ush" 2184
"../../../Engine/Shaders/Shared/ThirdParty/RayTriangleIntersection.h" 2185
"../../../Engine/Shaders/Shared/RayTracingDebugDefinitions.h" 2186
"../../../Engine/Shaders/Private/RayTracing/TraceRayInline.ush" 2187
"../../../Engine/Shaders/Private/RayTracing/TraceRayInlineVulkan.ush" 2188
"../../../Engine/Shaders/Private/RayTracing/TraceRayInlineMetal.ush" 2189
"../../../Engine/Shaders/Private/RayTracing/RayTracingDebugMS.usf" 2190
"../../../Engine/Shaders/Private/RayTracing/RayTracingDebugCHS.usf" 2191
"../../../Engine/Shaders/Private/RayTracing/RayTracingDebug.usf" 2192
"../../../Engine/Shaders/Private/RayTracing/RayTracingBuiltInShaders.usf" 2193
"../../../Engine/Shaders/Private/RayTracing/RayTracingBarycentrics.usf" 2194
"../../../Engine/Shaders/Private/RayTracing/RayTracingAmbientOcclusionRGS.usf" 2195
"../../../Engine/Shaders/Private/VisualizeShadingModels.usf" 2196
"../../../Engine/Shaders/Private/PostProcessCommon.ush" 2197
"../../../Engine/Shaders/Private/MotionBlur/VisualizeMotionVectors.usf" 2198
"../../../Engine/Shaders/Private/TemporalSuperResolution/TSRDebugHistory.usf" 2199
"../../../Engine/Shaders/Private/TemporalSuperResolution/TSRCommon.ush" 2200
"../../../Engine/Shaders/Public/DualPixelVectorization.ush" 2201
"../../../Engine/Shaders/Private/TemporalSuperResolution/TSRResolveHistory.usf" 2202
"../../../Engine/Shaders/Private/TemporalSuperResolution/TSRUpdateHistory.usf" 2203
"../../../Engine/Shaders/Private/TemporalSuperResolution/TSRFilterAntiAliasing.usf" 2204
"../../../Engine/Shaders/Private/TemporalSuperResolution/TSRSpatialAntiAliasing.usf" 2205
"../../../Engine/Shaders/Private/TemporalSuperResolution/TSRRejectShading.usf" 2206
"../../../Engine/Shaders/Public/LaneVectorization.ush" 2207
"../../../Engine/Shaders/Private/TemporalSuperResolution/TSRCompareTranslucency.usf" 2208
"../../../Engine/Shaders/Private/TemporalSuperResolution/TSRDecimateHistory.usf" 2209
"../../../Engine/Shaders/Private/TemporalSuperResolution/TSRDilateVelocity.usf" 2210
"../../../Engine/Shaders/Private/MotionBlur/MotionBlurVelocityFlatten.ush" 2211
"../../../Engine/Shaders/Private/MotionBlur/MotionBlurCommon.ush" 2212
"../../../Engine/Shaders/Private/TemporalSuperResolution/TSRForwardScatterDepth.usf" 2213
"../../../Engine/Shaders/Private/TemporalSuperResolution/TSRClearPrevTextures.usf" 2214
"../../../Engine/Shaders/Private/TemporalSuperResolution/TSRComputeMoireLuma.usf" 2215
"../../../Engine/Shaders/Private/TemporalAA.usf" 2216
"../../../Engine/Shaders/Private/FilterPixelShader.usf" 2217
"../../../Engine/Shaders/Private/FilterVertexShader.usf" 2218
"../../../Engine/Shaders/Private/PostProcessVisualizeBuffer.usf" 2219
"../../../Engine/Shaders/Private/PostProcessVisualizeLocalExposure.usf" 2220
"../../../Engine/Shaders/Private/PostProcessHistogramCommon.ush" 2221
"../../../Engine/Shaders/Private/PostProcessVisualizeLevelInstance.usf" 2222
"../../../Engine/Shaders/Private/PostProcessVisualizeHDR.usf" 2223
"../../../Engine/Shaders/Private/ShaderComplexityApplyPixelShader.usf" 2224
"../../../Engine/Shaders/Private/QuadOverdraw.ush" 2225
"../../../Engine/Shaders/Private/PostProcessUpscale.usf" 2226
"../../../Engine/Shaders/Private/PostProcessTonemap.usf" 2227
"../../../Engine/Shaders/Private/PostProcessing/FilmGrainPackConstants.usf" 2228
"../../../Engine/Shaders/Private/PostProcessing/FilmGrainReduce.usf" 2229
"../../../Engine/Shaders/Private/PostProcessTestImage.usf" 2230
"../../../Engine/Shaders/Private/PostProcessSubsurface.usf" 2231
"../../../Engine/Shaders/Private/SeparableSSS.ush" 2232
"../../../Engine/Shaders/Private/SubsurfaceBurleyNormalized.ush" 2233
"../../../Engine/Shaders/Private/PostProcessSelectionOutline.usf" 2234
"../../../Engine/Shaders/Private/PostProcessPixelProjectedReflectionMobile.usf" 2235
"../../../Engine/Shaders/Private/MotionBlur/MotionBlurVisualize.usf" 2236
"../../../Engine/Shaders/Private/MotionBlur/MotionBlurApply.usf" 2237
"../../../Engine/Shaders/Private/MotionBlur/MotionBlurFilterTileClassify.usf" 2238
"../../../Engine/Shaders/Private/MotionBlur/MotionBlurTileScatter.usf" 2239
"../../../Engine/Shaders/Private/MotionBlur/MotionBlurTileGather.usf" 2240
"../../../Engine/Shaders/Private/MotionBlur/MotionBlurVelocityFlatten.usf" 2241
"../../../Engine/Shaders/Private/PostProcessMobile.usf" 2242
"../../../Engine/Shaders/Private/PostProcessMitchellNetravali.usf" 2243
"../../../Engine/Shaders/Private/PostProcessMaterialShaders.usf" 2244
"../../../Engine/Shaders/Private/PostProcessLocalExposure.usf" 2245
"../../../Engine/Shaders/Private/PostProcessLensFlares.usf" 2246
"../../../Engine/Shaders/Private/PostProcessHMD.usf" 2247
"../../../Engine/Shaders/Private/Histogram.usf" 2248
"../../../Engine/Shaders/Private/PostProcessHistogramReduce.usf" 2249
"../../../Engine/Shaders/Private/PostProcessHistogram.usf" 2250
"../../../Engine/Shaders/Private/PostProcessGBufferHints.usf" 2251
"../../../Engine/Shaders/Private/Bloom/BloomFinalizeApplyConstants.usf" 2252
"../../../Engine/Shaders/Private/Bloom/BloomCommon.ush" 2253
"../../../Engine/Shaders/Private/Bloom/BloomResizeKernel.usf" 2254
"../../../Engine/Shaders/Private/Bloom/BloomClampKernel.usf" 2255
"../../../Engine/Shaders/Private/Bloom/BloomPackKernelConstants.usf" 2256
"../../../Engine/Shaders/Private/Bloom/BloomSumScatterDispersionEnergy.usf" 2257
"../../../Engine/Shaders/Private/Bloom/BloomReduceKernelSurvey.usf" 2258
"../../../Engine/Shaders/Private/Bloom/BloomSurveyKernelCenterEnergy.usf" 2259
"../../../Engine/Shaders/Private/Bloom/BloomSurveyMaxScatterDispersion.usf" 2260
"../../../Engine/Shaders/Private/Bloom/BloomFindKernelCenter.usf" 2261
"../../../Engine/Shaders/Private/PostProcessEyeAdaptation.usf" 2262
"../../../Engine/Shaders/Private/PostProcessDownsample.usf" 2263
"../../../Engine/Shaders/Private/PostProcessDOF.usf" 2264
"../../../Engine/Shaders/Private/PostProcessDeviceEncodingOnly.usf" 2265
"../../../Engine/Shaders/Private/PostProcessCompositeEditorPrimitives.usf" 2266
"../../../Engine/Shaders/Private/PostProcessCombineLUTs.usf" 2267
"../../../Engine/Shaders/Private/PostProcessVisualizeDOF.usf" 2268
"../../../Engine/Shaders/Private/PostProcessBloom.usf" 2269
"../../../Engine/Shaders/Private/PostProcessAmbientOcclusionMobile.usf" 2270
"../../../Engine/Shaders/Private/PostProcessAmbientOcclusionCommon.ush" 2271
"../../../Engine/Shaders/Private/FXAAShader.usf" 2272
"../../../Engine/Shaders/Private/Fxaa3_11.ush" 2273
"../../../Engine/Shaders/Private/DiaphragmDOF/DOFRecombine.usf" 2274
"../../../Engine/Shaders/Private/DiaphragmDOF/DOFCommon.ush" 2275
"../../../Engine/Shaders/Private/DiaphragmDOF/DOFHybridScatterPixelShader.usf" 2276
"../../../Engine/Shaders/Private/DiaphragmDOF/DOFHybridScatterCommon.ush" 2277
"../../../Engine/Shaders/Private/DiaphragmDOF/DOFHybridScatterVertexShader.usf" 2278
"../../../Engine/Shaders/Private/DiaphragmDOF/DOFPostfiltering.usf" 2279
"../../../Engine/Shaders/Private/DiaphragmDOF/DOFGatherTileSuggest.ush" 2280
"../../../Engine/Shaders/Private/DiaphragmDOF/DOFCocTileCommon.ush" 2281
"../../../Engine/Shaders/Private/DiaphragmDOF/DOFGatherPass.usf" 2282
"../../../Engine/Shaders/Private/DiaphragmDOF/DOFGatherCommon.ush" 2283
"../../../Engine/Shaders/Private/DiaphragmDOF/DOFGatherAccumulator.ush" 2284
"../../../Engine/Shaders/Private/DiaphragmDOF/DOFGatherKernel.ush" 2285
"../../../Engine/Shaders/Private/DiaphragmDOF/DOFBokehLUT.usf" 2286
"../../../Engine/Shaders/Private/DiaphragmDOF/DOFHybridScatterCompilation.usf" 2287
"../../../Engine/Shaders/Private/DiaphragmDOF/DOFReduce.usf" 2288
"../../../Engine/Shaders/Private/DiaphragmDOF/DOFDownsample.ush" 2289
"../../../Engine/Shaders/Private/DiaphragmDOF/DOFHybridScatterCompilation.ush" 2290
"../../../Engine/Shaders/Private/DiaphragmDOF/DOFDownsample.usf" 2291
"../../../Engine/Shaders/Private/DiaphragmDOF/DOFCocTileDilate.usf" 2292
"../../../Engine/Shaders/Private/DiaphragmDOF/DOFCocTileFlatten.usf" 2293
"../../../Engine/Shaders/Private/DiaphragmDOF/DOFSetup.usf" 2294
"../../../Engine/Shaders/Private/PlanarReflectionShaders.usf" 2295
"../../../Engine/Shaders/Private/PlanarReflectionShared.ush" 2296
"../../../Engine/Shaders/Private/PhysicsFieldVisualizer.usf" 2297
"../../../Engine/Shaders/Private/PathTracing/PathTracingSpatialTemporalDenoising.usf" 2298
"../../../Engine/Shaders/Private/ColorDifference.ush" 2299
"../../../Engine/Shaders/Private/PathTracing/PathTracingCompositingPixelShader.usf" 2300
"../../../Engine/Shaders/Private/PathTracing/PathTracingDefaultHitShader.usf" 2301
"../../../Engine/Shaders/Private/PathTracing/PathTracingCommon.ush" 2302
"../../../Engine/Shaders/Private/PathTracing/Material/PathTracingMaterialCommon.ush" 2303
"../../../Engine/Shaders/Private/PathTracing/PathTracingMaterialHitShader.usf" 2304
"../../../Engine/Shaders/Private/PathTracing/PathTracingShaderUtils.ush" 2305
"../../../Engine/Shaders/Private/PathTracing/Material/PathTracingThinGlass.ush" 2306
"../../../Engine/Shaders/Private/PathTracing/Material/PathTracingEnergyConservation.ush" 2307
"../../../Engine/Shaders/Private/PathTracing/PathTracingLightingMissShader.usf" 2308
"../../../Engine/Shaders/Private/PathTracing/PathTracingMissShader.usf" 2309
"../../../Engine/Shaders/Private/PathTracing/PathTracingBuildAtmosphereLUT.usf" 2310
"../../../Engine/Shaders/Private/PathTracing/Volume/PathTracingAtmosphereCommon.ush" 2311
"../../../Engine/Shaders/Private/PathTracing/PathTracingSwizzleScanlines.usf" 2312
"../../../Engine/Shaders/Private/PathTracing/PathTracingInitExtinctionCoefficient.usf" 2313
"../../../Engine/Shaders/Private/PathTracing/PathTracing.usf" 2314
"../../../Engine/Shaders/Private/PathTracing/PathTracingCore.ush" 2315
"../../../Engine/Shaders/Private/RayTracing/RayTracingDecalGrid.ush" 2316
"../../../Engine/Shaders/Private/PathTracing/Utilities/PathTracingRIS.ush" 2317
"../../../Engine/Shaders/Private/PathTracing/Light/PathTracingLightGrid.ush" 2318
"../../../Engine/Shaders/Private/PathTracing/Material/PathTracingMaterialSampling.ush" 2319
"../../../Engine/Shaders/Private/PathTracing/Material/PathTracingLambert.ush" 2320
"../../../Engine/Shaders/Private/PathTracing/Material/PathTracingSolidGlass.ush" 2321
"../../../Engine/Shaders/Private/PathTracing/Material/PathTracingDefaultLit.ush" 2322
"../../../Engine/Shaders/Private/PathTracing/Material/PathTracingClearCoat.ush" 2323
"../../../Engine/Shaders/Private/PathTracing/Material/PathTracingTwoSidedFoliage.ush" 2324
"../../../Engine/Shaders/Private/PathTracing/Material/PathTracingCloth.ush" 2325
"../../../Engine/Shaders/Private/PathTracing/Material/PathTracingSubsurfaceProfile.ush" 2326
"../../../Engine/Shaders/Private/PathTracing/Material/PathTracingEye.ush" 2327
"../../../Engine/Shaders/Private/PathTracing/Material/PathTracingHair.ush" 2328
"../../../Engine/Shaders/Private/PathTracing/Material/PathTracingMedium.ush" 2329
"../../../Engine/Shaders/Private/PathTracing/Volume/PathTracingVolume.ush" 2330
"../../../Engine/Shaders/Private/PathTracing/Volume/PathTracingVolumeCommon.ush" 2331
"../../../Engine/Shaders/Private/PathTracing/Volume/PathTracingAtmosphere.ush" 2332
"../../../Engine/Shaders/Private/DoubleWordMath.ush" 2333
"../../../Engine/Shaders/Private/PathTracing/Volume/PathTracingFog.ush" 2334
"../../../Engine/Shaders/Private/PathTracing/Volume/PathTracingVolumeSampling.ush" 2335
"../../../Engine/Shaders/Private/PathTracing/PathTracingBuildLightGrid.usf" 2336
"../../../Engine/Shaders/Private/PathTracing/PathTracingSkylightMISCompensation.usf" 2337
"../../../Engine/Shaders/Private/PathTracing/PathTracingSkylightPrepare.usf" 2338
"../../../Engine/Shaders/Private/OIT/OITSorting.usf" 2339
"../../../Engine/Shaders/Private/OITCombine.usf" 2340
"../../../Engine/Shaders/Private/OITCommon.ush" 2341
"../../../Engine/Shaders/Private/Nanite/NaniteDebugViews.usf" 2342
"../../../Engine/Shaders/Private/Nanite/NaniteDepthDecode.usf" 2343
"../../../Engine/Shaders/Private/HTileEncoding.ush" 2344
"../../../Engine/Shaders/Private/Nanite/NaniteMaterialComplexity.usf" 2345
"../../../Engine/Shaders/Private/Nanite/NaniteVisualize.usf" 2346
"../../../Engine/Shaders/Private/Nanite/NaniteStreamOut.usf" 2347
"../../../Engine/Shaders/Private/Nanite/NaniteMaterialCulling.usf" 2348
"../../../Engine/Shaders/Private/Nanite/NaniteDepthExport.usf" 2349
"../../../Engine/Shaders/Private/Nanite/NaniteExportGBuffer.usf" 2350
"../../../Engine/Shaders/Private/Nanite/NaniteRasterizer.usf" 2351
"../../../Engine/Shaders/Private/Nanite/NaniteRasterizationCommon.ush" 2352
"../../../Engine/Shaders/Private/Nanite/NaniteRasterizer.ush" 2353
"../../../Engine/Shaders/Private/Nanite/NaniteWritePixel.ush" 2354
"../../../Engine/Shaders/Private/Nanite/NaniteTessellation.ush" 2355
"../../../Engine/Shaders/Private/WorkDistribution.ush" 2356
"../../../Engine/Shaders/Private/Nanite/NaniteRasterBinning.usf" 2357
"../../../Engine/Shaders/Private/Nanite/NaniteInstanceCulling.usf" 2358
"../../../Engine/Shaders/Private/Nanite/NaniteImposter.ush" 2359
"../../../Engine/Shaders/Private/Nanite/NanitePrimitiveFilter.usf" 2360
"../../../Engine/Shaders/Private/Nanite/NaniteRasterClear.usf" 2361
"../../../Engine/Shaders/Private/Nanite/NanitePrintStats.usf" 2362
"../../../Engine/Shaders/Private/Nanite/NaniteEmitShadow.usf" 2363
"../../../Engine/Shaders/Private/MobileDeferredUtils.usf" 2364
"../../../Engine/Shaders/Private/MobileFog.usf" 2365
"../../../Engine/Shaders/Private/DistortApplyScreenPS.usf" 2366
"../../../Engine/Shaders/Private/MobileDeferredShading.usf" 2367
"../../../Engine/Shaders/Private/MobileLightingCommon.ush" 2368
"../../../Engine/Shaders/Private/MobileBasePassPixelShader.usf" 2369
"../../../Engine/Shaders/Private/MobileBasePassCommon.ush" 2370
"../../../Engine/Shaders/Private/BasePassCommon.ush" 2371
"../../../Engine/Shaders/Private/ShadingModelsMaterial.ush" 2372
"../../../Engine/Shaders/Private/ThinTranslucentCommon.ush" 2373
"../../../Engine/Shaders/Private/SingleLayerWaterShading.ush" 2374
"../../../Engine/Shaders/Private/DistortionCommon.ush" 2375
"../../../Engine/Shaders/Private/Strata/StrataMobileForwardLighting.ush" 2376
"../../../Engine/Shaders/Private/MobileBasePassVertexShader.usf" 2377
"../../../Engine/Shaders/Private/Lumen/LumenVisualizeRadianceCache.usf" 2378
"../../../Engine/Shaders/Private/Lumen/LumenRadianceCacheCommon.ush" 2379
"../../../Engine/Shaders/Private/Lumen/LumenVisualizeHardwareRayTracing.usf" 2380
"../../../Engine/Shaders/Private/Lumen/LumenCardCommon.ush" 2381
"../../../Engine/Shaders/Private/Lumen/LumenTracingCommon.ush" 2382
"../../../Engine/Shaders/Private/DistanceField/GlobalDistanceFieldUtils.ush" 2383
"../../../Engine/Shaders/Private/DistanceField/GlobalDistanceFieldObjectGrid.ush" 2384
"../../../Engine/Shaders/Private/DistanceFieldLightingShared.ush" 2385
"../../../Engine/Shaders/Private/Lumen/SurfaceCache/LumenSurfaceCacheSampling.ush" 2386
"../../../Engine/Shaders/Private/Lumen/SurfaceCache/LumenSurfaceCache.ush" 2387
"../../../Engine/Shaders/Private/Lumen/LumenVisualize.ush" 2388
"../../../Engine/Shaders/Private/Lumen/LumenHardwareRayTracingCommon.ush" 2389
"../../../Engine/Shaders/Private/Lumen/LumenHardwareRayTracingPipelineCommon.ush" 2390
"../../../Engine/Shaders/Private/Lumen/LumenHardwareRayTracingPlatformCommon.ush" 2391
"../../../Engine/Shaders/Private/Lumen/LumenHairTracing.ush" 2392
"../../../Engine/Shaders/Private/Lumen/LumenFog.ush" 2393
"../../../Engine/Shaders/Private/Lumen/LumenVisualize.usf" 2394
"../../../Engine/Shaders/Private/Lumen/LumenVisualizeTraces.ush" 2395
"../../../Engine/Shaders/Private/Lumen/LumenTranslucencyVolumeLighting.usf" 2396
"../../../Engine/Shaders/Private/Lumen/LumenRadianceCacheMarkCommon.ush" 2397
"../../../Engine/Shaders/Private/Lumen/LumenTranslucencyVolumeLightingShared.ush" 2398
"../../../Engine/Shaders/Private/Lumen/LumenScreenProbeCommon.ush" 2399
"../../../Engine/Shaders/Private/Lumen/LumenTranslucencyVolumeHardwareRayTracing.usf" 2400
"../../../Engine/Shaders/Private/Lumen/LumenTranslucencyRadianceCacheMarkShaders.usf" 2401
"../../../Engine/Shaders/Private/Lumen/SurfaceCache/LumenSurfaceCacheFeedback.usf" 2402
"../../../Engine/Shaders/Private/Lumen/SurfaceCache/LumenSurfaceCache.usf" 2403
"../../../Engine/Shaders/Private/Lumen/LumenShortRangeAOHardwareRayTracing.usf" 2404
"../../../Engine/Shaders/Private/Lumen/LumenMaterial.ush" 2405
"../../../Engine/Shaders/Private/Lumen/LumenScreenSpaceBentNormal.usf" 2406
"../../../Engine/Shaders/Private/Lumen/LumenScreenTracing.ush" 2407
"../../../Engine/Shaders/Private/Lumen/LumenScreenProbeTracing.usf" 2408
"../../../Engine/Shaders/Private/Lumen/LumenScreenProbeTracingCommon.ush" 2409
"../../../Engine/Shaders/Private/Lumen/LumenScreenProbeImportanceSampling.usf" 2410
"../../../Engine/Shaders/Private/Lumen/LumenScreenProbeImportanceSamplingShared.ush" 2411
"../../../Engine/Shaders/Private/Lumen/LumenScreenProbeHardwareRayTracing.usf" 2412
"../../../Engine/Shaders/Private/Lumen/LumenScreenProbeGather.usf" 2413
"../../../Engine/Shaders/Private/Lumen/LumenScreenSpaceBentNormal.ush" 2414
"../../../Engine/Shaders/Private/Lumen/LumenReflectionsCombine.ush" 2415
"../../../Engine/Shaders/Private/Lumen/LumenScreenProbeLightSampling.usf" 2416
"../../../Engine/Shaders/Private/Lumen/LumenScreenProbeFiltering.usf" 2417
"../../../Engine/Shaders/Private/Lumen/LumenSceneLighting.usf" 2418
"../../../Engine/Shaders/Private/Lumen/LumenCardTile.ush" 2419
"../../../Engine/Shaders/Private/Lumen/LumenSceneLighting.ush" 2420
"../../../Engine/Shaders/Private/Lumen/Radiosity/LumenRadiosity.ush" 2421
"../../../Engine/Shaders/Private/Lumen/LumenCardPixelShader.usf" 2422
"../../../Engine/Shaders/Private/Lumen/LumenCardVertexShader.usf" 2423
"../../../Engine/Shaders/Private/Lumen/LumenSceneLightingDebug.usf" 2424
"../../../Engine/Shaders/Private/Lumen/LumenSceneDirectLightingHardwareRayTracing.usf" 2425
"../../../Engine/Shaders/Private/Lumen/LumenReflectionCommon.ush" 2426
"../../../Engine/Shaders/Private/Lumen/LumenSceneDirectLighting.ush" 2427
"../../../Engine/Shaders/Private/Lumen/LumenSceneDirectLightingSoftwareRayTracing.usf" 2428
"../../../Engine/Shaders/Private/DistanceFieldShadowingShared.ush" 2429
"../../../Engine/Shaders/Private/Lumen/LumenSceneDirectLightingPerLightShadowCommon.ush" 2430
"../../../Engine/Shaders/Private/Lumen/LumenSceneDirectLightingShadowMask.usf" 2431
"../../../Engine/Shaders/Private/Lumen/LumenSceneDirectLighting.usf" 2432
"../../../Engine/Shaders/Private/Lumen/LumenSceneDirectLightingCulling.usf" 2433
"../../../Engine/Shaders/Private/Lumen/LumenReflectionTracing.usf" 2434
"../../../Engine/Shaders/Private/Lumen/LumenReflections.usf" 2435
"../../../Engine/Shaders/Private/Lumen/LumenReflectionHardwareRayTracing.usf" 2436
"../../../Engine/Shaders/Private/Lumen/Radiosity/LumenVisualizeRadiosityProbes.usf" 2437
"../../../Engine/Shaders/Private/Lumen/Radiosity/LumenRadiosity.usf" 2438
"../../../Engine/Shaders/Private/RayTracing/RayGenUtils.ush" 2439
"../../../Engine/Shaders/Private/Lumen/Radiosity/LumenRadiosityHardwareRayTracing.usf" 2440
"../../../Engine/Shaders/Private/Lumen/Radiosity/LumenRadiosityCulling.usf" 2441
"../../../Engine/Shaders/Private/Lumen/LumenRadianceCacheHardwareRayTracing.usf" 2442
"../../../Engine/Shaders/Private/Lumen/LumenRadianceCacheTracingCommon.ush" 2443
"../../../Engine/Shaders/Private/Lumen/LumenRadianceCache.usf" 2444
"../../../Engine/Shaders/Private/Lumen/LumenRadianceCacheUpdate.ush" 2445
"../../../Engine/Shaders/Private/Lumen/LumenRadianceCacheDebug.usf" 2446
"../../../Engine/Shaders/Private/Lumen/LumenRadianceCacheUpdate.usf" 2447
"../../../Engine/Shaders/Private/Lumen/LumenMeshSDFCulling.usf" 2448
"../../../Engine/Shaders/Private/HybridIndirectLighting.ush" 2449
"../../../Engine/Shaders/Private/MeshDistanceFieldCommon.ush" 2450
"../../../Engine/Shaders/Private/Lumen/LumenIrradianceFieldGather.usf" 2451
"../../../Engine/Shaders/Private/Lumen/LumenHardwareRayTracingMaterials.usf" 2452
"../../../Engine/Shaders/Private/Lumen/LumenHardwareRayTracingPipeline.usf" 2453
"../../../Engine/Shaders/Private/Lumen/LumenFrontLayerTranslucency.usf" 2454
"../../../Engine/Shaders/Private/LightShaftShader.usf" 2455
"../../../Engine/Shaders/Private/StationaryLightOverlapShaders.usf" 2456
"../../../Engine/Shaders/Private/DeferredLightPixelShaders.usf" 2457
"../../../Engine/Shaders/Private/HairStrands/HairStrandsVisibilityUtils.ush" 2458
"../../../Engine/Shaders/Private/DeferredLightVertexShaders.usf" 2459
"../../../Engine/Shaders/Private/LightMapDensityShader.usf" 2460
"../../../Engine/Shaders/Private/LightGridInjection.usf" 2461
"../../../Engine/Shaders/Private/LightFunctionPixelShader.usf" 2462
"../../../Engine/Shaders/Private/LightFunctionVertexShader.usf" 2463
"../../../Engine/Shaders/Private/InstanceCulling/BuildInstanceDrawCommands.usf" 2464
"../../../Engine/Shaders/Private/InstanceCulling/InstanceCompactionCommon.ush" 2465
"../../../Engine/Shaders/Private/InstanceCulling/CompactVisibleInstances.usf" 2466
"../../../Engine/Shaders/Private/ThreadGroupPrefixSum.ush" 2467
"../../../Engine/Shaders/Private/ReflectionEnvironmentPixelShader.usf" 2468
"../../../Engine/Shaders/Private/Strata/StrataEnvironmentLighting.ush" 2469
"../../../Engine/Shaders/Private/AmbientCubemapComposite.usf" 2470
"../../../Engine/Shaders/Private/DiffuseIndirectComposite.usf" 2471
"../../../Engine/Shaders/Private/IESAtlas.usf" 2472
"../../../Engine/Shaders/Private/HeterogeneousVolumes/HeterogeneousVolumesSparseVoxelPipeline.usf" 2473
"../../../Engine/Shaders/Private/HeterogeneousVolumes/HeterogeneousVolumesSparseVoxelUtils.ush" 2474
"../../../Engine/Shaders/Private/HeterogeneousVolumes/HeterogeneousVolumesSparseVoxelUniformBufferUtils.ush" 2475
"../../../Engine/Shaders/Private/HeterogeneousVolumes/HeterogeneousVolumesPreshadingPipeline.usf" 2476
"../../../Engine/Shaders/Private/HeterogeneousVolumes/HeterogeneousVolumesTracingUtils.ush" 2477
"../../../Engine/Shaders/Private/HeterogeneousVolumes/HeterogeneousVolumesLightingUtils.ush" 2478
"../../../Engine/Shaders/Private/HeterogeneousVolumes/HeterogeneousVolumesRayMarchingUtils.ush" 2479
"../../../Engine/Shaders/Private/HeterogeneousVolumes/HeterogeneousVolumesTransmittanceVolumeUtils.ush" 2480
"../../../Engine/Shaders/Private/HeterogeneousVolumes/HeterogeneousVolumesMaterialBakingPipeline.usf" 2481
"../../../Engine/Shaders/Private/HeterogeneousVolumes/HeterogeneousVolumesLiveShadingUtils.ush" 2482
"../../../Engine/Shaders/Private/HeterogeneousVolumes/HeterogeneousVolumesLiveShadingPipeline.usf" 2483
"../../../Engine/Shaders/Private/HeterogeneousVolumes/HeterogeneousVolumesHardwareRayTracing.usf" 2484
"../../../Engine/Shaders/Private/HeterogeneousVolumes/HeterogeneousVolumesComposite.usf" 2485
"../../../Engine/Shaders/Private/HdrCustomResolveShaders.usf" 2486
"../../../Engine/Shaders/Private/HairStrands/HairStrandsVoxelMip.usf" 2487
"../../../Engine/Shaders/Private/HairStrands/HairStrandsVoxelRasterCompute.usf" 2488
"../../../Engine/Shaders/Private/HairStrands/HairStrandsClusterCommon.ush" 2489
"../../../Engine/Shaders/Private/HairStrands/HairStrandsVoxelPageAllocation.usf" 2490
"../../../Engine/Shaders/Private/Matrices.ush" 2491
"../../../Engine/Shaders/Private/HairStrands/HairStrandsAABBCommon.ush" 2492
"../../../Engine/Shaders/Private/HairStrands/HairStrandsVoxelOpaque.usf" 2493
"../../../Engine/Shaders/Private/HairStrands/HairStrandsRaytracingGeometry.usf" 2494
"../../../Engine/Shaders/Private/HairStrands/HairStrandsHitProxy.usf" 2495
"../../../Engine/Shaders/Private/HairStrands/HairStrandsVisibilityRasterComputeNaive.usf" 2496
"../../../Engine/Shaders/Private/HairStrands/HairStrandsVisibilityRasterHW.usf" 2497
"../../../Engine/Shaders/Private/HairStrands/HairStrandsVisibilityRasterCompute.usf" 2498
"../../../Engine/Shaders/Private/HairStrands/HairStrandsVisibilityRasterClassification.usf" 2499
"../../../Engine/Shaders/Private/HairStrands/HairStrandsCoverage.usf" 2500
"../../../Engine/Shaders/Private/HairStrands/HairStrandsVisibilityDepthPS.usf" 2501
"../../../Engine/Shaders/Private/HairStrands/HairStrandsVisibilityTransmittanceDepthPS.usf" 2502
"../../../Engine/Shaders/Private/HairStrands/HairStrandsVisibilityFillOpaqueDepthPS.usf" 2503
"../../../Engine/Shaders/Private/HairStrands/HairStrandsVisibilityCompactionComputeRaster.usf" 2504
"../../../Engine/Shaders/Private/HairStrands/HairStrandsVisibilityCompaction.usf" 2505
"../../../Engine/Shaders/Private/HairStrands/HairStrandsVisibilityCopyIndirectArg.usf" 2506
"../../../Engine/Shaders/Private/HairStrands/HairStrandsVisibilityClearPS.usf" 2507
"../../../Engine/Shaders/Private/HairStrands/HairStrandsVisibilityPS.usf" 2508
"../../../Engine/Shaders/Private/HairStrands/HairStrandsVisibilityVS.usf" 2509
"../../../Engine/Shaders/Private/HairStrands/HairStrandsVelocity.usf" 2510
"../../../Engine/Shaders/Private/HairStrands/HairStrandsVisibilityComputeSampleCoverage.usf" 2511
"../../../Engine/Shaders/Private/HairStrands/HairStrandsMaterialPS.usf" 2512
"../../../Engine/Shaders/Private/HairStrands/HairStrandsMaterialCommon.ush" 2513
"../../../Engine/Shaders/Private/HairStrands/HairStrandsMaterialVS.usf" 2514
"../../../Engine/Shaders/Private/HairStrands/HairStrandsLightSample.usf" 2515
"../../../Engine/Shaders/Private/HairStrands/HairStrandsDeepShadowMask.usf" 2516
"../../../Engine/Shaders/Private/HairStrands/HairStrandsDeepShadowCommon.ush" 2517
"../../../Engine/Shaders/Private/HairStrands/HairStrandsDeepTransmittanceMask.usf" 2518
"../../../Engine/Shaders/Private/HairStrands/HairStrandsVisibilityTile.usf" 2519
"../../../Engine/Shaders/Private/HairStrands/HairStrandsDeepShadowPS.usf" 2520
"../../../Engine/Shaders/Private/HairStrands/HairStrandsDeepShadowVS.usf" 2521
"../../../Engine/Shaders/Private/HairStrands/HairStrandsLUT.usf" 2522
"../../../Engine/Shaders/Private/HairStrands/HairStrandsForwardRaster.usf" 2523
"../../../Engine/Shaders/Private/HairStrands/HairStrandsForwardCulling.usf" 2524
"../../../Engine/Shaders/Private/HairStrands/HairStrandsEnvironmentLighting.usf" 2525
"../../../Engine/Shaders/Private/HairStrands/HairStrandsDebugCommonStruct.ush" 2526
"../../../Engine/Shaders/Private/HairStrands/HairStrandsEnvironmentAO.usf" 2527
"../../../Engine/Shaders/Private/HairStrands/HairStrandsDeepShadowAllocation.usf" 2528
"../../../Engine/Shaders/Private/HairStrands/HairStrandsVoxelDepthInjection.usf" 2529
"../../../Engine/Shaders/Private/HairStrands/HairStrandsClusterCulling.usf" 2530
"../../../Engine/Shaders/Private/HairStrands/HairStrandsDebug.usf" 2531
"../../../Engine/Shaders/Private/HairStrands/HairStrandsMeshProjectionCommon.ush" 2532
"../../../Engine/Shaders/Private/HairStrands/HairStrandsVoxelPageRayMarching.usf" 2533
"../../../Engine/Shaders/Private/HairStrands/HairStrandsGBufferWrite.usf" 2534
"../../../Engine/Shaders/Private/HairStrands/HairStrandsGBufferCommon.ush" 2535
"../../../Engine/Shaders/Private/HairStrands/HairStrandsVisibilityComposeSubPixelPS.usf" 2536
"../../../Engine/Shaders/Private/HairStrands/HairStrandsAABB.usf" 2537
"../../../Engine/Shaders/Private/GPUScene/GPUSceneDataManagement.usf" 2538
"../../../Engine/Shaders/Private/GPUSceneDebugRender.usf" 2539
"../../../Engine/Shaders/Private/GPUFastFourierTransform.usf" 2540
"../../../Engine/Shaders/Private/GPUFastFourierTransform2DCore.ush" 2541
"../../../Engine/Shaders/Private/GPUFastFourierTransformCore.ush" 2542
"../../../Engine/Shaders/Private/GPUBenchmark.usf" 2543
"../../../Engine/Shaders/Private/DistanceField/GlobalDistanceFieldDebug.usf" 2544
"../../../Engine/Shaders/Private/DistanceField/GlobalDistanceFieldMip.usf" 2545
"../../../Engine/Shaders/Private/DistanceField/GlobalDistanceField.usf" 2546
"../../../Engine/Shaders/Private/DistanceField/GlobalDistanceFieldUpdate.ush" 2547
"../../../Engine/Shaders/Private/DistanceField/GlobalDistanceFieldCompositeObjects.usf" 2548
"../../../Engine/Shaders/Private/DistanceField/GlobalDistanceFieldHeightfields.usf" 2549
"../../../Engine/Shaders/Private/HeightfieldLightingShared.ush" 2550
"../../../Engine/Shaders/Private/GenerateConservativeDepth.usf" 2551
"../../../Engine/Shaders/Private/HeightFogPixelShader.usf" 2552
"../../../Engine/Shaders/Private/HeightFogVertexShader.usf" 2553
"../../../Engine/Shaders/Private/DistortFiltering.usf" 2554
"../../../Engine/Shaders/Private/DistortAccumulatePS.usf" 2555
"../../../Engine/Shaders/Private/DistortAccumulateVS.usf" 2556
"../../../Engine/Shaders/Private/DistanceFieldVisualization.usf" 2557
"../../../Engine/Shaders/Private/DistanceFieldStreaming.usf" 2558
"../../../Engine/Shaders/Private/DistanceFieldShadowing.usf" 2559
"../../../Engine/Shaders/Private/DistanceFieldScreenGridLighting.usf" 2560
"../../../Engine/Shaders/Private/DistanceFieldObjectCulling.usf" 2561
"../../../Engine/Shaders/Private/DistanceFieldLightingPost.usf" 2562
"../../../Engine/Shaders/Private/DitheredTransitionStencil.usf" 2563
"../../../Engine/Shaders/Private/DepthOnlyPixelShader.usf" 2564
"../../../Engine/Shaders/Private/DepthOnlyVertexShader.usf" 2565
"../../../Engine/Shaders/Private/PositionOnlyDepthVertexShader.usf" 2566
"../../../Engine/Shaders/Private/DeferredDecal.usf" 2567
"../../../Engine/Shaders/Private/DecalCommon.ush" 2568
"../../../Engine/Shaders/Private/DebugViewModeVertexShader.usf" 2569
"../../../Engine/Shaders/Private/DebugViewModeCommon.ush" 2570
"../../../Engine/Shaders/Private/DebugViewModePixelShader.usf" 2571
"../../../Engine/Shaders/Private/DebugProbes.usf" 2572
"../../../Engine/Shaders/Private/MeshDecals.usf" 2573
"../../../Engine/Shaders/Private/PostProcessAmbientOcclusion.usf" 2574
"../../../Engine/Shaders/Private/ClusteredDeferredShadingPixelShader.usf" 2575
"../../../Engine/Shaders/Private/ClusteredDeferredShadingVertexShader.usf" 2576
"../../../Engine/Shaders/Private/CapsuleShadowShaders.usf" 2577
"../../../Engine/Shaders/Private/BasePassPixelShader.usf" 2578
"../../../Engine/Shaders/Private/ForwardLightingCommon.ush" 2579
"../../../Engine/Shaders/Private/Strata/StrataForwardLighting.ush" 2580
"../../../Engine/Shaders/Private/ComputeShaderOutputCommon.ush" 2581
"../../../Engine/Shaders/Private/BasePassVertexShader.usf" 2582
"../../../Engine/Shaders/Private/BasePassVertexCommon.ush" 2583
"../../../Engine/Shaders/Private/AnisotropyPassShader.usf" 2584
"../../../Engine/Shaders/Private/SimpleElementVolumeTexturePreviewPixelShader.usf" 2585
"../../../Engine/Shaders/Private/SimpleElementTexture2DPreviewPixelShader.usf" 2586
"../../../Engine/Shaders/Private/meshpaintdilatepixelshader.usf" 2587
"../../../Engine/Shaders/Private/meshpaintdilatevertexshader.usf" 2588
"../../../Engine/Shaders/Private/MeshPaintPixelShader.usf" 2589
"../../../Engine/Shaders/Private/MeshPaintVertexShader.usf" 2590
"../../../Engine/Shaders/Private/Tools/VisualizeTexture.usf" 2591
"../../../Engine/Shaders/Private/ByteBuffer.usf" 2592
"../../../Engine/Shaders/Private/ResolveVertexShader.usf" 2593
"../../../Engine/Shaders/Private/ResolvePixelShader.usf" 2594
"../../../Engine/Shaders/Private/Tools/SetupIndirectArgs.usf" 2595
"../../../Engine/Shaders/Private/Tools/ClearUAV.usf" 2596
"../../../Engine/Shaders/Private/ClearReplacementShaders.usf" 2597
"../../../Engine/Shaders/Private/Tools/DrawTexture.usf" 2598
"../../../Engine/Shaders/Private/RayTracing/RayTracingValidation.usf" 2599
"../../../Engine/Shaders/Private/RenderGraphUtilities.usf" 2600
"../../../Engine/Shaders/Private/OneColorShader.usf" 2601
"../../../Engine/Shaders/Private/OculusShaders.usf" 2602
"../../../Engine/Shaders/Private/MediaShaders.usf" 2603
"../../../Engine/Shaders/Private/GPUMessaging.usf" 2604
"../../../Engine/Shaders/Private/NullPixelShader.usf" 2605
"../../../Engine/Shaders/Private/ComputeGenerateMips.usf" 2606
"../../../Engine/Shaders/Private/Tools/DumpTexture.usf" 2607
"../../../Engine/Shaders/Private/CopyTextureShaders.usf" 2608
"../../../Engine/Shaders/Private/Tools/FullscreenVertexShader.usf" 2609
"../../../Engine/Shaders/Private/RayTracing/RayTracingDispatchDesc.usf" 2610
"../../../Engine/Shaders/Private/Bink.usf" 2611
"../../../../../UE Projects/SixMinutesAtChonkers/Intermediate/ShaderAutogen/PCD3D_SM5/AutogenShaderHeaders.ush" 2612
"E:/Unreal/UE_5.2/Engine/Plugins/2D/Paper2D/Content/DummySprite.uasset" 2613
"E:/UE Projects/SixMinutesAtChonkers/Content/Security/WinWidget.uasset" 2614
"E:/UE Projects/SixMinutesAtChonkers/Content/Security/LoseWidget.uasset" 2615
"E:/UE Projects/SixMinutesAtChonkers/Content/Security/BP_ThirdPersonGuard.uasset" 2616
"E:/UE Projects/SixMinutesAtChonkers/Content/Security/ActionsWidget.uasset" 2617
"E:/Unreal/UE_5.2/Engine/Plugins/2D/Paper2D/Content/Tutorial/Paper2D/TutorialAssets/TutorialFlipBook.uasset" 2618
"E:/Unreal/UE_5.2/Engine/Plugins/2D/Paper2D/Content/Tutorial/Paper2D/TutorialAssets/TutorialSprite.uasset" 2619
"E:/UE Projects/SixMinutesAtChonkers/Content/Characters/Mannequin_UE4/Rigs/RTG_UE4Manny_UE5Manny.uasset" 2620
"E:/UE Projects/SixMinutesAtChonkers/Content/Characters/Mannequin_UE4/Rigs/RTG_UE5Manny_UE4Manny.uasset" 2621
"E:/UE Projects/SixMinutesAtChonkers/Content/Characters/Mannequin_UE4/Rigs/IK_UE4_Mannequin.uasset" 2622
"E:/UE Projects/SixMinutesAtChonkers/Content/Characters/Mannequins/Rigs/RTG_Mannequin.uasset" 2623
"E:/UE Projects/SixMinutesAtChonkers/Content/Characters/Mannequins/Rigs/IK_Mannequin.uasset" 2624
"E:/UE Projects/SixMinutesAtChonkers/Content/Characters/Mannequins/Rigs/CR_Mannequin_Procedural.uasset" 2625
"E:/UE Projects/SixMinutesAtChonkers/Content/Characters/Mannequins/Rigs/CR_Mannequin_Body.uasset" 2626
"E:/UE Projects/SixMinutesAtChonkers/Content/Characters/Mannequins/Rigs/CR_Mannequin_BasicFootIK.uasset" 2627
"../../../Engine/Content/EditorResources/S_Actor.uasset" 2628
"C:/Users/pduli/AppData/Local/UnrealEngine/Common/DerivedDataCache/Buckets/BulkDataList/d8/cc/5a23a3be9135d11bff425288333a91f59be1.udd" 2629
"../../../../../UE Projects/SixMinutesAtChonkers/Intermediate/ShaderAutogen/PCD3D_SM6/AutogenShaderHeaders.ush" 2630
"../../../../../UE Projects/SixMinutesAtChonkers/Intermediate/ShaderAutogen/PCD3D_ES3_1/AutogenShaderHeaders.ush" 2631
"../../../Engine/Content/EditorResources/S_BoxReflectionCapture.uasset" 2632
"C:/Users/pduli/AppData/Local/UnrealEngine/Common/DerivedDataCache/Buckets/BulkDataList/9f/0f/f669c43cad0d0a379135e441d504e139f2a1.udd" 2633
"../../../Engine/Content/EngineResources/DefaultTexture.uasset" 2634
"C:/Users/pduli/AppData/Local/UnrealEngine/Common/DerivedDataCache/Buckets/BulkDataList/6a/fc/71615569ccc7a230a62f96451734fd425b66.udd" 2635
"../../../Engine/Content/EngineResources/DefaultTextureCube.uasset" 2636
"C:/Users/pduli/AppData/Local/UnrealEngine/Common/DerivedDataCache/Buckets/BulkDataList/ac/7f/a6238ddf8563b24e9d848022df9129e3da6b.udd" 2637
"../../../Engine/Content/EngineResources/DefaultVolumeTexture.uasset" 2638
"../../../Engine/Content/EngineResources/DefaultVolumeTexture2D.uasset" 2639
"C:/Users/pduli/AppData/Local/UnrealEngine/Common/DerivedDataCache/Buckets/BulkDataList/f2/f0/3f21e9d57e76a43213ec286aba4aae669fd2.udd" 2640
"C:/Users/pduli/AppData/Local/UnrealEngine/Common/DerivedDataCache/Buckets/BulkDataList/d2/87/688afcff80f613f25d99219e8770b55e854c.udd" 2641
"../../../Engine/Content/EngineFonts/RobotoDistanceField.uasset" 2642
"../../../Engine/Content/EngineMaterials/DefaultTextMaterialOpaque.uasset" 2643
"C:/Users/pduli/AppData/Local/UnrealEngine/Common/DerivedDataCache/Buckets/BulkDataList/c5/0b/8de6ab863f9b1a5ae2b00af13cd42d6650be.udd" 2644
"../../../Engine/Content/Functions/Engine_MaterialFunctions01/Shading/PowerToRoughness.uasset" 2645
"../../../Engine/Content/Functions/Engine_MaterialFunctions01/Shading/ConvertFromDiffSpec.uasset" 2646
"../../../Engine/Content/EngineMaterials/WorldGridMaterial.uasset" 2647
"../../../Engine/Content/Functions/Engine_MaterialFunctions01/Opacity/CameraDepthFade.uasset" 2648
"../../../Engine/Content/EngineMaterials/T_Default_Material_Grid_M.uasset" 2649
"../../../Engine/Content/EngineMaterials/T_Default_Material_Grid_N.uasset" 2650
"../../../Engine/Content/EngineMaterials/DefaultDeferredDecalMaterial.uasset" 2651
"../../../Engine/Content/EngineMaterials/DefaultDiffuse.uasset" 2652
"../../../Engine/Content/EngineMaterials/DefaultLightFunctionMaterial.uasset" 2653
"../../../Engine/Content/EngineMaterials/DefaultPostProcessMaterial.uasset" 2654
"../../../Engine/Content/Functions/Engine_MaterialFunctions02/Utility/BreakOutFloat2Components.uasset" 2655
"C:/Users/pduli/AppData/Local/UnrealEngine/Common/DerivedDataCache/Buckets/BulkDataList/be/08/89963b9bff6cd6751a346909361a713f0eac.udd" 2656
"C:/Users/pduli/AppData/Local/UnrealEngine/Common/DerivedDataCache/Buckets/BulkDataList/56/06/94dc25e20febce18497668c17861e6668ff5.udd" 2657
"C:/Users/pduli/AppData/Local/UnrealEngine/Common/DerivedDataCache/Buckets/BulkDataList/2f/f9/35c1ef19b8b0de63ba47ce57c78816f1316b.udd" 2658
"../../../Engine/Content/EditorResources/S_Trigger.uasset" 2659
"../../../Engine/Content/EditorResources/S_TriggerBox.uasset" 2660
"C:/Users/pduli/AppData/Local/UnrealEngine/Common/DerivedDataCache/Buckets/BulkDataList/5c/4b/e4d259ba3d52a2e4c0c7fae6f0031042b611.udd" 2661
"C:/Users/pduli/AppData/Local/UnrealEngine/Common/DerivedDataCache/Buckets/BulkDataList/ed/ca/55b54d4848580c3c1e94800292b35585e19c.udd" 2662
"../../../Engine/Content/EditorResources/S_TriggerCapsule.uasset" 2663
"../../../Engine/Content/EditorResources/S_TriggerSphere.uasset" 2664
"C:/Users/pduli/AppData/Local/UnrealEngine/Common/DerivedDataCache/Buckets/BulkDataList/d7/29/a0938ca82a3e9549aa8fb8f64935b6b6e2e4.udd" 2665
"C:/Users/pduli/AppData/Local/UnrealEngine/Common/DerivedDataCache/Buckets/BulkDataList/4a/7b/cbec73d5d5f0d10bd8a29a341dbe73776e24.udd" 2666
"../../../Engine/Content/EngineDamageTypes/DmgTypeBP_Environmental.uasset" 2667
"../../../Engine/Content/EngineSky/VolumetricClouds/m_SimpleVolumetricCloud_Inst.uasset" 2668
"../../../Engine/Content/EngineSky/VolumetricClouds/m_SimpleVolumetricCloud.uasset" 2669
"../../../Engine/Content/Functions/Engine_MaterialFunctions02/Utility/MakeFloat2.uasset" 2670
"../../../Engine/Content/EngineSky/VolumetricClouds/CloudGradientTexture.uasset" 2671
"../../../Engine/Content/EngineSky/VolumetricClouds/CloudWeatherTexture.uasset" 2672
"../../../Engine/Content/EngineSky/VolumetricClouds/T_VolumeNoiseErosion32.uasset" 2673
"../../../Engine/Content/EngineSky/VolumetricClouds/T_NoiseErosion.uasset" 2674
"../../../Engine/Content/EngineSky/VolumetricClouds/T_VolumeNoiseShape64.uasset" 2675
"../../../Engine/Content/EngineSky/VolumetricClouds/T_NoiseShape64.uasset" 2676
"C:/Users/pduli/AppData/Local/UnrealEngine/Common/DerivedDataCache/Buckets/BulkDataList/3e/51/73125b4d5525b75b5ff5f2847fdcb9e4d176.udd" 2677
"C:/Users/pduli/AppData/Local/UnrealEngine/Common/DerivedDataCache/Buckets/BulkDataList/8f/15/0db036ee0a6e5737951909fc063d600ffb08.udd" 2678
"C:/Users/pduli/AppData/Local/UnrealEngine/Common/DerivedDataCache/Buckets/BulkDataList/18/95/c8c30277521ae5bd289062d47c6a689f9bed.udd" 2679
"C:/Users/pduli/AppData/Local/UnrealEngine/Common/DerivedDataCache/Buckets/BulkDataList/e1/09/9d036eab3320cca1483e4a53718f0524d600.udd" 2680
"C:/Users/pduli/AppData/Local/UnrealEngine/Common/DerivedDataCache/Buckets/BulkDataList/1b/e3/31e222eefadecc4569c78bcb326af17dc120.udd" 2681
"C:/Users/pduli/AppData/Local/UnrealEngine/Common/DerivedDataCache/Buckets/BulkDataList/4c/41/56a89b670737a869ca81cbaf796e5255e8d8.udd" 2682
"../../../Engine/Content/EngineMeshes/Sphere.uasset" 2683
"C:/Users/pduli/AppData/Local/UnrealEngine/Common/DerivedDataCache/Buckets/LegacyNavCollision/1a/ea/6b0e8fab9d1212ee8db58df061bb0b14406b.udd" 2684
"../../../Engine/Content/EngineResources/WhiteSquareTexture.uasset" 2685
"../../../Engine/Content/EngineResources/GradientTexture0.uasset" 2686
"C:/Users/pduli/AppData/Local/UnrealEngine/Common/DerivedDataCache/Buckets/BulkDataList/be/60/b475271a004c258b565a7d0c9d21b5493bf6.udd" 2687
"C:/Users/pduli/AppData/Local/UnrealEngine/Common/DerivedDataCache/Buckets/BulkDataList/6c/58/b66ba8cfb633d33f56450e19fd40599517d5.udd" 2688
"../../../Engine/Content/EngineResources/Black.uasset" 2689
"C:/Users/pduli/AppData/Local/UnrealEngine/Common/DerivedDataCache/Buckets/BulkDataList/74/e7/0c7e59f79766ca3c2d501a334752573ab21b.udd" 2690
"../../../Engine/Content/EngineMaterials/Widget3DPassThrough_Translucent.uasset" 2691
"../../../Engine/Content/EngineMaterials/Widget3DPassThrough.uasset" 2692
"../../../Engine/Content/EngineMaterials/Widget3DPassThrough_Translucent_OneSided.uasset" 2693
"../../../Engine/Content/EngineMaterials/Widget3DPassThrough_Opaque.uasset" 2694
"../../../Engine/Content/EngineMaterials/Widget3DPassThrough_Opaque_OneSided.uasset" 2695
"../../../Engine/Content/EngineMaterials/Widget3DPassThrough_Masked.uasset" 2696
"../../../Engine/Content/EngineMaterials/Widget3DPassThrough_Masked_OneSided.uasset" 2697
"../../../Engine/Content/VREditor/TransformGizmo/PlaneTranslationHandle.uasset" 2698
"../../../Engine/Content/VREditor/TransformGizmo/TransformGizmoMaterial.uasset" 2699
"../../../Engine/Content/VREditor/LaserPointer/VR_LaserPower_01.uasset" 2700
"../../../Engine/Content/VREditor/TransformGizmo/TranslucentTransformGizmoMaterial.uasset" 2701
"C:/Users/pduli/AppData/Local/UnrealEngine/Common/DerivedDataCache/Buckets/BulkDataList/41/41/0e73bc08610f3af7c23e17b8796c348770b8.udd" 2702
"../../../Engine/Content/VREditor/TransformGizmo/BoundingBoxCorner.uasset" 2703
"../../../Engine/Content/VREditor/TransformGizmo/BoundingBoxEdge.uasset" 2704
"../../../Engine/Content/VREditor/TransformGizmo/SM_Sequencer_Node.uasset" 2705
"../../../Engine/Content/VREditor/TransformGizmo/Main.uasset" 2706
"../../../Engine/Content/VREditor/TransformGizmo/Xray.uasset" 2707
"../../../Engine/Content/EditorMeshes/Camera/SM_CraneRig_Base.uasset" 2708
"../../../Engine/Content/EditorMaterials/Camera/MI_CineMat_Rig.uasset" 2709
"../../../Engine/Content/EditorMaterials/Camera/CineMat.uasset" 2710
"../../../Engine/Content/EditorMeshes/Camera/SM_CraneRig_Arm.uasset" 2711
"../../../Engine/Content/EditorMeshes/Camera/SM_CraneRig_Mount.uasset" 2712
"../../../Engine/Content/EditorMeshes/Camera/SM_CraneRig_Body.uasset" 2713
"../../../Engine/Content/EditorMeshes/Camera/SM_RailRig_Track.uasset" 2714
"../../../Engine/Content/EditorMeshes/Camera/SM_RailRig_Mount.uasset" 2715
"../../../Engine/Content/ArtTools/RenderToTexture/Meshes/S_1_Unit_Plane.uasset" 2716
"../../../Engine/Content/EngineDebugMaterials/M_SimpleUnlitTranslucent.uasset" 2717
"../../../Engine/Content/EngineFonts/Roboto.uasset" 2718
"../../../Engine/Content/EngineFonts/Faces/DroidSansFallback.uasset" 2719
"../../../Engine/Content/EngineFonts/Faces/RobotoBold.uasset" 2720
"../../../Engine/Content/EngineFonts/Faces/RobotoBoldItalic.uasset" 2721
"../../../Engine/Content/EngineFonts/Faces/RobotoItalic.uasset" 2722
"../../../Engine/Content/EngineFonts/Faces/RobotoLight.uasset" 2723
"../../../Engine/Content/EngineFonts/Faces/RobotoRegular.uasset" 2724
"../../../Engine/Content/EditorMaterials/ParticleSystems/PSysThumbnail_NoImage.uasset" 2725
"../../../Engine/Content/EditorMaterials/ParticleSystems/PSysThumbnail_OOD.uasset" 2726
"C:/Users/pduli/AppData/Local/UnrealEngine/Common/DerivedDataCache/Buckets/BulkDataList/c3/7f/970d00d6499f43eddd06bf5a7c2267ffaf77.udd" 2727
"C:/Users/pduli/AppData/Local/UnrealEngine/Common/DerivedDataCache/Buckets/BulkDataList/12/07/ec230464cedd707d2b23dea245e2348631db.udd" 2728
"../../../Engine/Content/EditorLandscapeResources/SplineEditorMesh.uasset" 2729
"../../../Engine/Content/EditorLandscapeResources/SplineEditorMeshMat.uasset" 2730
"../../../Engine/Content/EditorLandscapeResources/DataLayer.uasset" 2731
"../../../Engine/Content/EditorResources/S_Solver.uasset" 2732
"C:/Users/pduli/AppData/Local/UnrealEngine/Common/DerivedDataCache/Buckets/BulkDataList/95/a9/5da93f7f3ae4039320588e9d172ba69a160d.udd" 2733
"../../../Engine/Content/EngineDebugMaterials/VolumeToRender.uasset" 2734
"../../../Engine/Content/EngineDebugMaterials/M_VolumeRenderSphereTracePP.uasset" 2735
"C:/Users/pduli/AppData/Local/UnrealEngine/Common/DerivedDataCache/Buckets/BulkDataList/15/f3/33449bd4b000ee3a696f23a22590e2b055db.udd" 2736
"../../../Engine/Content/Functions/Engine_MaterialFunctions02/Utility/CameraDirectionVector.uasset" 2737
"../../../Engine/Content/Internationalization/icudt64l/coll/ucadata.icu" 2738
"../../../Engine/Content/Internationalization/icudt64l/coll/pl.res" 2739
"../../../Engine/Content/Internationalization/icudt64l/coll/root.res" 2740
"../../../Engine/Content/Animation/DefaultAnimBoneCompressionSettings.uasset" 2741
"../../../Engine/Content/Animation/DefaultRecorderBoneCompression.uasset" 2742
"../../../Engine/Content/Animation/DefaultAnimCurveCompressionSettings.uasset" 2743
"../../Plugins/Animation/ControlRig/Content/Controls/ControlRigXRayMaterial.uasset" 2744
"../../Plugins/Animation/ControlRig/Content/Controls/DefaultGizmoLibraryNormalized.uasset" 2745
"../../Plugins/Animation/ControlRig/Content/M_Manip.uasset" 2746
"../../../Engine/Content/Functions/Engine_MaterialFunctions02/WorldPositionOffset/CameraOffset.uasset" 2747
"../../Plugins/2D/Paper2D/Content/MaskedUnlitSpriteMaterial.uasset" 2748
"../../Plugins/2D/Paper2D/Content/DefaultSpriteMaterial.uasset" 2749
"../../Plugins/2D/Paper2D/Content/PlaceholderTextures/DummySpriteTexture.uasset" 2750
"C:/Users/pduli/AppData/Local/UnrealEngine/Common/DerivedDataCache/Buckets/BulkDataList/cc/9d/f06271cd4719967e88d6e5970d6bc7f1af1d.udd" 2751
"../../Plugins/2D/Paper2D/Content/OpaqueUnlitSpriteMaterial.uasset" 2752
"../../Plugins/2D/Paper2D/Content/DefaultPaperTerrainMaterial.uasset" 2753
"../../Plugins/2D/Paper2D/Content/DummySprite.uasset" 2754
"../../Plugins/Media/MediaPlate/Content/SM_MediaPlateScreen.uasset" 2755
"../../Plugins/Editor/SpeedTreeImporter/Content/SpeedTree9/SpeedTreeMaster.uasset" 2756
"../../../Engine/Content/Functions/Engine_MaterialFunctions02/ObjectLocalBounds.uasset" 2757
"../../../Engine/Content/Functions/Engine_MaterialFunctions02/SafeNormalize.uasset" 2758
"../../../Engine/Content/Functions/Engine_MaterialFunctions02/Utility/BreakOutFloat3Components.uasset" 2759
"../../../Engine/Content/Functions/Engine_MaterialFunctions02/Utility/VectorLength.uasset" 2760
"../../../Engine/Content/Functions/Engine_MaterialFunctions02/UVs/BoundingBoxBased_0-1_UVW.uasset" 2761
"../../../Engine/Content/Functions/Engine_MaterialFunctions02/WorldPositionOffset/ObjectScale.uasset" 2762
"../../Plugins/Editor/SpeedTreeImporter/Content/SpeedTree9/SpeedTreeBranchMotion.uasset" 2763
"../../Plugins/Editor/SpeedTreeImporter/Content/SpeedTree9/SpeedTreeWindMotion.uasset" 2764
"../../Plugins/Editor/SpeedTreeImporter/Content/SpeedTree9/game_wind_noise.uasset" 2765
"../../Plugins/Editor/SpeedTreeImporter/Content/SpeedTree9/UnpackDirection.uasset" 2766
"../../Plugins/Editor/SpeedTreeImporter/Content/SpeedTree9/UnpackInteger3.uasset" 2767
"../../Plugins/Editor/SpeedTreeImporter/Content/SpeedTree9/SpeedTreeCameraFacing.uasset" 2768
"../../Plugins/Editor/SpeedTreeImporter/Content/SpeedTree9/SpeedTreeWind.uasset" 2769
"../../Plugins/Editor/SpeedTreeImporter/Content/SpeedTree9/Empty.uasset" 2770
"../../Plugins/Editor/SpeedTreeImporter/Content/SpeedTree9/EmptyNormal.uasset" 2771
"C:/Users/pduli/AppData/Local/UnrealEngine/Common/DerivedDataCache/Buckets/BulkDataList/64/a7/9f421025cb0c8000f014e39536b19d2a6e4f.udd" 2772
"C:/Users/pduli/AppData/Local/UnrealEngine/Common/DerivedDataCache/Buckets/BulkDataList/dd/c4/fb9115bcfff646776ad01b87ea64ac09b12b.udd" 2773
"C:/Users/pduli/AppData/Local/UnrealEngine/Common/DerivedDataCache/Buckets/BulkDataList/89/1b/676a30b3f577966f8c022bf37e6b924fa76b.udd" 2774
"C:/Users/pduli/AppData/Local/UnrealEngine/Common/DerivedDataCache/Buckets/BulkDataPayloadId/93/1e/fa687e128aa134c7085da39d1269fafb1746.udd" 2775
"C:/Users/pduli/AppData/Local/UnrealEngine/Common/DerivedDataCache/Buckets/BulkDataPayloadId/ac/cc/a6aa9daa7cbf76c8953f7e3d2c201a8a54cb.udd" 2776
"../../Plugins/Editor/SpeedTreeImporter/Content/SpeedTree9/SpeedTreeBillboardMaster.uasset" 2777
"../../Plugins/Editor/SpeedTreeImporter/Content/SpeedTree9/SpeedTreeBillboard.uasset" 2778
"E:/UE Projects/SixMinutesAtChonkers/Saved/Config/WindowsEditor/ObjectMixerSerializedData.ini" 2779
"../../../Engine/Content/EngineMaterials/NaniteHiddenSectionMaterial.uasset" 2780
"../../../Engine/Content/EngineMaterials/RemoveSurfaceMaterial.uasset" 2781
"../../../Engine/Content/EngineDebugMaterials/DebugMeshMaterial.uasset" 2782
"../../../Engine/Content/EngineMaterials/EmissiveMeshMaterial.uasset" 2783
"../../../Engine/Content/EngineMaterials/DefaultWhiteGrid_Low.uasset" 2784
"C:/Users/pduli/AppData/Local/UnrealEngine/Common/DerivedDataCache/Buckets/BulkDataList/8a/a0/07feebbe334612c49259b289d7a9ba90915e.udd" 2785
"../../../Engine/Content/EngineMaterials/M_InvalidLightmapSettings.uasset" 2786
"../../../Engine/Content/EngineMaterials/InvalidLightmapSettings.uasset" 2787
"C:/Users/pduli/AppData/Local/UnrealEngine/Common/DerivedDataCache/Buckets/BulkDataList/49/37/ca6f22c58258905680cbac84bbd8a4ccf0a2.udd" 2788
"../../../Engine/Content/EngineMaterials/GizmoMaterial.uasset" 2789
"../../../Engine/Content/EngineMaterials/PhAT_JointLimitMaterial.uasset" 2790
"../../../Engine/Content/EngineMaterials/FlattenMaterial.uasset" 2791
"../../../Engine/Content/EngineMaterials/BaseFlattenDiffuseMap.uasset" 2792
"../../../Engine/Content/EngineMaterials/BaseFlattenEmissiveMap.uasset" 2793
"../../../Engine/Content/EngineMaterials/BaseFlattenGrayscaleMap.uasset" 2794
"../../../Engine/Content/EngineMaterials/BaseFlattenLinearColor.uasset" 2795
"../../../Engine/Content/EngineMaterials/BaseFlattenNormalMap.uasset" 2796
"../../../Engine/Content/Functions/Engine_MaterialFunctions02/PivotPainter2/Black_1x1_EXR_Texture.uasset" 2797
"C:/Users/pduli/AppData/Local/UnrealEngine/Common/DerivedDataCache/Buckets/BulkDataList/9f/9d/eccb627146ec207ca93debf551c01924b632.udd" 2798
"C:/Users/pduli/AppData/Local/UnrealEngine/Common/DerivedDataCache/Buckets/BulkDataList/b4/a7/66eaeab8f8d0a882f04ea96ea368c691a0f2.udd" 2799
"C:/Users/pduli/AppData/Local/UnrealEngine/Common/DerivedDataCache/Buckets/BulkDataList/5a/77/ef25d2da771236436b6bf5eebef3156253a1.udd" 2800
"C:/Users/pduli/AppData/Local/UnrealEngine/Common/DerivedDataCache/Buckets/BulkDataList/eb/e0/5f8b0bb0c928044d72697d684c4c7863debc.udd" 2801
"C:/Users/pduli/AppData/Local/UnrealEngine/Common/DerivedDataCache/Buckets/BulkDataList/cd/c9/8d633aeb44495d42d81907cfc48ed497edc3.udd" 2802
"C:/Users/pduli/AppData/Local/UnrealEngine/Common/DerivedDataCache/Buckets/BulkDataList/f9/40/3d7cd9a7ef80d4fe082b914fc6c8b9bcdab7.udd" 2803
"../../../Engine/Content/EngineMaterials/FlattenMaterial_VT.uasset" 2804
"../../../Engine/Content/EngineMaterials/BaseFlattenDiffuseMap_VT.uasset" 2805
"../../../Engine/Content/EngineMaterials/BaseFlattenEmissiveMap_VT.uasset" 2806
"../../../Engine/Content/EngineMaterials/BaseFlattenGrayscaleMap_VT.uasset" 2807
"../../../Engine/Content/EngineMaterials/BaseFlattenLinearColor_VT.uasset" 2808
"../../../Engine/Content/EngineMaterials/BaseFlattenNormalMap_VT.uasset" 2809
"../../../Engine/Content/EngineMaterials/Black_1x1_EXR_Texture_VT.uasset" 2810
"C:/Users/pduli/AppData/Local/UnrealEngine/Common/DerivedDataCache/Buckets/BulkDataList/96/42/69888836c41eab7f7f1ce72965280fe062c2.udd" 2811
"C:/Users/pduli/AppData/Local/UnrealEngine/Common/DerivedDataCache/Buckets/BulkDataList/f8/27/c084880e226d1e2dc56e315a5c7b5aff6930.udd" 2812
"C:/Users/pduli/AppData/Local/UnrealEngine/Common/DerivedDataCache/Buckets/BulkDataList/d1/7c/2ecfb073db72aa253ee16ca76e29610504fa.udd" 2813
"C:/Users/pduli/AppData/Local/UnrealEngine/Common/DerivedDataCache/Buckets/BulkDataList/b2/f6/4bdc6eac72a2f5eb0520e48602321e097262.udd" 2814
"C:/Users/pduli/AppData/Local/UnrealEngine/Common/DerivedDataCache/Buckets/BulkDataList/7b/3f/b6da0f687839e63a78de9d8b21e12a7764c8.udd" 2815
"C:/Users/pduli/AppData/Local/UnrealEngine/Common/DerivedDataCache/Buckets/BulkDataList/54/bb/3bbb8b9099932cf863a4ccdc719cdd451e69.udd" 2816
"../../../Engine/Content/EngineMaterials/FlattenMaterial_WS_Normal_VT.uasset" 2817
"../../../Engine/Content/EngineMaterials/Good64x64TilingNoiseHighFreq.uasset" 2818
"C:/Users/pduli/AppData/Local/UnrealEngine/Common/DerivedDataCache/Buckets/BulkDataList/5e/68/c5313026ad095eeaf6b296e5f161eb067c84.udd" 2819
"../../../Engine/Content/EngineMaterials/DefaultBokeh.uasset" 2820
"C:/Users/pduli/AppData/Local/UnrealEngine/Common/DerivedDataCache/Buckets/BulkDataList/77/92/780ddc6e666ccd92c4eb0716bb3af952f116.udd" 2821
"../../../Engine/Content/EngineMaterials/PreintegratedSkinBRDF.uasset" 2822
"C:/Users/pduli/AppData/Local/UnrealEngine/Common/DerivedDataCache/Buckets/BulkDataList/bc/91/66f9251471a70eb3766d9da5da063c68f474.udd" 2823
"../../../Engine/Content/EngineMaterials/MiniFont.uasset" 2824
"C:/Users/pduli/AppData/Local/UnrealEngine/Common/DerivedDataCache/Buckets/BulkDataList/db/00/55b2d6c49cf1604a0383acc4b647256d6ad2.udd" 2825
"../../../Engine/Content/EngineMaterials/WeightMapPlaceholderTexture.uasset" 2826
"C:/Users/pduli/AppData/Local/UnrealEngine/Common/DerivedDataCache/Buckets/BulkDataList/4e/99/a3a8ff528dcdb24a150745e36bc6831ce32f.udd" 2827
"../../../Engine/Content/EngineMaterials/DefaultWhiteGrid.uasset" 2828
"C:/Users/pduli/AppData/Local/UnrealEngine/Common/DerivedDataCache/Buckets/BulkDataList/83/7f/92bef04f3c09a6fe6f2e3c64994845e5b6c9.udd" 2829
"../../../Engine/Content/EngineMaterials/DefaultPhysicalMaterial.uasset" 2830
"../../../Engine/Content/EngineMaterials/DefaultDestructiblePhysicalMaterial.uasset" 2831
"C:/Users/pduli/AppData/Local/UnrealEngine/5.2/Saved/AutoLoadProject.txt" 2832
"../../../Engine/Content/EditorLandscapeResources/DefaultAlphaTexture.uasset" 2833
"C:/Users/pduli/AppData/Local/UnrealEngine/Common/DerivedDataCache/Buckets/BulkDataList/c3/91/71ad47e3bcd89da19b792f89cdd7d27b81dd.udd" 2834
"../../../Engine/Content/EditorResources/S_Terrain.uasset" 2835
"C:/Users/pduli/AppData/Local/UnrealEngine/Common/DerivedDataCache/Buckets/BulkDataList/cc/3e/b379129444db9655ef23284c9cfd77ae9211.udd" 2836
"../../../Engine/Content/BasicShapes/Cube.uasset" 2837
"../../../Engine/Content/BasicShapes/Sphere.uasset" 2838
"../../../Engine/Content/EngineMaterials/DefaultMaterial.uasset" 2839
"../../../Engine/Content/BasicShapes/Cylinder.uasset" 2840
"../../../Engine/Content/BasicShapes/Cone.uasset" 2841
"../../../Engine/Content/BasicShapes/Plane.uasset" 2842
"../../Plugins/Runtime/MeshModelingToolset/Content/Materials/M_DynamicMeshComponentVtxColor.uasset" 2843
"../../Plugins/FX/Niagara/Content/ParameterDefinitions/SpriteRenderer.uasset" 2844
"../../Plugins/FX/Niagara/Content/ParameterDefinitions/RibbonRenderer.uasset" 2845
"../../Plugins/FX/Niagara/Content/ParameterDefinitions/MeshRenderer.uasset" 2846
"../../Plugins/FX/Niagara/Content/ParameterDefinitions/LightRenderer.uasset" 2847
"../../Plugins/FX/Niagara/Content/ParameterDefinitions/DecalRenderer.uasset" 2848
"../../Plugins/FX/Niagara/Content/ParameterDefinitions/CoreParameters.uasset" 2849
"../../../Engine/Content/EditorResources/SequenceRecorder/Countdown.uasset" 2850
"C:/Users/pduli/AppData/Local/UnrealEngine/Common/DerivedDataCache/Buckets/BulkDataList/8a/96/aa7ced31252b35451f717273e79e1bb2bdce.udd" 2851
"../../../Engine/Content/EditorResources/SequenceRecorder/RecordingIndicator.uasset" 2852
"C:/Users/pduli/AppData/Local/UnrealEngine/Common/DerivedDataCache/Buckets/BulkDataList/63/2f/9b319294fbb85223b126eac22270804b6a2d.udd" 2853
"../../../Engine/Content/EditorMaterials/PhAT_UnselectedMaterial.uasset" 2854
"../../../Engine/Content/EditorMaterials/PhAT_NoCollisionMaterial.uasset" 2855
"E:/UE Projects/SixMinutesAtChonkers/Intermediate/ShaderAutogen/PCD3D_SM6/AutogenShaderHeaders.ush" 2856
"C:/Users/pduli/AppData/Local/UnrealEngine/Common/DerivedDataCache/Buckets/GlobalShaderMap/03/2b/ffbf1d20fb5f645e5c901310786712081752.udd" 2857
"C:/Users/pduli/AppData/Local/UnrealEngine/Common/DerivedDataCache/Buckets/GlobalShaderMap/95/ce/de8a49b40a316e37865533678320db75caaa.udd" 2858
"C:/Users/pduli/AppData/Local/UnrealEngine/Common/DerivedDataCache/Buckets/GlobalShaderMap/18/ab/7c41f2a33428f05b3da63e798f9c1005b876.udd" 2859
"C:/Users/pduli/AppData/Local/UnrealEngine/Common/DerivedDataCache/Buckets/GlobalShaderMap/00/77/793f7a182235f0f2d3815a19f0af5d4102d4.udd" 2860
"C:/Users/pduli/AppData/Local/UnrealEngine/Common/DerivedDataCache/Buckets/GlobalShaderMap/80/8a/a5d1a556f0fc8cb75805813ed9c48ef6503f.udd" 2861
"C:/Users/pduli/AppData/Local/UnrealEngine/Common/DerivedDataCache/Buckets/GlobalShaderMap/30/74/d5356d4a3ddae8f44974c2e5d45b2936539a.udd" 2862
"C:/Users/pduli/AppData/Local/UnrealEngine/Common/DerivedDataCache/Buckets/GlobalShaderMap/d5/70/d1a9c328b14a95124d71b1991348b65a8ae0.udd" 2863
"C:/Users/pduli/AppData/Local/UnrealEngine/Common/DerivedDataCache/Buckets/GlobalShaderMap/0b/44/adfdd653a2fbab221305ebaeee9a891610ea.udd" 2864
"C:/Users/pduli/AppData/Local/UnrealEngine/Common/DerivedDataCache/Buckets/GlobalShaderMap/ac/16/362600a689fee3fa10d4409c81c65ef93875.udd" 2865
"C:/Users/pduli/AppData/Local/UnrealEngine/Common/DerivedDataCache/Buckets/GlobalShaderMap/3b/82/39233b5efab78116ad57df9e8d130239a969.udd" 2866
"C:/Users/pduli/AppData/Local/UnrealEngine/Common/DerivedDataCache/Buckets/GlobalShaderMap/86/af/88955ab2bd7aab4f9a44f514b5268c79349e.udd" 2867
"C:/Users/pduli/AppData/Local/UnrealEngine/Common/DerivedDataCache/Buckets/GlobalShaderMap/93/95/1dee1c7dcbf888db43e827cc30c0ab61093a.udd" 2868
"C:/Users/pduli/AppData/Local/UnrealEngine/Common/DerivedDataCache/Buckets/GlobalShaderMap/51/5a/dac484540fb3e5466abca0525c4e40c9c8c3.udd" 2869
"C:/Users/pduli/AppData/Local/UnrealEngine/Common/DerivedDataCache/Buckets/GlobalShaderMap/3f/ca/f62562d9b60bf7b38b6f3224134b4d4c1355.udd" 2870
"C:/Users/pduli/AppData/Local/UnrealEngine/Common/DerivedDataCache/Buckets/GlobalShaderMap/ae/b5/3db78dd69ead8de5c8a7e5df7ecd5f72e930.udd" 2871
"C:/Users/pduli/AppData/Local/UnrealEngine/Common/DerivedDataCache/Buckets/GlobalShaderMap/49/0f/8e69c2c3cf5e3fde1904122f1841c1bd9a58.udd" 2872
"C:/Users/pduli/AppData/Local/UnrealEngine/Common/DerivedDataCache/Buckets/GlobalShaderMap/51/88/f762c36aad7cf4ca28effc8470f16cc87727.udd" 2873
"C:/Users/pduli/AppData/Local/UnrealEngine/Common/DerivedDataCache/Buckets/GlobalShaderMap/1e/90/a3975fa45e33223d2c77c487188e4930451b.udd" 2874
"C:/Users/pduli/AppData/Local/UnrealEngine/Common/DerivedDataCache/Buckets/GlobalShaderMap/19/cb/04fd01f83e60575bba36009220d9b4e19cef.udd" 2875
"C:/Users/pduli/AppData/Local/UnrealEngine/Common/DerivedDataCache/Buckets/GlobalShaderMap/95/20/2827b4e41cccf8700db76e1627a358ba7855.udd" 2876
"C:/Users/pduli/AppData/Local/UnrealEngine/Common/DerivedDataCache/Buckets/GlobalShaderMap/9f/03/643caa8a802fbe5ac4402423551b5d6c2d54.udd" 2877
"C:/Users/pduli/AppData/Local/UnrealEngine/Common/DerivedDataCache/Buckets/GlobalShaderMap/92/e9/f4a7fe6bd08e2e3383fc01ef1b76a92b3704.udd" 2878
"C:/Users/pduli/AppData/Local/UnrealEngine/Common/DerivedDataCache/Content/69/d1/275917e7c0b27f156455d91a6e515899a303.udd" 2879
"C:/Users/pduli/AppData/Local/UnrealEngine/Common/DerivedDataCache/Buckets/GlobalShaderMap/86/58/3b9c7e0128aec9be0ec496655ce55eef0e79.udd" 2880
"C:/Users/pduli/AppData/Local/UnrealEngine/Common/DerivedDataCache/Buckets/GlobalShaderMap/09/22/4380509ccec6a9f39efe6b53dce694f2303a.udd" 2881
"C:/Users/pduli/AppData/Local/UnrealEngine/Common/DerivedDataCache/Buckets/GlobalShaderMap/ca/f9/5c4b57e3b0d1532de7a45d2a0aa40db668d8.udd" 2882
"C:/Users/pduli/AppData/Local/UnrealEngine/Common/DerivedDataCache/Buckets/GlobalShaderMap/3d/bd/b4e16a3da03f2b315cd976c00d243107dde4.udd" 2883
"C:/Users/pduli/AppData/Local/UnrealEngine/Common/DerivedDataCache/Buckets/GlobalShaderMap/55/f8/8ef647b22ce79e8fd3a88ddd2c2a9fe2cc9b.udd" 2884
"C:/Users/pduli/AppData/Local/UnrealEngine/Common/DerivedDataCache/Buckets/GlobalShaderMap/bf/c0/a21629e464e406a9927915f203d2f59d1f0a.udd" 2885
"C:/Users/pduli/AppData/Local/UnrealEngine/Common/DerivedDataCache/Content/5d/10/f94d107c828f54cb176acdea6727a9bc27e5.udd" 2886
"C:/Users/pduli/AppData/Local/UnrealEngine/Common/DerivedDataCache/Buckets/GlobalShaderMap/2b/72/f8bee6d4fd32d8d2b9a07a15aaa17d9bf330.udd" 2887
"C:/Users/pduli/AppData/Local/UnrealEngine/Common/DerivedDataCache/Buckets/GlobalShaderMap/29/2f/ec27805a200beb7bef48fa419b90b0149865.udd" 2888
"C:/Users/pduli/AppData/Local/UnrealEngine/Common/DerivedDataCache/Buckets/GlobalShaderMap/05/d1/af3d97395196b9b40fe4a23d67218b0de92e.udd" 2889
"C:/Users/pduli/AppData/Local/UnrealEngine/Common/DerivedDataCache/Buckets/GlobalShaderMap/ed/31/e4c76659a39651ad92d8d9246830429deeea.udd" 2890
"C:/Users/pduli/AppData/Local/UnrealEngine/Common/DerivedDataCache/Buckets/GlobalShaderMap/cb/83/e3d5253ef8c4f04e14c2e1b9a19470e073a1.udd" 2891
"C:/Users/pduli/AppData/Local/UnrealEngine/Common/DerivedDataCache/Buckets/GlobalShaderMap/c6/63/963df28b6c7444e958938567c1bade9e8660.udd" 2892
"C:/Users/pduli/AppData/Local/UnrealEngine/Common/DerivedDataCache/Buckets/GlobalShaderMap/6c/e9/4177dcebbfbaffdb0a97adbea93ffd72281a.udd" 2893
"C:/Users/pduli/AppData/Local/UnrealEngine/Common/DerivedDataCache/Buckets/GlobalShaderMap/6f/2f/7db725e707f387a112ffa608465267f27269.udd" 2894
"C:/Users/pduli/AppData/Local/UnrealEngine/Common/DerivedDataCache/Buckets/GlobalShaderMap/89/2f/e8381293a71e99532f7b012b856fd2eb20cb.udd" 2895
"C:/Users/pduli/AppData/Local/UnrealEngine/Common/DerivedDataCache/Buckets/GlobalShaderMap/a9/11/9ce42e4c42c6fd82419463cbfe61107394ee.udd" 2896
"C:/Users/pduli/AppData/Local/UnrealEngine/Common/DerivedDataCache/Buckets/GlobalShaderMap/f0/24/f02e8f08dbd9b54324b06afe61e82e70a6d0.udd" 2897
"C:/Users/pduli/AppData/Local/UnrealEngine/Common/DerivedDataCache/Buckets/GlobalShaderMap/c3/5d/3216b9ccc633c731c7275ed83d8276624a80.udd" 2898
"C:/Users/pduli/AppData/Local/UnrealEngine/Common/DerivedDataCache/Buckets/GlobalShaderMap/09/83/70956abfd50e5cd22365ff0269fc2fe34b22.udd" 2899
"C:/Users/pduli/AppData/Local/UnrealEngine/Common/DerivedDataCache/Content/0f/5c/225b62438109faa5afcedb4942cddf7ab82b.udd" 2900
"C:/Users/pduli/AppData/Local/UnrealEngine/Common/DerivedDataCache/Buckets/GlobalShaderMap/56/11/8b5bef2aed8d7d4082453519aecf11708111.udd" 2901
"C:/Users/pduli/AppData/Local/UnrealEngine/Common/DerivedDataCache/Buckets/GlobalShaderMap/c4/b4/9c156e505786fc2084bc65c4086bb4ddb3d1.udd" 2902
"C:/Users/pduli/AppData/Local/UnrealEngine/Common/DerivedDataCache/Buckets/GlobalShaderMap/22/3f/520b34c3cc8ca61939d7b62380d6521e67d9.udd" 2903
"C:/Users/pduli/AppData/Local/UnrealEngine/Common/DerivedDataCache/Buckets/GlobalShaderMap/56/8a/dfd5bb76280640d0c2a910fb0d94896d188d.udd" 2904
"C:/Users/pduli/AppData/Local/UnrealEngine/Common/DerivedDataCache/Buckets/GlobalShaderMap/e1/3d/6a54eaee564e03ffbfde88f36f4c3994f357.udd" 2905
"C:/Users/pduli/AppData/Local/UnrealEngine/Common/DerivedDataCache/Content/1c/5a/d9b23bec38d6b5b47f9be29650d1f4304310.udd" 2906
"C:/Users/pduli/AppData/Local/UnrealEngine/Common/DerivedDataCache/Buckets/GlobalShaderMap/7c/73/375a1335c9200b664c96af26caa6aae01d70.udd" 2907
"C:/Users/pduli/AppData/Local/UnrealEngine/Common/DerivedDataCache/Buckets/GlobalShaderMap/b9/da/17e22464114d2569275cc8587e369c5c758c.udd" 2908
"C:/Users/pduli/AppData/Local/UnrealEngine/Common/DerivedDataCache/Buckets/GlobalShaderMap/cb/ee/2ff2a694dfe2e698fe2977c5bda2aa9ebc2f.udd" 2909
"C:/Users/pduli/AppData/Local/UnrealEngine/Common/DerivedDataCache/Buckets/GlobalShaderMap/ab/fd/3023c845a26a5748909d0f3e73d060f0b427.udd" 2910
"C:/Users/pduli/AppData/Local/UnrealEngine/Common/DerivedDataCache/Buckets/GlobalShaderMap/2a/f4/444ec05ee6b8958e0cc8e8cd972101b904d6.udd" 2911
"C:/Users/pduli/AppData/Local/UnrealEngine/Common/DerivedDataCache/Buckets/GlobalShaderMap/49/1a/75fad135b90c06f0bd17c08ff94540889db0.udd" 2912
"C:/Users/pduli/AppData/Local/UnrealEngine/Common/DerivedDataCache/Buckets/GlobalShaderMap/d2/31/35134ac585c3be622c0950459156bd0e0e49.udd" 2913
"C:/Users/pduli/AppData/Local/UnrealEngine/Common/DerivedDataCache/Buckets/GlobalShaderMap/4c/3e/b9062cdaa06ac88967ce3ea92c9dac5e23b4.udd" 2914
"C:/Users/pduli/AppData/Local/UnrealEngine/Common/DerivedDataCache/Buckets/GlobalShaderMap/5a/da/3cfb1201bd212285546fbb3355ee8874a2de.udd" 2915
"C:/Users/pduli/AppData/Local/UnrealEngine/Common/DerivedDataCache/Buckets/GlobalShaderMap/e1/59/fcdc116eb61d1788a663505bd5cf520319e6.udd" 2916
"C:/Users/pduli/AppData/Local/UnrealEngine/Common/DerivedDataCache/Buckets/GlobalShaderMap/07/0d/2112edea1873e28f81c9b1d17f6b76c451bb.udd" 2917
"C:/Users/pduli/AppData/Local/UnrealEngine/Common/DerivedDataCache/Buckets/GlobalShaderMap/5b/90/db79f520cb0f630a1d346702b2077970e7ab.udd" 2918
"C:/Users/pduli/AppData/Local/UnrealEngine/Common/DerivedDataCache/Buckets/GlobalShaderMap/3a/b0/998eaeb38d1e1b052e6e2bb0e4055e8019c4.udd" 2919
"C:/Users/pduli/AppData/Local/UnrealEngine/Common/DerivedDataCache/Buckets/GlobalShaderMap/9f/6b/903c09727e3db440a9693a4ef54870b6295d.udd" 2920
"C:/Users/pduli/AppData/Local/UnrealEngine/Common/DerivedDataCache/Buckets/GlobalShaderMap/b2/a6/ed5e130198ef47166013cc09570153822c17.udd" 2921
"C:/Users/pduli/AppData/Local/UnrealEngine/Common/DerivedDataCache/Buckets/GlobalShaderMap/dd/ba/d56742af48591de37fb81d33e8abc91b450c.udd" 2922
"C:/Users/pduli/AppData/Local/UnrealEngine/Common/DerivedDataCache/Buckets/GlobalShaderMap/a3/a0/a1e67f827a68863fb40b742521d5f50e7ff9.udd" 2923
"C:/Users/pduli/AppData/Local/UnrealEngine/Common/DerivedDataCache/Buckets/GlobalShaderMap/01/03/a4257cef9e2ed66e4bfbe9c9ddfbee1f9b93.udd" 2924
"C:/Users/pduli/AppData/Local/UnrealEngine/Common/DerivedDataCache/Buckets/GlobalShaderMap/aa/93/04424407339b05921563779440e635565f1e.udd" 2925
"C:/Users/pduli/AppData/Local/UnrealEngine/Common/DerivedDataCache/Content/ab/26/20f999fdd943cbaaf2e5e089b10e79916362.udd" 2926
"C:/Users/pduli/AppData/Local/UnrealEngine/Common/DerivedDataCache/Buckets/GlobalShaderMap/a5/1a/92808247f5e125ff53868458d310c6a44d9e.udd" 2927
"C:/Users/pduli/AppData/Local/UnrealEngine/Common/DerivedDataCache/Content/cc/68/2e571d5ec481a5fa57b07cadc2729e5553bc.udd" 2928
"C:/Users/pduli/AppData/Local/UnrealEngine/Common/DerivedDataCache/Buckets/GlobalShaderMap/8d/0b/6c9faaea9d7a78514a8447c2194ef4e40715.udd" 2929
"C:/Users/pduli/AppData/Local/UnrealEngine/Common/DerivedDataCache/Buckets/GlobalShaderMap/7a/e9/ba677e0262c871f3c4a7171ff6222a593330.udd" 2930
"C:/Users/pduli/AppData/Local/UnrealEngine/Common/DerivedDataCache/Buckets/GlobalShaderMap/39/e6/bb7b9145bafd20caaaf76c5a3ac68b0921e2.udd" 2931
"C:/Users/pduli/AppData/Local/UnrealEngine/Common/DerivedDataCache/Buckets/GlobalShaderMap/ca/9c/d5a2a3afcd8033023f8a8c7ed7d849117704.udd" 2932
"C:/Users/pduli/AppData/Local/UnrealEngine/Common/DerivedDataCache/Buckets/GlobalShaderMap/06/3e/a4e355b229644f4a6e1617ece1097c03306a.udd" 2933
"C:/Users/pduli/AppData/Local/UnrealEngine/Common/DerivedDataCache/Buckets/GlobalShaderMap/cc/51/12d0ed96d6d37a62d991da8eb739550575c0.udd" 2934
"C:/Users/pduli/AppData/Local/UnrealEngine/Common/DerivedDataCache/Buckets/GlobalShaderMap/3e/3f/ebef137215ad2b1bffe59cf399e1bc018d24.udd" 2935
"C:/Users/pduli/AppData/Local/UnrealEngine/Common/DerivedDataCache/Buckets/GlobalShaderMap/24/e7/e5f5bed67c0f3b5d821e77fb855704547d6d.udd" 2936
"C:/Users/pduli/AppData/Local/UnrealEngine/Common/DerivedDataCache/Buckets/GlobalShaderMap/90/1b/ddf73d6ec2122144174005f5faa7b133256e.udd" 2937
"C:/Users/pduli/AppData/Local/UnrealEngine/Common/DerivedDataCache/Buckets/GlobalShaderMap/b6/2f/f07b8a40d93fbafdc6b8397879da23892b5b.udd" 2938
"C:/Users/pduli/AppData/Local/UnrealEngine/Common/DerivedDataCache/Buckets/GlobalShaderMap/95/74/24ae86674f77376e5deb046cd8c6609cfbcc.udd" 2939
"C:/Users/pduli/AppData/Local/UnrealEngine/Common/DerivedDataCache/Buckets/GlobalShaderMap/1f/cf/7f596ba7987870aae10029d520a5282345bc.udd" 2940
"C:/Users/pduli/AppData/Local/UnrealEngine/Common/DerivedDataCache/Buckets/GlobalShaderMap/a7/ed/439236e533d042d7e0ab4b9bb55ead6e9ff7.udd" 2941
"C:/Users/pduli/AppData/Local/UnrealEngine/Common/DerivedDataCache/Buckets/GlobalShaderMap/b7/6f/1e5091cea0ed569008763a2eff603a19515f.udd" 2942
"C:/Users/pduli/AppData/Local/UnrealEngine/Common/DerivedDataCache/Buckets/GlobalShaderMap/de/34/2ff4fb3af4760fd9b8bb451c5b062b7261a7.udd" 2943
"C:/Users/pduli/AppData/Local/UnrealEngine/Common/DerivedDataCache/Buckets/GlobalShaderMap/92/55/b8a004f882b4b3577123c85c71a48430e43e.udd" 2944
"C:/Users/pduli/AppData/Local/UnrealEngine/Common/DerivedDataCache/Buckets/GlobalShaderMap/e9/f9/6bf9d40f46ea41a39c00b8aa0d5104dbd799.udd" 2945
"C:/Users/pduli/AppData/Local/UnrealEngine/Common/DerivedDataCache/Buckets/GlobalShaderMap/4f/8d/4e56c6f16db84e20a219b603775c9f1df69b.udd" 2946
"C:/Users/pduli/AppData/Local/UnrealEngine/Common/DerivedDataCache/Buckets/GlobalShaderMap/78/25/f1e65467b1f27da1c72242acd01a21d9a765.udd" 2947
"C:/Users/pduli/AppData/Local/UnrealEngine/Common/DerivedDataCache/Buckets/GlobalShaderMap/21/3d/00eec1ead2eaba6062c6b6a3a7ddce170f65.udd" 2948
"C:/Users/pduli/AppData/Local/UnrealEngine/Common/DerivedDataCache/Buckets/GlobalShaderMap/58/21/ef9305faf685c162296f81f9675d8fa53653.udd" 2949
"C:/Users/pduli/AppData/Local/UnrealEngine/Common/DerivedDataCache/Buckets/GlobalShaderMap/21/a7/abd1b11a752790d014067f8deb5276a5410b.udd" 2950
"C:/Users/pduli/AppData/Local/UnrealEngine/Common/DerivedDataCache/Buckets/GlobalShaderMap/51/ab/5a7b12337b7b2bc93c458501dacba48e0a1c.udd" 2951
"C:/Users/pduli/AppData/Local/UnrealEngine/Common/DerivedDataCache/Buckets/GlobalShaderMap/b3/7b/e47ce440fa35821961886f01673a0958410e.udd" 2952
"C:/Users/pduli/AppData/Local/UnrealEngine/Common/DerivedDataCache/Buckets/GlobalShaderMap/66/74/cfb2f9b4021a26b3dd00deb62a5fc8e8d586.udd" 2953
"C:/Users/pduli/AppData/Local/UnrealEngine/Common/DerivedDataCache/Content/72/9d/6a6a96cdfed64ff6984f369d2e486d57a6a6.udd" 2954
"C:/Users/pduli/AppData/Local/UnrealEngine/Common/DerivedDataCache/Buckets/GlobalShaderMap/70/0c/ac85def2e206ec098ce0509adecb6bf22410.udd" 2955
"C:/Users/pduli/AppData/Local/UnrealEngine/Common/DerivedDataCache/Content/aa/f9/671232838aaeff69e5e64c44c6536d5e0302.udd" 2956
"C:/Users/pduli/AppData/Local/UnrealEngine/Common/DerivedDataCache/Buckets/GlobalShaderMap/7c/84/39aef3a7cdf234a66202c1f508dd75b8ffed.udd" 2957
"C:/Users/pduli/AppData/Local/UnrealEngine/Common/DerivedDataCache/Buckets/GlobalShaderMap/73/1e/5b624f68c4b4abb38975fdf2f744886d04a5.udd" 2958
"C:/Users/pduli/AppData/Local/UnrealEngine/Common/DerivedDataCache/Buckets/GlobalShaderMap/7a/56/457df0de274d7d9e98860b5b9e979240957a.udd" 2959
"C:/Users/pduli/AppData/Local/UnrealEngine/Common/DerivedDataCache/Buckets/GlobalShaderMap/5b/cc/f88191301012eb939a5e0d30b232da540dd2.udd" 2960
"C:/Users/pduli/AppData/Local/UnrealEngine/Common/DerivedDataCache/Buckets/GlobalShaderMap/26/11/fb7f1d01f73d902e741951d3c6bda34f0785.udd" 2961
"C:/Users/pduli/AppData/Local/UnrealEngine/Common/DerivedDataCache/Buckets/GlobalShaderMap/a9/31/2330c439e065c0ef6f13f5a2985a272fb19b.udd" 2962
"C:/Users/pduli/AppData/Local/UnrealEngine/Common/DerivedDataCache/Buckets/GlobalShaderMap/36/22/96e269b7378d63b4f42e173efcd27317d29e.udd" 2963
"C:/Users/pduli/AppData/Local/UnrealEngine/Common/DerivedDataCache/Buckets/GlobalShaderMap/f1/61/9183e95643fd7396e2395c4eea2566cdc11a.udd" 2964
"C:/Users/pduli/AppData/Local/UnrealEngine/Common/DerivedDataCache/Buckets/GlobalShaderMap/10/d9/9603a9a2ac4fd13de2cd9be0c13a5509d88e.udd" 2965
"C:/Users/pduli/AppData/Local/UnrealEngine/Common/DerivedDataCache/Buckets/GlobalShaderMap/4d/5c/0901e97dec222680e10732550e071df2ec4a.udd" 2966
"C:/Users/pduli/AppData/Local/UnrealEngine/Common/DerivedDataCache/Buckets/GlobalShaderMap/27/78/2c9035a85ae1a846b2ee52bcb07fd6aa7517.udd" 2967
"C:/Users/pduli/AppData/Local/UnrealEngine/Common/DerivedDataCache/Buckets/GlobalShaderMap/63/fe/33e85cb31024c91c5784ccae124b175b7958.udd" 2968
"C:/Users/pduli/AppData/Local/UnrealEngine/Common/DerivedDataCache/Buckets/GlobalShaderMap/c9/6b/ad79c3b8c9e9aede295f63dbb148882cbfdc.udd" 2969
"C:/Users/pduli/AppData/Local/UnrealEngine/Common/DerivedDataCache/Buckets/GlobalShaderMap/45/d0/f159306a11cd8e745f321c8045e7d57f1f35.udd" 2970
"C:/Users/pduli/AppData/Local/UnrealEngine/Common/DerivedDataCache/Buckets/GlobalShaderMap/53/0f/c37e2f6bfaf74d9e4ee196af89b2f95fcff4.udd" 2971
"C:/Users/pduli/AppData/Local/UnrealEngine/Common/DerivedDataCache/Buckets/GlobalShaderMap/41/83/5a3a780bcc051f7cc3ac9c7af45723ac0c28.udd" 2972
"C:/Users/pduli/AppData/Local/UnrealEngine/Common/DerivedDataCache/Buckets/GlobalShaderMap/a0/98/6b7a0a85a113f5cea8a98c07e4941052c8b7.udd" 2973
"C:/Users/pduli/AppData/Local/UnrealEngine/Common/DerivedDataCache/Buckets/GlobalShaderMap/e9/3c/f401e35e580f183695c2fe6ec5e6bfe51d33.udd" 2974
"C:/Users/pduli/AppData/Local/UnrealEngine/Common/DerivedDataCache/Buckets/GlobalShaderMap/60/f6/b08253adee4c1948d5faced6e0ad10645b19.udd" 2975
"C:/Users/pduli/AppData/Local/UnrealEngine/Common/DerivedDataCache/Buckets/GlobalShaderMap/e0/e4/ffbda745941ac79398b9e229c7b492635a9f.udd" 2976
"C:/Users/pduli/AppData/Local/UnrealEngine/Common/DerivedDataCache/Buckets/GlobalShaderMap/bb/e5/924690657c13c1338886bb55f93636a56987.udd" 2977
"C:/Users/pduli/AppData/Local/UnrealEngine/Common/DerivedDataCache/Buckets/GlobalShaderMap/6f/e7/6ef23d90327a4a86109770a3c11781baaa0a.udd" 2978
"C:/Users/pduli/AppData/Local/UnrealEngine/Common/DerivedDataCache/Buckets/GlobalShaderMap/31/71/8ea85f78a6438df73c909c477a91034b1d2b.udd" 2979
"C:/Users/pduli/AppData/Local/UnrealEngine/Common/DerivedDataCache/Buckets/GlobalShaderMap/5e/ce/aca4b87e677929594c61df96743d2ea11d2c.udd" 2980
"C:/Users/pduli/AppData/Local/UnrealEngine/Common/DerivedDataCache/Buckets/GlobalShaderMap/9a/5c/e22f4ce7a4d33daa77a6616c901255a7b448.udd" 2981
"C:/Users/pduli/AppData/Local/UnrealEngine/Common/DerivedDataCache/Buckets/GlobalShaderMap/c0/ac/bdfbfdadef2eb02ccb596db85481b3911955.udd" 2982
"C:/Users/pduli/AppData/Local/UnrealEngine/Common/DerivedDataCache/Buckets/GlobalShaderMap/7c/8a/e5e9663cf487fe297aeda92f0980f3d9180b.udd" 2983
"C:/Users/pduli/AppData/Local/UnrealEngine/Common/DerivedDataCache/Buckets/GlobalShaderMap/36/1f/fbb8ea8d561f3541d5e44d10b8731431061d.udd" 2984
"C:/Users/pduli/AppData/Local/UnrealEngine/Common/DerivedDataCache/Buckets/GlobalShaderMap/76/b8/e68c2d335d214ea49dba2695a27e6f8fa421.udd" 2985
"C:/Users/pduli/AppData/Local/UnrealEngine/Common/DerivedDataCache/Buckets/GlobalShaderMap/b5/13/7d61bd67e4951de04f57f9d8d29dac91a31d.udd" 2986
"C:/Users/pduli/AppData/Local/UnrealEngine/Common/DerivedDataCache/Buckets/GlobalShaderMap/8b/47/3c94620ca26805c5cccc36f5b02126a7328b.udd" 2987
"C:/Users/pduli/AppData/Local/UnrealEngine/Common/DerivedDataCache/Buckets/GlobalShaderMap/73/c8/1317cb94ba9d98a7bba99fba304caa402036.udd" 2988
"C:/Users/pduli/AppData/Local/UnrealEngine/Common/DerivedDataCache/Content/7b/a1/6ad25d5e348f5cdef3bd41673117c8a0e4f1.udd" 2989
"C:/Users/pduli/AppData/Local/UnrealEngine/Common/DerivedDataCache/Buckets/GlobalShaderMap/99/85/d16f09863c50993ab788400ebc46dadfd5de.udd" 2990
"C:/Users/pduli/AppData/Local/UnrealEngine/Common/DerivedDataCache/Buckets/GlobalShaderMap/01/a8/c78a13e4b9fdee90f1600525d1dbca88023e.udd" 2991
"C:/Users/pduli/AppData/Local/UnrealEngine/Common/DerivedDataCache/Buckets/GlobalShaderMap/d6/46/aec79d5eb537b329d0d59b30fd96be2a7702.udd" 2992
"C:/Users/pduli/AppData/Local/UnrealEngine/Common/DerivedDataCache/Buckets/GlobalShaderMap/55/97/665230e8843a93cce333864e5cb2649b3190.udd" 2993
"C:/Users/pduli/AppData/Local/UnrealEngine/Common/DerivedDataCache/Buckets/GlobalShaderMap/33/1a/306c1a8a40eda0b16c5e951e2e599cdc6f52.udd" 2994
"C:/Users/pduli/AppData/Local/UnrealEngine/Common/DerivedDataCache/Buckets/GlobalShaderMap/10/46/f3531cec8ee0f15e28d15437d6acf8129188.udd" 2995
"C:/Users/pduli/AppData/Local/UnrealEngine/Common/DerivedDataCache/Buckets/GlobalShaderMap/7e/6e/1dd8ab371f196b219b1b1199c13f08f5dcf6.udd" 2996
"C:/Users/pduli/AppData/Local/UnrealEngine/Common/DerivedDataCache/Buckets/GlobalShaderMap/59/9a/ee26750ab9c96bccd6884d0b0756adf0aa4e.udd" 2997
"C:/Users/pduli/AppData/Local/UnrealEngine/Common/DerivedDataCache/Buckets/GlobalShaderMap/c7/cd/bc3a1a69944933661f8f809d8d1205960b01.udd" 2998
"C:/Users/pduli/AppData/Local/UnrealEngine/Common/DerivedDataCache/Buckets/GlobalShaderMap/78/f2/918ae2c069257bd85215423ec8da995b47a7.udd" 2999
"C:/Users/pduli/AppData/Local/UnrealEngine/Common/DerivedDataCache/Buckets/GlobalShaderMap/32/e5/a8af57247e2c8637286b8d0feeb7e8c93ee0.udd" 3000
"C:/Users/pduli/AppData/Local/UnrealEngine/Common/DerivedDataCache/Buckets/GlobalShaderMap/be/72/46ad3afb5269f12a46d11f4e78925d544632.udd" 3001
"C:/Users/pduli/AppData/Local/UnrealEngine/Common/DerivedDataCache/Buckets/GlobalShaderMap/9a/7d/3669c750af9d2d375798282fe6b80c7967e3.udd" 3002
"C:/Users/pduli/AppData/Local/UnrealEngine/Common/DerivedDataCache/Buckets/GlobalShaderMap/74/3c/6b2bd27e905e65fc4f38db6d61c615fbf938.udd" 3003
"C:/Users/pduli/AppData/Local/UnrealEngine/Common/DerivedDataCache/Buckets/GlobalShaderMap/bf/0c/ea5c8323828ff602927b54fa5ce48177ce0e.udd" 3004
"C:/Users/pduli/AppData/Local/UnrealEngine/Common/DerivedDataCache/Buckets/GlobalShaderMap/4c/83/15dc766d4a389284f8720f460a2bc1f78dd2.udd" 3005
"C:/Users/pduli/AppData/Local/UnrealEngine/Common/DerivedDataCache/Buckets/GlobalShaderMap/3a/f8/a9ba13efa61746206600be6e6bad98c8afa9.udd" 3006
"C:/Users/pduli/AppData/Local/UnrealEngine/Common/DerivedDataCache/Buckets/GlobalShaderMap/5f/5b/6c5ed230800594909137d2437a053221ad3a.udd" 3007
"C:/Users/pduli/AppData/Local/UnrealEngine/Common/DerivedDataCache/Buckets/GlobalShaderMap/5b/c7/e8e15bcbae14b8330ccf9459baa203304bda.udd" 3008
"C:/Users/pduli/AppData/Local/UnrealEngine/Common/DerivedDataCache/Buckets/GlobalShaderMap/fe/26/9b643ac6e4f0d436d86916863806b08f28c6.udd" 3009
"C:/Users/pduli/AppData/Local/UnrealEngine/Common/DerivedDataCache/Buckets/GlobalShaderMap/57/17/96f16e890d339a4db8b3d3ae215c8ad7c224.udd" 3010
"C:/Users/pduli/AppData/Local/UnrealEngine/Common/DerivedDataCache/Buckets/GlobalShaderMap/bd/95/3d513f4b3b794ced7b5a32775f1f349cac89.udd" 3011
"C:/Users/pduli/AppData/Local/UnrealEngine/Common/DerivedDataCache/Buckets/GlobalShaderMap/44/f8/b0b6e4d6abdf43b3788451654e63857915af.udd" 3012
"C:/Users/pduli/AppData/Local/UnrealEngine/Common/DerivedDataCache/Buckets/GlobalShaderMap/87/49/4887b8c8afa9a8ce8acac062c00683ec7fbc.udd" 3013
"C:/Users/pduli/AppData/Local/UnrealEngine/Common/DerivedDataCache/Buckets/GlobalShaderMap/18/84/f3e5f77eaa9788327912acdca03d3c5fbe1c.udd" 3014
"C:/Users/pduli/AppData/Local/UnrealEngine/Common/DerivedDataCache/Buckets/GlobalShaderMap/8e/ae/7de0bc89af6ec1b4f072448b4a0fed378079.udd" 3015
"C:/Users/pduli/AppData/Local/UnrealEngine/Common/DerivedDataCache/Buckets/GlobalShaderMap/0f/3d/48330b6e2aa93d07e9a1c1cba6dedcfbc171.udd" 3016
"C:/Users/pduli/AppData/Local/UnrealEngine/Common/DerivedDataCache/Buckets/GlobalShaderMap/9d/c9/e3f8ee4de4e5593ecf69f77e5059b8a74b83.udd" 3017
"C:/Users/pduli/AppData/Local/UnrealEngine/Common/DerivedDataCache/Buckets/GlobalShaderMap/07/3d/c15864b5f0cf7fe062beb5db8cc80899dcde.udd" 3018
"C:/Users/pduli/AppData/Local/UnrealEngine/Common/DerivedDataCache/Buckets/GlobalShaderMap/e8/ca/d4f3084f2a46311212241f1a234f016d1cb5.udd" 3019
"C:/Users/pduli/AppData/Local/UnrealEngine/Common/DerivedDataCache/Buckets/GlobalShaderMap/c3/3e/00af7a38fc2ad5c5ef4b92d5718b36aa8d49.udd" 3020
"C:/Users/pduli/AppData/Local/UnrealEngine/Common/DerivedDataCache/Buckets/GlobalShaderMap/6f/ca/6d9e1cc66d542605f614a237a1f560ef578b.udd" 3021
"C:/Users/pduli/AppData/Local/UnrealEngine/Common/DerivedDataCache/Buckets/GlobalShaderMap/eb/5f/588f923ac34d166ebcfa3026b17a4570288c.udd" 3022
"C:/Users/pduli/AppData/Local/UnrealEngine/Common/DerivedDataCache/Buckets/GlobalShaderMap/8d/09/b82343c141ceeee00b7323340f8b36885496.udd" 3023
"C:/Users/pduli/AppData/Local/UnrealEngine/Common/DerivedDataCache/Buckets/GlobalShaderMap/7e/89/4d95588331c0feb5a163e951e6a14191bc83.udd" 3024
"C:/Users/pduli/AppData/Local/UnrealEngine/Common/DerivedDataCache/Buckets/GlobalShaderMap/39/bc/62bab4abdd3acf876388b671ca80701e5c51.udd" 3025
"C:/Users/pduli/AppData/Local/UnrealEngine/Common/DerivedDataCache/Buckets/GlobalShaderMap/6f/3c/65ec5109c285b634d225546f4f7ae841903f.udd" 3026
"C:/Users/pduli/AppData/Local/UnrealEngine/Common/DerivedDataCache/Buckets/GlobalShaderMap/7b/6c/f7f7480265aa9d6dc5622e4a87d9d24e399b.udd" 3027
"C:/Users/pduli/AppData/Local/UnrealEngine/Common/DerivedDataCache/Buckets/GlobalShaderMap/7c/a3/406accc4c8a432e66b1f6fdcaeb7e706b13a.udd" 3028
"C:/Users/pduli/AppData/Local/UnrealEngine/Common/DerivedDataCache/Buckets/GlobalShaderMap/9e/cd/4dbab14dee903e1e8afc55d310d902e08ff8.udd" 3029
"C:/Users/pduli/AppData/Local/UnrealEngine/Common/DerivedDataCache/Buckets/GlobalShaderMap/14/88/3dc5a5edddce4367cc842a29d54db288f2fa.udd" 3030
"C:/Users/pduli/AppData/Local/UnrealEngine/Common/DerivedDataCache/Buckets/GlobalShaderMap/c4/8c/48d5aaec71ee56a11028e3d2ef016ce501e5.udd" 3031
"C:/Users/pduli/AppData/Local/UnrealEngine/Common/DerivedDataCache/Buckets/GlobalShaderMap/a5/86/5c13d0dca3e298b3728cf116987b3739668e.udd" 3032
"C:/Users/pduli/AppData/Local/UnrealEngine/Common/DerivedDataCache/Buckets/GlobalShaderMap/92/ca/bafa9394277b3521d7e64805f035f691e1f4.udd" 3033
"C:/Users/pduli/AppData/Local/UnrealEngine/Common/DerivedDataCache/Buckets/GlobalShaderMap/d4/63/263e1ce7e4d1ca5f0b34f33d05ea45e4de64.udd" 3034
"C:/Users/pduli/AppData/Local/UnrealEngine/Common/DerivedDataCache/Buckets/GlobalShaderMap/08/2e/f83091bba092a6abf461996ae36c44774c16.udd" 3035
"C:/Users/pduli/AppData/Local/UnrealEngine/Common/DerivedDataCache/Buckets/GlobalShaderMap/25/c6/ecca7141bbd7830fb215d936427e8abfccb7.udd" 3036
"C:/Users/pduli/AppData/Local/UnrealEngine/Common/DerivedDataCache/Buckets/GlobalShaderMap/0e/b6/1e84c640eeb8e020ea69b03c809935c62c7c.udd" 3037
"C:/Users/pduli/AppData/Local/UnrealEngine/Common/DerivedDataCache/Buckets/GlobalShaderMap/cf/68/a3f14327f6756ec663be70e3d0e96e8e9584.udd" 3038
"C:/Users/pduli/AppData/Local/UnrealEngine/Common/DerivedDataCache/Buckets/GlobalShaderMap/2a/ee/2379c1030eed911a2e21e87081acfa016f65.udd" 3039
"C:/Users/pduli/AppData/Local/UnrealEngine/Common/DerivedDataCache/Buckets/GlobalShaderMap/39/40/85038f9b55312ed47acd2baafb9e1d53439c.udd" 3040
"C:/Users/pduli/AppData/Local/UnrealEngine/Common/DerivedDataCache/Buckets/GlobalShaderMap/71/f4/4394bd9c95d4fdc062fc59903f43f2dbd320.udd" 3041
"C:/Users/pduli/AppData/Local/UnrealEngine/Common/DerivedDataCache/Buckets/GlobalShaderMap/9d/5d/b4d1dd974d7beaa6ec8ffa749cf587e22a77.udd" 3042
"C:/Users/pduli/AppData/Local/UnrealEngine/Common/DerivedDataCache/Buckets/GlobalShaderMap/fa/e5/5cc4551960ae86e5a38dd53cf5165fc03176.udd" 3043
"C:/Users/pduli/AppData/Local/UnrealEngine/Common/DerivedDataCache/Buckets/GlobalShaderMap/49/e3/94399b53cf2b7936ddc4224c0c4d6d4ea487.udd" 3044
"C:/Users/pduli/AppData/Local/UnrealEngine/Common/DerivedDataCache/Buckets/GlobalShaderMap/3a/69/d169c5ceb3fb28f343616b6df4ac7c52ad02.udd" 3045
"C:/Users/pduli/AppData/Local/UnrealEngine/Common/DerivedDataCache/Buckets/GlobalShaderMap/12/58/fad72760e56c547de2ee58a96b0427aa3784.udd" 3046
"C:/Users/pduli/AppData/Local/UnrealEngine/Common/DerivedDataCache/Buckets/GlobalShaderMap/80/d3/acea6779564471fe2d5c960a65867503b71d.udd" 3047
"C:/Users/pduli/AppData/Local/UnrealEngine/Common/DerivedDataCache/Buckets/GlobalShaderMap/55/6d/db38fee10e49fcb4a657c03cd275ab5b6cfd.udd" 3048
"C:/Users/pduli/AppData/Local/UnrealEngine/Common/DerivedDataCache/Buckets/GlobalShaderMap/cf/8f/c132afc70133152bd59f25a89bd3eb4c68dd.udd" 3049
"C:/Users/pduli/AppData/Local/UnrealEngine/Common/DerivedDataCache/Buckets/GlobalShaderMap/58/9b/a110adb93a751c4dee817ab6f9e8f4f51841.udd" 3050
"C:/Users/pduli/AppData/Local/UnrealEngine/Common/DerivedDataCache/Buckets/GlobalShaderMap/7e/b8/4cb369b36fac4fdf555c811304cb039b7604.udd" 3051
"C:/Users/pduli/AppData/Local/UnrealEngine/Common/DerivedDataCache/Buckets/GlobalShaderMap/c6/08/c55d6ebb061d88c47480a6eacb25e14af5d8.udd" 3052
"C:/Users/pduli/AppData/Local/UnrealEngine/Common/DerivedDataCache/Buckets/GlobalShaderMap/84/bb/6e92b5ec85b2b3bd2be2b23dc29d1402f80d.udd" 3053
"C:/Users/pduli/AppData/Local/UnrealEngine/Common/DerivedDataCache/Buckets/GlobalShaderMap/ec/d1/f021477753c7eaaebaec9468bfc1d773329f.udd" 3054
"C:/Users/pduli/AppData/Local/UnrealEngine/Common/DerivedDataCache/Buckets/GlobalShaderMap/ef/b2/fba1e513de561ccba8837ba727385fcb8f3c.udd" 3055
"C:/Users/pduli/AppData/Local/UnrealEngine/Common/DerivedDataCache/Buckets/GlobalShaderMap/54/83/e552656f427315e5bf1b93cfeb98524e11ae.udd" 3056
"C:/Users/pduli/AppData/Local/UnrealEngine/Common/DerivedDataCache/Buckets/GlobalShaderMap/8f/ab/b1f8339c5452a9cc3ab07aa1131de026dabc.udd" 3057
"C:/Users/pduli/AppData/Local/UnrealEngine/Common/DerivedDataCache/Buckets/GlobalShaderMap/88/8c/aa3d3e59c56b7c85513c226affac74336eab.udd" 3058
"C:/Users/pduli/AppData/Local/UnrealEngine/Common/DerivedDataCache/Buckets/GlobalShaderMap/35/82/9e731bf09e593953e89d205fab5fb3996d37.udd" 3059
"C:/Users/pduli/AppData/Local/UnrealEngine/Common/DerivedDataCache/Buckets/GlobalShaderMap/06/29/2f7e3b3554a8a4d3f014e4ba24fe0cec83ee.udd" 3060
"C:/Users/pduli/AppData/Local/UnrealEngine/Common/DerivedDataCache/Buckets/GlobalShaderMap/a4/7d/d4d0d16eadca66e873fb1d259ca25e3db020.udd" 3061
"C:/Users/pduli/AppData/Local/UnrealEngine/Common/DerivedDataCache/Buckets/GlobalShaderMap/bf/9d/c2c159a86c7d0c62f032c3a04a8695283133.udd" 3062
"C:/Users/pduli/AppData/Local/UnrealEngine/Common/DerivedDataCache/Buckets/GlobalShaderMap/b8/40/2d61e7c19c7a39e01eacaab9a59defaa9e8e.udd" 3063
"C:/Users/pduli/AppData/Local/UnrealEngine/Common/DerivedDataCache/Buckets/GlobalShaderMap/04/ec/88237570da8a6516f3cf44860834fac89780.udd" 3064
"C:/Users/pduli/AppData/Local/UnrealEngine/Common/DerivedDataCache/Buckets/GlobalShaderMap/75/02/f9bc8f8c8bedb0dad886f755ec999c3f953f.udd" 3065
"C:/Users/pduli/AppData/Local/UnrealEngine/Common/DerivedDataCache/Buckets/GlobalShaderMap/6f/18/aec8fc13ca705c0c5eb1648f510648305062.udd" 3066
"C:/Users/pduli/AppData/Local/UnrealEngine/Common/DerivedDataCache/Buckets/GlobalShaderMap/d3/5e/e8477dfad22ede04b3876724c48efe4a970c.udd" 3067
"C:/Users/pduli/AppData/Local/UnrealEngine/Common/DerivedDataCache/Buckets/GlobalShaderMap/09/d8/279dabfb4f40f3a6a3211ad5e12c8f9beca7.udd" 3068
"C:/Users/pduli/AppData/Local/UnrealEngine/Common/DerivedDataCache/Buckets/GlobalShaderMap/b8/be/ed0c0f31857d5f8ac3309446ab8a40a93e81.udd" 3069
"C:/Users/pduli/AppData/Local/UnrealEngine/Common/DerivedDataCache/Buckets/GlobalShaderMap/2d/f7/16803f7ef5dfcfd374deff6f9487da3c0243.udd" 3070
"C:/Users/pduli/AppData/Local/UnrealEngine/Common/DerivedDataCache/Buckets/GlobalShaderMap/50/21/179e5cb1b503a9846a2a397b9ed5aab66ce2.udd" 3071
"C:/Users/pduli/AppData/Local/UnrealEngine/Common/DerivedDataCache/Buckets/GlobalShaderMap/45/7a/0bddd7239056cf8de942f70a726f26f6c56d.udd" 3072
"C:/Users/pduli/AppData/Local/UnrealEngine/Common/DerivedDataCache/Buckets/GlobalShaderMap/c3/dd/e18b0e4055d7bad8ca60b0fc3f02392fe814.udd" 3073
"C:/Users/pduli/AppData/Local/UnrealEngine/Common/DerivedDataCache/Buckets/GlobalShaderMap/73/64/ea71e10b5dde1ddd400f5152337550bafa3c.udd" 3074
"C:/Users/pduli/AppData/Local/UnrealEngine/Common/DerivedDataCache/Buckets/GlobalShaderMap/44/79/3a3ba9a7a6c87aaca7b420cabff0a994515f.udd" 3075
"C:/Users/pduli/AppData/Local/UnrealEngine/Common/DerivedDataCache/Buckets/GlobalShaderMap/0d/c4/286d54ead2516d72f07dba62f52b3fb877f2.udd" 3076
"C:/Users/pduli/AppData/Local/UnrealEngine/Common/DerivedDataCache/Buckets/GlobalShaderMap/95/f6/2bd8a2b277e8fb38ab05f0cfbd390ecf9b21.udd" 3077
"C:/Users/pduli/AppData/Local/UnrealEngine/Common/DerivedDataCache/Buckets/GlobalShaderMap/22/8b/d694b693a5e987ea10cd6ad9e258d5d04734.udd" 3078
"C:/Users/pduli/AppData/Local/UnrealEngine/Common/DerivedDataCache/Buckets/GlobalShaderMap/fe/a9/a8cef2f41d8f3d82701955dd37f284d2a163.udd" 3079
"C:/Users/pduli/AppData/Local/UnrealEngine/Common/DerivedDataCache/Buckets/GlobalShaderMap/92/12/0740f49017511abe15d5c28c6f8a46ed2553.udd" 3080
"C:/Users/pduli/AppData/Local/UnrealEngine/Common/DerivedDataCache/Buckets/GlobalShaderMap/91/cf/d7ae7eff1154a625155253f06896cc00ae37.udd" 3081
"C:/Users/pduli/AppData/Local/UnrealEngine/Common/DerivedDataCache/Buckets/GlobalShaderMap/56/57/3cd5081afad3c4f42c1ace0b3a9f863403bc.udd" 3082
"C:/Users/pduli/AppData/Local/UnrealEngine/Common/DerivedDataCache/Buckets/GlobalShaderMap/60/f9/e91ee330a8ff602d527f10d2abdded8bfc68.udd" 3083
"C:/Users/pduli/AppData/Local/UnrealEngine/Common/DerivedDataCache/Buckets/GlobalShaderMap/3a/0d/2925db154d366d6c31de1ad3e2e6ea5e4d1a.udd" 3084
"C:/Users/pduli/AppData/Local/UnrealEngine/Common/DerivedDataCache/Buckets/GlobalShaderMap/40/e8/550aef5666079b9dee959432d56e85aad30e.udd" 3085
"C:/Users/pduli/AppData/Local/UnrealEngine/Common/DerivedDataCache/Buckets/GlobalShaderMap/1e/06/8aae307fb2f5c7d9be18eb8d0502e12c3d60.udd" 3086
"C:/Users/pduli/AppData/Local/UnrealEngine/Common/DerivedDataCache/Buckets/GlobalShaderMap/65/73/6f6bbc0dbb2eb74a0c5a6824efa06864ee0b.udd" 3087
"C:/Users/pduli/AppData/Local/UnrealEngine/Common/DerivedDataCache/Buckets/GlobalShaderMap/c7/2c/0952de513a2aa0db4e89538874fb00802145.udd" 3088
"C:/Users/pduli/AppData/Local/UnrealEngine/Common/DerivedDataCache/Buckets/GlobalShaderMap/e2/a1/2109b541228363cbe56a620a64efee052775.udd" 3089
"C:/Users/pduli/AppData/Local/UnrealEngine/Common/DerivedDataCache/Buckets/GlobalShaderMap/49/16/863881042c27c65668f4692b091d4c63fcc0.udd" 3090
"C:/Users/pduli/AppData/Local/UnrealEngine/Common/DerivedDataCache/Buckets/GlobalShaderMap/80/16/5f970bc504b7b20e603e7aace64c79946a0b.udd" 3091
"C:/Users/pduli/AppData/Local/UnrealEngine/Common/DerivedDataCache/Buckets/GlobalShaderMap/78/33/4ba14b207463a5f3fead2b6ef4ffa5d1470e.udd" 3092
"C:/Users/pduli/AppData/Local/UnrealEngine/Common/DerivedDataCache/Buckets/GlobalShaderMap/e4/f1/9a934e7dc47ac6af3d09d2fdbbfb797bf2a4.udd" 3093
"C:/Users/pduli/AppData/Local/UnrealEngine/Common/DerivedDataCache/Buckets/GlobalShaderMap/d6/d2/262a70302f753d0c687b7df61520439c4918.udd" 3094
"C:/Users/pduli/AppData/Local/UnrealEngine/Common/DerivedDataCache/Buckets/GlobalShaderMap/63/30/52d59e72810bf104a11fea22ba7fd9929c1a.udd" 3095
"C:/Users/pduli/AppData/Local/UnrealEngine/Common/DerivedDataCache/Buckets/GlobalShaderMap/0a/70/7e0239914d658b5741384702df4ebe450e56.udd" 3096
"C:/Users/pduli/AppData/Local/UnrealEngine/Common/DerivedDataCache/Buckets/GlobalShaderMap/c8/4c/27f1822b1719f461467d128c3a39f5383f98.udd" 3097
"C:/Users/pduli/AppData/Local/UnrealEngine/Common/DerivedDataCache/Buckets/GlobalShaderMap/70/5f/3f9784283b15567e1f938504dab421e6e008.udd" 3098
"C:/Users/pduli/AppData/Local/UnrealEngine/Common/DerivedDataCache/Buckets/GlobalShaderMap/2c/15/b8ad8880c329e8b8a955e0347ba75c9efc34.udd" 3099
"C:/Users/pduli/AppData/Local/UnrealEngine/Common/DerivedDataCache/Buckets/GlobalShaderMap/48/e7/6e910d06a4af06de9ea915b366ce2089ee50.udd" 3100
"C:/Users/pduli/AppData/Local/UnrealEngine/Common/DerivedDataCache/Buckets/GlobalShaderMap/3c/3b/78e0d2f18283ea561bbf702fc8d9e250c3d0.udd" 3101
"C:/Users/pduli/AppData/Local/UnrealEngine/Common/DerivedDataCache/Buckets/GlobalShaderMap/79/cb/830f6cfe16a9129679036e53b1b70d5f2511.udd" 3102
"C:/Users/pduli/AppData/Local/UnrealEngine/Common/DerivedDataCache/Buckets/GlobalShaderMap/db/4f/cbd47273f178406ed4bcbf437c28ea24ae9c.udd" 3103
"C:/Users/pduli/AppData/Local/UnrealEngine/Common/DerivedDataCache/Buckets/GlobalShaderMap/43/f1/136b229685a4e79bc1cc26f4923e94a2262b.udd" 3104
"C:/Users/pduli/AppData/Local/UnrealEngine/Common/DerivedDataCache/Buckets/GlobalShaderMap/e0/02/f9d3dd37a95685ad678b1f6b4cb64942e721.udd" 3105
"C:/Users/pduli/AppData/Local/UnrealEngine/Common/DerivedDataCache/Buckets/GlobalShaderMap/40/fd/801e3b7b33b1db0e459f9873c3461c827303.udd" 3106
"C:/Users/pduli/AppData/Local/UnrealEngine/Common/DerivedDataCache/Buckets/GlobalShaderMap/9e/6c/8b940af8e80906ced12dbaec34bd8b32023e.udd" 3107
"C:/Users/pduli/AppData/Local/UnrealEngine/Common/DerivedDataCache/Buckets/GlobalShaderMap/27/39/daef59381a47df020a6ef6e83b9a57a5e1d4.udd" 3108
"C:/Users/pduli/AppData/Local/UnrealEngine/Common/DerivedDataCache/Buckets/GlobalShaderMap/eb/54/b6fbe92393cc58055ccb98cb2720e380133c.udd" 3109
"C:/Users/pduli/AppData/Local/UnrealEngine/Common/DerivedDataCache/Buckets/GlobalShaderMap/50/ab/493eef7ec7b60d9971fde99716a5911e4644.udd" 3110
"C:/Users/pduli/AppData/Local/UnrealEngine/Common/DerivedDataCache/Buckets/GlobalShaderMap/24/29/a92964e33e79ec96d7c23bdcfaabaf6a12f6.udd" 3111
"C:/Users/pduli/AppData/Local/UnrealEngine/Common/DerivedDataCache/Buckets/GlobalShaderMap/30/cf/f1ef93bc45e9c291935b7d9752add88c72fc.udd" 3112
"C:/Users/pduli/AppData/Local/UnrealEngine/Common/DerivedDataCache/Buckets/GlobalShaderMap/20/07/765325d02be0072c39cb6efccbc92d9fc80e.udd" 3113
"C:/Users/pduli/AppData/Local/UnrealEngine/Common/DerivedDataCache/Buckets/GlobalShaderMap/5d/b5/2b7fdc08177efa2fcbdfff22252ae6074093.udd" 3114
"C:/Users/pduli/AppData/Local/UnrealEngine/Common/DerivedDataCache/Buckets/GlobalShaderMap/04/58/aa0132bd3d45b11df60942851076325ec72d.udd" 3115
"C:/Users/pduli/AppData/Local/UnrealEngine/Common/DerivedDataCache/Buckets/GlobalShaderMap/a9/fb/e2907de097ecbd886986bb24f886eaf84c81.udd" 3116
"C:/Users/pduli/AppData/Local/UnrealEngine/Common/DerivedDataCache/Buckets/GlobalShaderMap/c6/43/0d288961231be88bcdf2fa7c8b475b3c8d15.udd" 3117
"C:/Users/pduli/AppData/Local/UnrealEngine/Common/DerivedDataCache/Buckets/GlobalShaderMap/2e/07/aab3d3b55d5ad2687a097b1277d530e0371c.udd" 3118
"C:/Users/pduli/AppData/Local/UnrealEngine/Common/DerivedDataCache/Buckets/GlobalShaderMap/cf/24/1ee579e677f004d28cd4a5bc04a30fb3e6c1.udd" 3119
"C:/Users/pduli/AppData/Local/UnrealEngine/Common/DerivedDataCache/Buckets/GlobalShaderMap/de/74/3138e9f7df6c53d62a5b04528e81382bc010.udd" 3120
"C:/Users/pduli/AppData/Local/UnrealEngine/Common/DerivedDataCache/Buckets/GlobalShaderMap/e7/35/51935d84c9959e987eb45b650c6e1ee3fa64.udd" 3121
"C:/Users/pduli/AppData/Local/UnrealEngine/Common/DerivedDataCache/Buckets/GlobalShaderMap/ed/08/22dc5d17ae58c70555c9cbfddea2e9791b10.udd" 3122
"C:/Users/pduli/AppData/Local/UnrealEngine/Common/DerivedDataCache/Buckets/GlobalShaderMap/d1/77/442f4b7407402b970d9b5255f64949d2cff4.udd" 3123
"C:/Users/pduli/AppData/Local/UnrealEngine/Common/DerivedDataCache/Buckets/GlobalShaderMap/33/fc/b19339830a7b335a4d9c0db684a7670e6918.udd" 3124
"C:/Users/pduli/AppData/Local/UnrealEngine/Common/DerivedDataCache/Buckets/GlobalShaderMap/02/58/3fc1d6334e6e0bb3041684c934b2b6aea7b4.udd" 3125
"C:/Users/pduli/AppData/Local/UnrealEngine/Common/DerivedDataCache/Buckets/GlobalShaderMap/b7/ca/dccf905a7c24af022ebdf9303bed542b6a7a.udd" 3126
"C:/Users/pduli/AppData/Local/UnrealEngine/Common/DerivedDataCache/Buckets/GlobalShaderMap/96/d8/1beca4d54727f1b4c829cb8f6a71b5045aba.udd" 3127
"C:/Users/pduli/AppData/Local/UnrealEngine/Common/DerivedDataCache/Buckets/GlobalShaderMap/23/b2/c1171aca59a3d90033547ffe0e2ab0306152.udd" 3128
"C:/Users/pduli/AppData/Local/UnrealEngine/Common/DerivedDataCache/Buckets/GlobalShaderMap/87/83/ab887e7e412f63f71e71137dcdd51681d990.udd" 3129
"C:/Users/pduli/AppData/Local/UnrealEngine/Common/DerivedDataCache/Buckets/GlobalShaderMap/e5/a6/9b1752eeb6b2cb9a395a3cdf3ab210618d3c.udd" 3130
"C:/Users/pduli/AppData/Local/UnrealEngine/Common/DerivedDataCache/Buckets/GlobalShaderMap/42/ec/9b56d8fef1c7b9a4694ad4cc910388b55498.udd" 3131
"C:/Users/pduli/AppData/Local/UnrealEngine/Common/DerivedDataCache/Buckets/GlobalShaderMap/c8/7c/ea623bceecf2d511c7e09c82d014a3587373.udd" 3132
"C:/Users/pduli/AppData/Local/UnrealEngine/Common/DerivedDataCache/Buckets/GlobalShaderMap/06/8a/dd727714c95c00d6639d5b4e2c84b7e15345.udd" 3133
"C:/Users/pduli/AppData/Local/UnrealEngine/Common/DerivedDataCache/Buckets/GlobalShaderMap/81/90/e53ca2965399acb7d3e075be5cc0e6bf583e.udd" 3134
"C:/Users/pduli/AppData/Local/UnrealEngine/Common/DerivedDataCache/Buckets/GlobalShaderMap/79/89/f8b6514bd42edbf7625b37210644abfa664f.udd" 3135
"C:/Users/pduli/AppData/Local/UnrealEngine/Common/DerivedDataCache/Buckets/GlobalShaderMap/bc/27/3893a46206e10bda30f27826274055d7976d.udd" 3136
"C:/Users/pduli/AppData/Local/UnrealEngine/Common/DerivedDataCache/Buckets/GlobalShaderMap/16/75/9916d012d730b5147d0cb94aae3a7f792090.udd" 3137
"C:/Users/pduli/AppData/Local/UnrealEngine/Common/DerivedDataCache/Buckets/GlobalShaderMap/73/f4/4ad5fff96baa9415f5b294c90191ac243c13.udd" 3138
"C:/Users/pduli/AppData/Local/UnrealEngine/Common/DerivedDataCache/Buckets/GlobalShaderMap/ed/f6/0e7d6b9838386e983feb4cdabc598886939b.udd" 3139
"C:/Users/pduli/AppData/Local/UnrealEngine/Common/DerivedDataCache/Buckets/GlobalShaderMap/b2/42/ab6a8fa2ad4737fb929bc7cd6f64a49d72d5.udd" 3140
"C:/Users/pduli/AppData/Local/UnrealEngine/Common/DerivedDataCache/Buckets/GlobalShaderMap/40/d0/89b231416d8cd610bf243500d7ebdaea9759.udd" 3141
"C:/Users/pduli/AppData/Local/UnrealEngine/Common/DerivedDataCache/Content/d7/88/fe7587fe13fc05af946a6d87ad004e55e53e.udd" 3142
"C:/Users/pduli/AppData/Local/UnrealEngine/Common/DerivedDataCache/Buckets/GlobalShaderMap/c0/dd/430ac5250a1c81f53ccc5a059f81742358b6.udd" 3143
"C:/Users/pduli/AppData/Local/UnrealEngine/Common/DerivedDataCache/Buckets/GlobalShaderMap/f1/a2/b5bdf39d91edb0322be514d66e41d62c722e.udd" 3144
"C:/Users/pduli/AppData/Local/UnrealEngine/Common/DerivedDataCache/Buckets/GlobalShaderMap/3b/cf/f408039cf36201e9381f2364c57b4996682b.udd" 3145
"C:/Users/pduli/AppData/Local/UnrealEngine/Common/DerivedDataCache/Buckets/GlobalShaderMap/2f/40/8912caaef65a712330cc69eac4712336985c.udd" 3146
"C:/Users/pduli/AppData/Local/UnrealEngine/Common/DerivedDataCache/Buckets/GlobalShaderMap/e3/33/566e840b76e51a79d54368af8db644896816.udd" 3147
"C:/Users/pduli/AppData/Local/UnrealEngine/Common/DerivedDataCache/Buckets/GlobalShaderMap/6f/29/0443dcdd5c54fd07be1671629dca93ac79cf.udd" 3148
"C:/Users/pduli/AppData/Local/UnrealEngine/Common/DerivedDataCache/Buckets/GlobalShaderMap/84/65/147769030f66e33e0af822da5b3c5b135fa4.udd" 3149
"C:/Users/pduli/AppData/Local/UnrealEngine/Common/DerivedDataCache/Buckets/GlobalShaderMap/3d/13/8179970eb5c2b3de703b3e4d4149c1a2b3bd.udd" 3150
"C:/Users/pduli/AppData/Local/UnrealEngine/Common/DerivedDataCache/Buckets/GlobalShaderMap/70/c9/7109bd09e2745e8260d4cbcf895db28377a1.udd" 3151
"C:/Users/pduli/AppData/Local/UnrealEngine/Common/DerivedDataCache/Buckets/GlobalShaderMap/0e/51/f3b069106e045c3cf0ff99c44060a60795f3.udd" 3152
"C:/Users/pduli/AppData/Local/UnrealEngine/Common/DerivedDataCache/Buckets/GlobalShaderMap/f3/4f/3ac880b749098ec3be96e3c7fb00b6c17b6c.udd" 3153
"C:/Users/pduli/AppData/Local/UnrealEngine/Common/DerivedDataCache/Buckets/GlobalShaderMap/20/2e/dfe47a22f9576520b5b82be46e011673a820.udd" 3154
"C:/Users/pduli/AppData/Local/UnrealEngine/Common/DerivedDataCache/Buckets/GlobalShaderMap/f5/96/2e39f6de4fc677b1969d1dec831e07bdaad2.udd" 3155
"C:/Users/pduli/AppData/Local/UnrealEngine/Common/DerivedDataCache/Buckets/GlobalShaderMap/53/1a/25b06446bb5b723938a2fc686d489883a260.udd" 3156
"C:/Users/pduli/AppData/Local/UnrealEngine/Common/DerivedDataCache/Buckets/GlobalShaderMap/39/80/57c5536e98431d415ae672db118466666bd9.udd" 3157
"C:/Users/pduli/AppData/Local/UnrealEngine/Common/DerivedDataCache/Buckets/GlobalShaderMap/74/3d/4b5699e076a837bffd6ccef9f4a3539fbba4.udd" 3158
"C:/Users/pduli/AppData/Local/UnrealEngine/Common/DerivedDataCache/Buckets/GlobalShaderMap/fe/6e/c45d846a201a4626b809afaf8d4b996c4bcc.udd" 3159
"C:/Users/pduli/AppData/Local/UnrealEngine/Common/DerivedDataCache/Buckets/GlobalShaderMap/c0/f5/330e9361f7a612ca99f6e0395b93a14ca12b.udd" 3160
"C:/Users/pduli/AppData/Local/UnrealEngine/Common/DerivedDataCache/Buckets/GlobalShaderMap/b5/a6/5272c6c53f2465ebe0c0ed195ad616752eaf.udd" 3161
"C:/Users/pduli/AppData/Local/UnrealEngine/Common/DerivedDataCache/Buckets/GlobalShaderMap/01/20/f9713e5e22df25df74d18fe3912b466aa01e.udd" 3162
"C:/Users/pduli/AppData/Local/UnrealEngine/Common/DerivedDataCache/Buckets/GlobalShaderMap/40/45/433165fee2c0df202ef754fb78b8b4c5b226.udd" 3163
"C:/Users/pduli/AppData/Local/UnrealEngine/Common/DerivedDataCache/Buckets/GlobalShaderMap/b6/96/af62dc1d84b68e13b60fcd682acce6b1eafc.udd" 3164
"C:/Users/pduli/AppData/Local/UnrealEngine/Common/DerivedDataCache/Buckets/GlobalShaderMap/72/e2/15b4d9a6a6cfa70d7b533bd9094fbb2c2dc2.udd" 3165
"C:/Users/pduli/AppData/Local/UnrealEngine/Common/DerivedDataCache/Buckets/GlobalShaderMap/31/b1/56005ece73523973c61c0a67274346f3dec9.udd" 3166
"C:/Users/pduli/AppData/Local/UnrealEngine/Common/DerivedDataCache/Buckets/GlobalShaderMap/ad/1d/1ade4bcf2ad7bda498085cb983a99fd9210e.udd" 3167
"C:/Users/pduli/AppData/Local/UnrealEngine/Common/DerivedDataCache/Buckets/GlobalShaderMap/ba/e6/7ffbe23b72c7e187f4d21ae877c58a639c84.udd" 3168
"C:/Users/pduli/AppData/Local/UnrealEngine/Common/DerivedDataCache/Buckets/GlobalShaderMap/b4/d8/b11f0cd00614d12cae251cc01f3921d72fdb.udd" 3169
"C:/Users/pduli/AppData/Local/UnrealEngine/Common/DerivedDataCache/Buckets/GlobalShaderMap/b6/e5/91117faef638eb4cdd38b9e2b2187e85db7c.udd" 3170
"C:/Users/pduli/AppData/Local/UnrealEngine/Common/DerivedDataCache/Content/42/13/669c49278699fdae6eaa13b97a3b3900ce2f.udd" 3171
"C:/Users/pduli/AppData/Local/UnrealEngine/Common/DerivedDataCache/Buckets/GlobalShaderMap/9d/c1/c4ea435062d6b3a140e64cff88b5c25e8233.udd" 3172
"C:/Users/pduli/AppData/Local/UnrealEngine/Common/DerivedDataCache/Buckets/GlobalShaderMap/05/34/09c84d8e351071f951ebb02328c42de6c693.udd" 3173
"C:/Users/pduli/AppData/Local/UnrealEngine/Common/DerivedDataCache/Buckets/GlobalShaderMap/8f/6c/c6902465ab0ecacf30b7c3c3e93320e591b2.udd" 3174
"C:/Users/pduli/AppData/Local/UnrealEngine/Common/DerivedDataCache/Buckets/GlobalShaderMap/12/c0/86289b1c7366ab6d71e1e4a7feb7c81dcbce.udd" 3175
"C:/Users/pduli/AppData/Local/UnrealEngine/Common/DerivedDataCache/Buckets/GlobalShaderMap/f6/dd/d4d75c31d3bf8d222bb863badeca70394548.udd" 3176
"C:/Users/pduli/AppData/Local/UnrealEngine/Common/DerivedDataCache/Buckets/GlobalShaderMap/e8/04/500a1924603bdc21d6a8499277d960df417f.udd" 3177
"C:/Users/pduli/AppData/Local/UnrealEngine/Common/DerivedDataCache/Buckets/GlobalShaderMap/9e/6f/79ebb1e5c81e25635d77936b7d8c2b9d19f2.udd" 3178
"C:/Users/pduli/AppData/Local/UnrealEngine/Common/DerivedDataCache/Buckets/GlobalShaderMap/dc/f9/1866e4bd8f8dce756d49173388dd38f8483d.udd" 3179
"C:/Users/pduli/AppData/Local/UnrealEngine/Common/DerivedDataCache/Buckets/GlobalShaderMap/4b/f3/d6b660d3d60cc108c14e2c3961283d5418e8.udd" 3180
"C:/Users/pduli/AppData/Local/UnrealEngine/Common/DerivedDataCache/Buckets/GlobalShaderMap/46/f0/5296c3025422f8905540c65d39689b8b09f9.udd" 3181
"C:/Users/pduli/AppData/Local/UnrealEngine/Common/DerivedDataCache/Buckets/GlobalShaderMap/d9/f3/7a59390c57c0b9a8ae1c918b13871cde05fb.udd" 3182
"C:/Users/pduli/AppData/Local/UnrealEngine/Common/DerivedDataCache/Buckets/GlobalShaderMap/e7/aa/4c5d49e61914885e36ab3ce7b24435d692e3.udd" 3183
"C:/Users/pduli/AppData/Local/UnrealEngine/Common/DerivedDataCache/Buckets/GlobalShaderMap/12/3d/7cb88bf60d84ccc794694ea36feec7d75d6b.udd" 3184
"C:/Users/pduli/AppData/Local/UnrealEngine/Common/DerivedDataCache/Buckets/GlobalShaderMap/ce/52/58488a5e53db5f0a4943bad709e3b7e846f7.udd" 3185
"C:/Users/pduli/AppData/Local/UnrealEngine/Common/DerivedDataCache/Buckets/GlobalShaderMap/bc/d0/eebb4690cdad8899d07fba307400548f8f5f.udd" 3186
"C:/Users/pduli/AppData/Local/UnrealEngine/Common/DerivedDataCache/Buckets/GlobalShaderMap/75/74/d93170a18765004502639cd359b0ed2f4ea2.udd" 3187
"C:/Users/pduli/AppData/Local/UnrealEngine/Common/DerivedDataCache/Buckets/GlobalShaderMap/ae/6f/4254d2198b798dfd0205978f6c971fcbcfcb.udd" 3188
"C:/Users/pduli/AppData/Local/UnrealEngine/Common/DerivedDataCache/Buckets/GlobalShaderMap/b2/cc/e2850347c5b1db928d9089a51f26bcab9f90.udd" 3189
"C:/Users/pduli/AppData/Local/UnrealEngine/Common/DerivedDataCache/Buckets/GlobalShaderMap/5c/63/75c643306f811f6d230c5aad36e03e324a5f.udd" 3190
"C:/Users/pduli/AppData/Local/UnrealEngine/Common/DerivedDataCache/Buckets/GlobalShaderMap/42/f2/4dcf990cc384cef4006973ed8ed9fe0120ca.udd" 3191
"C:/Users/pduli/AppData/Local/UnrealEngine/Common/DerivedDataCache/Buckets/GlobalShaderMap/24/e9/7f0cef3b8d6dcd6086059c2fc1c9d7142972.udd" 3192
"C:/Users/pduli/AppData/Local/UnrealEngine/Common/DerivedDataCache/Buckets/GlobalShaderMap/09/49/3cd42a10f46705a9c4ad42ff2e703600757f.udd" 3193
"C:/Users/pduli/AppData/Local/UnrealEngine/Common/DerivedDataCache/Buckets/GlobalShaderMap/c9/37/1705f1e8ffe1a97e516f32b71255796a4658.udd" 3194
"C:/Users/pduli/AppData/Local/UnrealEngine/Common/DerivedDataCache/Buckets/GlobalShaderMap/e8/7c/9ca3178cfeb29d4958cee5bf461e9f018246.udd" 3195
"C:/Users/pduli/AppData/Local/UnrealEngine/Common/DerivedDataCache/Buckets/GlobalShaderMap/2c/98/33e8f28b5597469f5dd27766d4ea72c84656.udd" 3196
"C:/Users/pduli/AppData/Local/UnrealEngine/Common/DerivedDataCache/Buckets/GlobalShaderMap/26/c8/0eb9bd4d86f416bdc5550e264e83b2aa0d86.udd" 3197
"C:/Users/pduli/AppData/Local/UnrealEngine/Common/DerivedDataCache/Buckets/GlobalShaderMap/b6/4c/794a75d7d529d6d014591799cef84db273bb.udd" 3198
"C:/Users/pduli/AppData/Local/UnrealEngine/Common/DerivedDataCache/Buckets/GlobalShaderMap/10/a5/be9d4d3067b2471c9f9c30b56c9c04b37bdb.udd" 3199
"C:/Users/pduli/AppData/Local/UnrealEngine/Common/DerivedDataCache/Buckets/GlobalShaderMap/e0/7a/b0469c396a52f2662fae6607b04ca2526f1c.udd" 3200
"C:/Users/pduli/AppData/Local/UnrealEngine/Common/DerivedDataCache/Buckets/GlobalShaderMap/2f/28/1bc03ea9a6a94385a0cff25ddfbd255201a0.udd" 3201
"C:/Users/pduli/AppData/Local/UnrealEngine/Common/DerivedDataCache/Buckets/GlobalShaderMap/19/82/9bafb6862eace091188c42203148325564f5.udd" 3202
"C:/Users/pduli/AppData/Local/UnrealEngine/Common/DerivedDataCache/Buckets/GlobalShaderMap/67/c1/b0055f9e767b8d8568005276fcc1021feca2.udd" 3203
"C:/Users/pduli/AppData/Local/UnrealEngine/Common/DerivedDataCache/Buckets/GlobalShaderMap/96/5d/07418075ee3ad43f995d499202ac4723d390.udd" 3204
"C:/Users/pduli/AppData/Local/UnrealEngine/Common/DerivedDataCache/Buckets/GlobalShaderMap/1a/48/ff540e046ca95b31e792e3048d9309e6e880.udd" 3205
"C:/Users/pduli/AppData/Local/UnrealEngine/Common/DerivedDataCache/Buckets/GlobalShaderMap/ba/4b/e58a266b441288d82c8afa1d0f4a7d3c1c6f.udd" 3206
"C:/Users/pduli/AppData/Local/UnrealEngine/Common/DerivedDataCache/Buckets/GlobalShaderMap/a1/8d/1e86765dc95a95f600e99dabb553c311b71f.udd" 3207
"C:/Users/pduli/AppData/Local/UnrealEngine/Common/DerivedDataCache/Buckets/GlobalShaderMap/b8/f1/85f7005b6f6b7bbc8e8b360e2eb0b6e0b249.udd" 3208
"C:/Users/pduli/AppData/Local/UnrealEngine/Common/DerivedDataCache/Buckets/GlobalShaderMap/5b/dd/220e49a42c5a5ffd4a329377707bd879d8de.udd" 3209
"C:/Users/pduli/AppData/Local/UnrealEngine/Common/DerivedDataCache/Buckets/GlobalShaderMap/3b/cc/31ed61a145f3c74d484e40a0c220a1b125f5.udd" 3210
"C:/Users/pduli/AppData/Local/UnrealEngine/Common/DerivedDataCache/Buckets/GlobalShaderMap/60/d6/66d869a4241b7540a4f60d1c932fd8e469b5.udd" 3211
"C:/Users/pduli/AppData/Local/UnrealEngine/Common/DerivedDataCache/Buckets/GlobalShaderMap/da/26/e9c3886376acafd0639e9c71f1a84d0260d7.udd" 3212
"C:/Users/pduli/AppData/Local/UnrealEngine/Common/DerivedDataCache/Buckets/GlobalShaderMap/53/d6/106e29e7891730d44df08251bc22db895cca.udd" 3213
"C:/Users/pduli/AppData/Local/UnrealEngine/Common/DerivedDataCache/Buckets/GlobalShaderMap/d7/4b/d476829b66554d314bd921218cf7f29981d3.udd" 3214
"C:/Users/pduli/AppData/Local/UnrealEngine/Common/DerivedDataCache/Buckets/GlobalShaderMap/53/17/f98672cae8bc318bfd5555a2636bd470e7b7.udd" 3215
"C:/Users/pduli/AppData/Local/UnrealEngine/Common/DerivedDataCache/Buckets/GlobalShaderMap/f6/e3/1554702c76dc6a5d63b38c5d3b3cbab6f128.udd" 3216
"C:/Users/pduli/AppData/Local/UnrealEngine/Common/DerivedDataCache/Buckets/GlobalShaderMap/76/12/886fb426e832210d6086ae4eb1758408baf8.udd" 3217
"C:/Users/pduli/AppData/Local/UnrealEngine/Common/DerivedDataCache/Buckets/GlobalShaderMap/03/fd/4ac3c1a79426688bd87e40529dff882aa6cf.udd" 3218
"C:/Users/pduli/AppData/Local/UnrealEngine/Common/DerivedDataCache/Buckets/GlobalShaderMap/ee/5d/4669c5632b3058a7545d49b153bb00fd048e.udd" 3219
"C:/Users/pduli/AppData/Local/UnrealEngine/Common/DerivedDataCache/Buckets/GlobalShaderMap/be/2f/3fb9dd7f5cb4cb414c5cc37057bd111a22c4.udd" 3220
"C:/Users/pduli/AppData/Local/UnrealEngine/Common/DerivedDataCache/Buckets/GlobalShaderMap/a0/09/f4904d3bb7a431060c35efed2460b109ab65.udd" 3221
"C:/Users/pduli/AppData/Local/UnrealEngine/Common/DerivedDataCache/Buckets/GlobalShaderMap/6c/3c/5a3a6bc865fa9804a80bf37b68bbbfc08663.udd" 3222
"C:/Users/pduli/AppData/Local/UnrealEngine/Common/DerivedDataCache/Buckets/GlobalShaderMap/1f/c9/f3566ced28da4da1a9dfab8eb778157eb351.udd" 3223
"C:/Users/pduli/AppData/Local/UnrealEngine/Common/DerivedDataCache/Buckets/GlobalShaderMap/6c/5d/55ce0ce480ba4da721eb4a11a5c92ab763b0.udd" 3224
"C:/Users/pduli/AppData/Local/UnrealEngine/Common/DerivedDataCache/Buckets/GlobalShaderMap/3a/4a/98769d4aa67a7bfa6d0460d9650532c0b84b.udd" 3225
"C:/Users/pduli/AppData/Local/UnrealEngine/Common/DerivedDataCache/Buckets/GlobalShaderMap/1e/0c/6c56cefa3011363b2d1aacd395300cf95903.udd" 3226
"C:/Users/pduli/AppData/Local/UnrealEngine/Common/DerivedDataCache/Buckets/GlobalShaderMap/0a/fd/c8b0098cfee1234a28a6cb9d9e541b56ced2.udd" 3227
"C:/Users/pduli/AppData/Local/UnrealEngine/Common/DerivedDataCache/Buckets/GlobalShaderMap/25/99/eef6a236c60cb9306cf855c44ced5339b2bf.udd" 3228
"C:/Users/pduli/AppData/Local/UnrealEngine/Common/DerivedDataCache/Buckets/GlobalShaderMap/df/e5/a399e7666a280519d69be0ef1d7f55c6dff2.udd" 3229
"C:/Users/pduli/AppData/Local/UnrealEngine/Common/DerivedDataCache/Buckets/GlobalShaderMap/c9/41/75b475bd0d3e30ef5af89c4df33688d45320.udd" 3230
"C:/Users/pduli/AppData/Local/UnrealEngine/Common/DerivedDataCache/Buckets/GlobalShaderMap/de/02/317838505d1cbef000c19c5a491a4ce245b3.udd" 3231
"C:/Users/pduli/AppData/Local/UnrealEngine/Common/DerivedDataCache/Buckets/GlobalShaderMap/ca/65/013cedc07d386128b1fd95734269911bfa0a.udd" 3232
"C:/Users/pduli/AppData/Local/UnrealEngine/Common/DerivedDataCache/Buckets/GlobalShaderMap/30/f0/d6da302c1e01b37ff64ef41a03444c96394d.udd" 3233
"C:/Users/pduli/AppData/Local/UnrealEngine/Common/DerivedDataCache/Buckets/GlobalShaderMap/f3/35/2c29cb75e4b02c6fca0e6dafbf8c4183500e.udd" 3234
"C:/Users/pduli/AppData/Local/UnrealEngine/Common/DerivedDataCache/Buckets/GlobalShaderMap/96/96/2364e1c551f33085359be7dc337de35a9b96.udd" 3235
"C:/Users/pduli/AppData/Local/UnrealEngine/Common/DerivedDataCache/Buckets/GlobalShaderMap/4b/43/1801a401e2bc6b0959a73cf8bfd03ec2018f.udd" 3236
"C:/Users/pduli/AppData/Local/UnrealEngine/Common/DerivedDataCache/Buckets/GlobalShaderMap/5a/1e/8f0e42ff4221790588bafa8dfa3bef512264.udd" 3237
"C:/Users/pduli/AppData/Local/UnrealEngine/Common/DerivedDataCache/Buckets/GlobalShaderMap/bc/2c/ab8c6c710040fc5cfe10ccf1ca975ea6c4e1.udd" 3238
"C:/Users/pduli/AppData/Local/UnrealEngine/Common/DerivedDataCache/Content/ab/77/2d995b0baa7726ed15ab90260573f9885a40.udd" 3239
"C:/Users/pduli/AppData/Local/UnrealEngine/Common/DerivedDataCache/Buckets/GlobalShaderMap/c9/89/86669ab725072361b6b56149a9db5c3a850f.udd" 3240
"C:/Users/pduli/AppData/Local/UnrealEngine/Common/DerivedDataCache/Buckets/GlobalShaderMap/e6/f4/2fd1cd5afc24535a1ee16233220ebb66fc41.udd" 3241
"C:/Users/pduli/AppData/Local/UnrealEngine/Common/DerivedDataCache/Buckets/GlobalShaderMap/f9/8e/2057cde120e2943f1e51e13175d7c4e1c642.udd" 3242
"C:/Users/pduli/AppData/Local/UnrealEngine/Common/DerivedDataCache/Buckets/GlobalShaderMap/9a/41/a9bc46d340c2464705ec4580d39fbd83cb7e.udd" 3243
"C:/Users/pduli/AppData/Local/UnrealEngine/Common/DerivedDataCache/Buckets/GlobalShaderMap/c2/d4/7c3802a4c13c5fce65168bb94ea447dff284.udd" 3244
"C:/Users/pduli/AppData/Local/UnrealEngine/Common/DerivedDataCache/Buckets/GlobalShaderMap/26/27/efaa5690b4c059bde39eb25def73954bc74d.udd" 3245
"C:/Users/pduli/AppData/Local/UnrealEngine/Common/DerivedDataCache/Buckets/GlobalShaderMap/c0/6b/a6514d024f7a64e0105ce2d26f883467ec39.udd" 3246
"C:/Users/pduli/AppData/Local/UnrealEngine/Common/DerivedDataCache/Buckets/GlobalShaderMap/ff/41/d08e799a7ff9e03ea3f65947898f863b3264.udd" 3247
"C:/Users/pduli/AppData/Local/UnrealEngine/Common/DerivedDataCache/Buckets/GlobalShaderMap/e3/99/24baefff92d3df1fac3a4594e3e85c6fb791.udd" 3248
"C:/Users/pduli/AppData/Local/UnrealEngine/Common/DerivedDataCache/Buckets/GlobalShaderMap/4b/65/5ae74d5ca176dadb05b9005d4db4081a9095.udd" 3249
"C:/Users/pduli/AppData/Local/UnrealEngine/Common/DerivedDataCache/Buckets/GlobalShaderMap/25/9d/2677dcc47aaef11288e1655a0d6a39d1bb29.udd" 3250
"C:/Users/pduli/AppData/Local/UnrealEngine/Common/DerivedDataCache/Buckets/GlobalShaderMap/24/a8/3007ffc8c1ed7c23ee47c881c9dbfd915d42.udd" 3251
"C:/Users/pduli/AppData/Local/UnrealEngine/Common/DerivedDataCache/Buckets/GlobalShaderMap/22/07/e0f6fbc0fadce291f0c695351efbf8568e0e.udd" 3252
"C:/Users/pduli/AppData/Local/UnrealEngine/Common/DerivedDataCache/Buckets/GlobalShaderMap/d8/bb/056fa1f9a11d6fc47eceb443f5447cc7fe32.udd" 3253
"C:/Users/pduli/AppData/Local/UnrealEngine/Common/DerivedDataCache/Buckets/GlobalShaderMap/28/67/aa0da1eac4734f2958ad788ab8771637bea4.udd" 3254
"C:/Users/pduli/AppData/Local/UnrealEngine/Common/DerivedDataCache/Buckets/GlobalShaderMap/c0/ff/f1b2cdaadd18de7903d3900c1526231f375a.udd" 3255
"C:/Users/pduli/AppData/Local/UnrealEngine/Common/DerivedDataCache/Buckets/GlobalShaderMap/69/a5/9ff0c9bc61ca0f96c357a08473ebf10f012b.udd" 3256
"C:/Users/pduli/AppData/Local/UnrealEngine/Common/DerivedDataCache/Buckets/GlobalShaderMap/c7/47/c0b0e5e11d9dc11473aa35fb614a8990b1e9.udd" 3257
"C:/Users/pduli/AppData/Local/UnrealEngine/Common/DerivedDataCache/Buckets/GlobalShaderMap/33/be/e6e3a9161b01ea4f37fd0643edf43209fae4.udd" 3258
"C:/Users/pduli/AppData/Local/UnrealEngine/Common/DerivedDataCache/Buckets/GlobalShaderMap/66/d8/a18b9d2d3d64d25eeea5be3a33b52b76fc2a.udd" 3259
"C:/Users/pduli/AppData/Local/UnrealEngine/Common/DerivedDataCache/Buckets/GlobalShaderMap/16/46/4a5ccdff192d028b7ccb6996c01bda6226c8.udd" 3260
"C:/Users/pduli/AppData/Local/UnrealEngine/Common/DerivedDataCache/Buckets/GlobalShaderMap/f2/d4/999c9cfe6b8b789ae29fb6c5283a02b334eb.udd" 3261
"C:/Users/pduli/AppData/Local/UnrealEngine/Common/DerivedDataCache/Buckets/GlobalShaderMap/ad/e9/f5b1f1066eed74a86ae7e306623114c9f0ae.udd" 3262
"C:/Users/pduli/AppData/Local/UnrealEngine/Common/DerivedDataCache/Buckets/GlobalShaderMap/2b/c3/fbea53a97e12d3c340edb859515846a6221d.udd" 3263
"C:/Users/pduli/AppData/Local/UnrealEngine/Common/DerivedDataCache/Buckets/GlobalShaderMap/04/1b/1cdf950c4b2fcfc825fb5236cc2cf2daa32e.udd" 3264
"C:/Users/pduli/AppData/Local/UnrealEngine/Common/DerivedDataCache/Buckets/GlobalShaderMap/97/f2/df72e1ca6b456b25890822192ff861dd0ea8.udd" 3265
"C:/Users/pduli/AppData/Local/UnrealEngine/Common/DerivedDataCache/Buckets/GlobalShaderMap/a3/b8/e1ad2450c28690bc96f3c46d81a06073cc0c.udd" 3266
"C:/Users/pduli/AppData/Local/UnrealEngine/Common/DerivedDataCache/Buckets/GlobalShaderMap/98/6f/bb9fd01f9858fbce1bd0e16dde3253c7c520.udd" 3267
"C:/Users/pduli/AppData/Local/UnrealEngine/Common/DerivedDataCache/Buckets/GlobalShaderMap/86/0c/9ab07efd3272ccaeda3391d7191ddcc3bfc0.udd" 3268
"C:/Users/pduli/AppData/Local/UnrealEngine/Common/DerivedDataCache/Buckets/GlobalShaderMap/67/3d/96886a66b7a492ed4b89ce69800b61f68c0f.udd" 3269
"C:/Users/pduli/AppData/Local/UnrealEngine/Common/DerivedDataCache/Buckets/GlobalShaderMap/4f/0e/b309ca0170ad344516ec586966b56c85d165.udd" 3270
"C:/Users/pduli/AppData/Local/UnrealEngine/Common/DerivedDataCache/Buckets/GlobalShaderMap/b4/00/dfe7447dd2bf25e6bfe9ab58f60caa281fd0.udd" 3271
"C:/Users/pduli/AppData/Local/UnrealEngine/Common/DerivedDataCache/Buckets/GlobalShaderMap/37/03/c67d912dd0496cabe0f8bc8eb01beb1b9ac0.udd" 3272
"C:/Users/pduli/AppData/Local/UnrealEngine/Common/DerivedDataCache/Buckets/GlobalShaderMap/fd/35/3137dd95eb9187a0a6c18dcd9fe65488339d.udd" 3273
"C:/Users/pduli/AppData/Local/UnrealEngine/Common/DerivedDataCache/Buckets/GlobalShaderMap/b1/05/8c0d8af9872c7dba5119bfa7ba8ff7dd9b8e.udd" 3274
"C:/Users/pduli/AppData/Local/UnrealEngine/Common/DerivedDataCache/Buckets/GlobalShaderMap/6c/87/58ae259537d0de36ae815bf19e5c09b25807.udd" 3275
"C:/Users/pduli/AppData/Local/UnrealEngine/Common/DerivedDataCache/Buckets/GlobalShaderMap/12/65/85affbc3b036d8a9876f7d6c708346aae3ca.udd" 3276
"C:/Users/pduli/AppData/Local/UnrealEngine/Common/DerivedDataCache/Buckets/GlobalShaderMap/f2/45/bbe77895c85f7de5ae4a10f8f12ee1bcfcf9.udd" 3277
"C:/Users/pduli/AppData/Local/UnrealEngine/Common/DerivedDataCache/Buckets/GlobalShaderMap/10/85/710782f5628107673a6ac86bbd004972fb17.udd" 3278
"C:/Users/pduli/AppData/Local/UnrealEngine/Common/DerivedDataCache/Buckets/GlobalShaderMap/7f/f1/5ed51212d30f1bde1d5fc33004ccaffcf1c8.udd" 3279
"C:/Users/pduli/AppData/Local/UnrealEngine/Common/DerivedDataCache/Buckets/GlobalShaderMap/7a/c1/78285db789204c08b0b27311c9f1d321f27b.udd" 3280
"C:/Users/pduli/AppData/Local/UnrealEngine/Common/DerivedDataCache/Buckets/GlobalShaderMap/18/94/eb9d0e26368d1b92b4808c7a11d8a0eed08f.udd" 3281
"C:/Users/pduli/AppData/Local/UnrealEngine/Common/DerivedDataCache/Buckets/GlobalShaderMap/0d/31/ba0d3a4e4fcf32c2b58245e4a8071fe0207c.udd" 3282
"C:/Users/pduli/AppData/Local/UnrealEngine/Common/DerivedDataCache/Buckets/GlobalShaderMap/04/17/97e2dde73f32cd6f6b9601763c33a438e82f.udd" 3283
"C:/Users/pduli/AppData/Local/UnrealEngine/Common/DerivedDataCache/Buckets/GlobalShaderMap/fd/7e/c0a9cabf52c7b6e55e831a809b246f3486ed.udd" 3284
"C:/Users/pduli/AppData/Local/UnrealEngine/Common/DerivedDataCache/Buckets/GlobalShaderMap/85/9f/367f793228318bb2fdff2383adf8eb21a23b.udd" 3285
"C:/Users/pduli/AppData/Local/UnrealEngine/Common/DerivedDataCache/Buckets/GlobalShaderMap/d1/ad/02c9b13724496cb527ed317418414d533171.udd" 3286
"C:/Users/pduli/AppData/Local/UnrealEngine/Common/DerivedDataCache/Buckets/GlobalShaderMap/46/f7/a6b5a94ff8947436870e7292ddfdfa6a8093.udd" 3287
"C:/Users/pduli/AppData/Local/UnrealEngine/Common/DerivedDataCache/Buckets/GlobalShaderMap/f8/20/9825bd98b39278afd0cd9f8f1683073eb69a.udd" 3288
"C:/Users/pduli/AppData/Local/UnrealEngine/Common/DerivedDataCache/Buckets/GlobalShaderMap/18/14/6702b637209c1a12b24cceded5d7e5f60e1d.udd" 3289
"C:/Users/pduli/AppData/Local/UnrealEngine/Common/DerivedDataCache/Buckets/GlobalShaderMap/c3/22/80df58ea7432ef6df0e2a8b81296acede371.udd" 3290
"C:/Users/pduli/AppData/Local/UnrealEngine/Common/DerivedDataCache/Buckets/GlobalShaderMap/1d/a8/f6d2182f6a5f6a8e491805dad354cd8cc36f.udd" 3291
"C:/Users/pduli/AppData/Local/UnrealEngine/Common/DerivedDataCache/Buckets/GlobalShaderMap/9e/c2/b586e0ef93832a4842da6df7e4e4f3830219.udd" 3292
"C:/Users/pduli/AppData/Local/UnrealEngine/Common/DerivedDataCache/Buckets/GlobalShaderMap/d6/a5/2a03e3e8c7e718bf7da0d441a4c61f6d9a30.udd" 3293
"C:/Users/pduli/AppData/Local/UnrealEngine/Common/DerivedDataCache/Buckets/GlobalShaderMap/0c/12/cb6a78f89ea0c7a2a932f067886646ef8363.udd" 3294
"C:/Users/pduli/AppData/Local/UnrealEngine/Common/DerivedDataCache/Buckets/GlobalShaderMap/84/28/a4e51493739c48572d11f39d8738b23a00d1.udd" 3295
"C:/Users/pduli/AppData/Local/UnrealEngine/Common/DerivedDataCache/Buckets/GlobalShaderMap/7a/26/967ae6f40f7077f701b34da0d2cc83658233.udd" 3296
"C:/Users/pduli/AppData/Local/UnrealEngine/Common/DerivedDataCache/Buckets/GlobalShaderMap/6a/cf/b4270d22a79f285afa4ca8627a0928224bf9.udd" 3297
"C:/Users/pduli/AppData/Local/UnrealEngine/Common/DerivedDataCache/Buckets/GlobalShaderMap/e9/fe/8551e9331d46fb0b49e8ee54ff5fdec121df.udd" 3298
"C:/Users/pduli/AppData/Local/UnrealEngine/Common/DerivedDataCache/Buckets/GlobalShaderMap/bc/85/1f6a83350d5db17970c8aefc126203840c24.udd" 3299
"C:/Users/pduli/AppData/Local/UnrealEngine/Common/DerivedDataCache/Buckets/GlobalShaderMap/3c/2a/a3702052a6a0b8001cd8ffe2210e194d66e3.udd" 3300
"C:/Users/pduli/AppData/Local/UnrealEngine/Common/DerivedDataCache/Buckets/GlobalShaderMap/2b/9b/49621bc6203c66052e5d344f01fec948ffc5.udd" 3301
"C:/Users/pduli/AppData/Local/UnrealEngine/Common/DerivedDataCache/Buckets/GlobalShaderMap/aa/1e/3b2ce0a93a23350eebdf40873dfe7fab7432.udd" 3302
"C:/Users/pduli/AppData/Local/UnrealEngine/Common/DerivedDataCache/Buckets/GlobalShaderMap/0a/8c/f3ade264eaeb4e84a806c3765c721176f17b.udd" 3303
"C:/Users/pduli/AppData/Local/UnrealEngine/Common/DerivedDataCache/Buckets/GlobalShaderMap/b5/b8/0b3c3e21f703c2b22909b37ca136e79bfddb.udd" 3304
"C:/Users/pduli/AppData/Local/UnrealEngine/Common/DerivedDataCache/Buckets/GlobalShaderMap/84/51/615a710f0cc99be6eb69b32309a0d7c36f40.udd" 3305
"C:/Users/pduli/AppData/Local/UnrealEngine/Common/DerivedDataCache/Buckets/GlobalShaderMap/3d/58/01a47967e7d12732281b77a63907b8bb581c.udd" 3306
"C:/Users/pduli/AppData/Local/UnrealEngine/Common/DerivedDataCache/Buckets/GlobalShaderMap/0a/c6/053a031e56fd82a253c86be7f6d9c7aac9ff.udd" 3307
"C:/Users/pduli/AppData/Local/UnrealEngine/Common/DerivedDataCache/Buckets/GlobalShaderMap/59/fa/a8242ba0a8190b1072ad46bda92634ca81c5.udd" 3308
"C:/Users/pduli/AppData/Local/UnrealEngine/Common/DerivedDataCache/Buckets/GlobalShaderMap/d9/89/3d1f2437d8a486c9961b4da1aabdd2a17898.udd" 3309
"C:/Users/pduli/AppData/Local/UnrealEngine/Common/DerivedDataCache/Buckets/GlobalShaderMap/8a/02/fd5b27272fb1cf909a9f28e961c34cb6acc5.udd" 3310
"C:/Users/pduli/AppData/Local/UnrealEngine/Common/DerivedDataCache/Buckets/GlobalShaderMap/08/8b/07575e3380865b1f317a1d92eb526c29fa72.udd" 3311
"C:/Users/pduli/AppData/Local/UnrealEngine/Common/DerivedDataCache/Buckets/GlobalShaderMap/a0/99/8096b14dcb1e4cdf5761ae29e3ee7127bc40.udd" 3312
"C:/Users/pduli/AppData/Local/UnrealEngine/Common/DerivedDataCache/Buckets/GlobalShaderMap/a6/61/53ffeab5aca8822c816317ca7374c1248e54.udd" 3313
"C:/Users/pduli/AppData/Local/UnrealEngine/Common/DerivedDataCache/Buckets/GlobalShaderMap/93/5c/69c49d34822567ecee208edd71a6bb9f0bae.udd" 3314
"C:/Users/pduli/AppData/Local/UnrealEngine/Common/DerivedDataCache/Buckets/GlobalShaderMap/c0/69/eef5d78e907be145bc497e31de5eb9b97ac3.udd" 3315
"C:/Users/pduli/AppData/Local/UnrealEngine/Common/DerivedDataCache/Buckets/GlobalShaderMap/39/0c/37ec405d5c340e1b4e37b4ba9780351a9280.udd" 3316
"C:/Users/pduli/AppData/Local/UnrealEngine/Common/DerivedDataCache/Buckets/GlobalShaderMap/33/ec/9f0519f8b666e0e9c6c102faac06dcb3994d.udd" 3317
"C:/Users/pduli/AppData/Local/UnrealEngine/Common/DerivedDataCache/Buckets/GlobalShaderMap/6f/e2/1785f192ac1cdf86fab509b972a16320ad48.udd" 3318
"C:/Users/pduli/AppData/Local/UnrealEngine/Common/DerivedDataCache/Buckets/GlobalShaderMap/fb/f3/b4613d0fb86d18a1803a99d4e1abdfb4baae.udd" 3319
"C:/Users/pduli/AppData/Local/UnrealEngine/Common/DerivedDataCache/Buckets/GlobalShaderMap/f9/c3/4b90ddf16dbaeacf40eaf66a17b584453af5.udd" 3320
"C:/Users/pduli/AppData/Local/UnrealEngine/Common/DerivedDataCache/Buckets/GlobalShaderMap/80/c6/2179656572e80b5c971f2998f85c313f1259.udd" 3321
"C:/Users/pduli/AppData/Local/UnrealEngine/Common/DerivedDataCache/Buckets/GlobalShaderMap/fc/f6/b6bcc47f17433ae52e8e7bd98e646d8c8eb7.udd" 3322
"C:/Users/pduli/AppData/Local/UnrealEngine/Common/DerivedDataCache/Buckets/GlobalShaderMap/bf/c3/c65863aa5eb8401c42f1753c387929c58552.udd" 3323
"C:/Users/pduli/AppData/Local/UnrealEngine/Common/DerivedDataCache/Buckets/GlobalShaderMap/e2/f2/b953a37cfeacb5d0dba492024d7d58ef37fe.udd" 3324
"C:/Users/pduli/AppData/Local/UnrealEngine/Common/DerivedDataCache/Buckets/GlobalShaderMap/db/50/00129976155beebd400eaa2b0e563cca8ac9.udd" 3325
"C:/Users/pduli/AppData/Local/UnrealEngine/Common/DerivedDataCache/Buckets/GlobalShaderMap/58/1c/87f7f8d1ac86a53cf9a685f502a5df158eaa.udd" 3326
"C:/Users/pduli/AppData/Local/UnrealEngine/Common/DerivedDataCache/Buckets/GlobalShaderMap/32/6e/84613d3bcb0e56268c12935909778b3f4e9c.udd" 3327
"C:/Users/pduli/AppData/Local/UnrealEngine/Common/DerivedDataCache/Buckets/GlobalShaderMap/6f/e8/6fa7945402eb7a3b3cc2233eeb1b1acd954a.udd" 3328
"C:/Users/pduli/AppData/Local/UnrealEngine/Common/DerivedDataCache/Buckets/GlobalShaderMap/a4/c0/f4404d0afe681927806e29cd9094d35e717c.udd" 3329
"C:/Users/pduli/AppData/Local/UnrealEngine/Common/DerivedDataCache/Buckets/GlobalShaderMap/50/47/2c2109a180d6b74396932978c01de001ee7b.udd" 3330
"C:/Users/pduli/AppData/Local/UnrealEngine/Common/DerivedDataCache/Buckets/GlobalShaderMap/a5/48/be0eef16b177882bee3cc1b9941d904e132a.udd" 3331
"C:/Users/pduli/AppData/Local/UnrealEngine/Common/DerivedDataCache/Buckets/GlobalShaderMap/89/c3/51dd4b8861e7d225de7f730f3c2c348d10ea.udd" 3332
"C:/Users/pduli/AppData/Local/UnrealEngine/Common/DerivedDataCache/Buckets/GlobalShaderMap/e9/f6/8222f9fa98b6949040b13cb77ca7430f37a6.udd" 3333
"C:/Users/pduli/AppData/Local/UnrealEngine/Common/DerivedDataCache/Buckets/GlobalShaderMap/78/be/c18384bb96e2b75b0a6617591070231bc06f.udd" 3334
"C:/Users/pduli/AppData/Local/UnrealEngine/Common/DerivedDataCache/Buckets/GlobalShaderMap/68/44/1d331bff0878677e03746e02d4d21191d16a.udd" 3335
"C:/Users/pduli/AppData/Local/UnrealEngine/Common/DerivedDataCache/Buckets/GlobalShaderMap/e3/b1/7b0bb9173348ab4a46837fba8e947be516c4.udd" 3336
"C:/Users/pduli/AppData/Local/UnrealEngine/Common/DerivedDataCache/Buckets/GlobalShaderMap/43/f9/e3b3d6711ae2f520c803b786b03103214190.udd" 3337
"C:/Users/pduli/AppData/Local/UnrealEngine/Common/DerivedDataCache/Buckets/GlobalShaderMap/90/e6/86e7a8c1cc71fc00db728bc862b286325256.udd" 3338
"C:/Users/pduli/AppData/Local/UnrealEngine/Common/DerivedDataCache/Buckets/GlobalShaderMap/6a/55/2a810dd899e92d8b6742430b52039daa1921.udd" 3339
"C:/Users/pduli/AppData/Local/UnrealEngine/Common/DerivedDataCache/Buckets/GlobalShaderMap/07/8f/a5594410d9e8cc809eedcf741965ca277e75.udd" 3340
"C:/Users/pduli/AppData/Local/UnrealEngine/Common/DerivedDataCache/Buckets/GlobalShaderMap/e5/78/8bdd769f329fae95ce54038a728559fe22c2.udd" 3341
"C:/Users/pduli/AppData/Local/UnrealEngine/Common/DerivedDataCache/Buckets/GlobalShaderMap/f8/be/098e92271335d3f8c91aacaadb8f50ce71a1.udd" 3342
"C:/Users/pduli/AppData/Local/UnrealEngine/Common/DerivedDataCache/Buckets/GlobalShaderMap/13/ee/7f08887e1bfe89aecc79d509191d07ec2850.udd" 3343
"C:/Users/pduli/AppData/Local/UnrealEngine/Common/DerivedDataCache/Buckets/GlobalShaderMap/1e/01/1ac692134d4b9840cdf3031f87fa3138bbd8.udd" 3344
"C:/Users/pduli/AppData/Local/UnrealEngine/Common/DerivedDataCache/Buckets/GlobalShaderMap/d4/32/dc4d73cb447f77d30beb4034357fb6728d65.udd" 3345
"C:/Users/pduli/AppData/Local/UnrealEngine/Common/DerivedDataCache/Buckets/GlobalShaderMap/92/45/c2f0cf497cda75890da63b1140a25e9d7b2d.udd" 3346
"C:/Users/pduli/AppData/Local/UnrealEngine/Common/DerivedDataCache/Buckets/GlobalShaderMap/9a/86/59287d77c67c6c436288fb281f44eac63c37.udd" 3347
"C:/Users/pduli/AppData/Local/UnrealEngine/Common/DerivedDataCache/Buckets/GlobalShaderMap/43/fb/5097e7c74eebf2f60012663a21acecb289f5.udd" 3348
"C:/Users/pduli/AppData/Local/UnrealEngine/Common/DerivedDataCache/Buckets/GlobalShaderMap/74/93/c9f8421bb3ddc123c1ced64efe718f8a5030.udd" 3349
"C:/Users/pduli/AppData/Local/UnrealEngine/Common/DerivedDataCache/Buckets/GlobalShaderMap/66/c9/d16ed66af9c107068f128e0367744af24922.udd" 3350
"C:/Users/pduli/AppData/Local/UnrealEngine/Common/DerivedDataCache/Buckets/GlobalShaderMap/58/9a/8bc793f639ddcdfc40e269c3be1c06cc6511.udd" 3351
"C:/Users/pduli/AppData/Local/UnrealEngine/Common/DerivedDataCache/Buckets/GlobalShaderMap/f6/07/5ef07b9adfae8d9e831800acc3989fba3e78.udd" 3352
"C:/Users/pduli/AppData/Local/UnrealEngine/Common/DerivedDataCache/Buckets/GlobalShaderMap/8c/7b/d1f54d7b09fe94b3f624c0befd420245032c.udd" 3353
"C:/Users/pduli/AppData/Local/UnrealEngine/Common/DerivedDataCache/Buckets/GlobalShaderMap/af/b2/055f8e2005b9b2b88d5abf097799f626c899.udd" 3354
"C:/Users/pduli/AppData/Local/UnrealEngine/Common/DerivedDataCache/Buckets/GlobalShaderMap/6d/64/4588cf0732e7eb11f1ef68f8883c20d98840.udd" 3355
"C:/Users/pduli/AppData/Local/UnrealEngine/Common/DerivedDataCache/Buckets/GlobalShaderMap/d1/38/23999342da020592178003b56a49801ce9b0.udd" 3356
"C:/Users/pduli/AppData/Local/UnrealEngine/Common/DerivedDataCache/Buckets/GlobalShaderMap/1a/cd/8849a60ce16fa521ac145cafa773828c4b2b.udd" 3357
"C:/Users/pduli/AppData/Local/UnrealEngine/Common/DerivedDataCache/Buckets/GlobalShaderMap/af/3f/12f5f1d9214b8a943117ddd1be3bf19a5492.udd" 3358
"C:/Users/pduli/AppData/Local/UnrealEngine/Common/DerivedDataCache/Buckets/GlobalShaderMap/c9/8d/3edd2c79f3a75adf98f6438cc7d6e4cfb028.udd" 3359
"C:/Users/pduli/AppData/Local/UnrealEngine/Common/DerivedDataCache/Buckets/GlobalShaderMap/b6/b9/f65d829475ddde8fe4d8cecbb84d3c737f6a.udd" 3360
"C:/Users/pduli/AppData/Local/UnrealEngine/Common/DerivedDataCache/Buckets/GlobalShaderMap/be/ec/e972ecf8ab055eb1c69d3d8df2b24a0f8f2e.udd" 3361
"C:/Users/pduli/AppData/Local/UnrealEngine/Common/DerivedDataCache/Buckets/GlobalShaderMap/61/de/2a51365600c74c0ba2dcae5776e2f51ee603.udd" 3362
"C:/Users/pduli/AppData/Local/UnrealEngine/Common/DerivedDataCache/Buckets/GlobalShaderMap/e1/73/f8aacd302dfc2b80e70fe5ee7d3ae328b935.udd" 3363
"C:/Users/pduli/AppData/Local/UnrealEngine/Common/DerivedDataCache/Buckets/GlobalShaderMap/6e/97/4b9354626824a3803ff5e0c17fec19757036.udd" 3364
"C:/Users/pduli/AppData/Local/UnrealEngine/Common/DerivedDataCache/Buckets/GlobalShaderMap/34/7f/598a4c1e5d130564b3cf3d2ff2ba31f0144c.udd" 3365
"C:/Users/pduli/AppData/Local/UnrealEngine/Common/DerivedDataCache/Buckets/GlobalShaderMap/44/50/a54f19fb3233e9ec4f1483ea9cf428bed2d3.udd" 3366
"C:/Users/pduli/AppData/Local/UnrealEngine/Common/DerivedDataCache/Buckets/GlobalShaderMap/f6/ff/fc961dc4931a07f338b10fb3572bff6c595d.udd" 3367
"C:/Users/pduli/AppData/Local/UnrealEngine/Common/DerivedDataCache/Buckets/GlobalShaderMap/70/d3/4361947e8570e79037fbceac03445633a15f.udd" 3368
"C:/Users/pduli/AppData/Local/UnrealEngine/Common/DerivedDataCache/Buckets/GlobalShaderMap/15/cd/46c7b446479f0b392f76fdb7d02bccf7621b.udd" 3369
"C:/Users/pduli/AppData/Local/UnrealEngine/Common/DerivedDataCache/Buckets/GlobalShaderMap/d3/d9/9048ed026e29614f92e6c56a51e5fac269c6.udd" 3370
"C:/Users/pduli/AppData/Local/UnrealEngine/Common/DerivedDataCache/Buckets/GlobalShaderMap/68/0b/5c540bbbb5212a30fee88fb2b3954d251df2.udd" 3371
"C:/Users/pduli/AppData/Local/UnrealEngine/Common/DerivedDataCache/Buckets/GlobalShaderMap/a0/28/118d36dec6310c68feba62cfa7e1d3d75333.udd" 3372
"C:/Users/pduli/AppData/Local/UnrealEngine/Common/DerivedDataCache/Buckets/GlobalShaderMap/34/54/074c9481e435694c4389c9837a85fa6d5a1b.udd" 3373
"C:/Users/pduli/AppData/Local/UnrealEngine/Common/DerivedDataCache/Buckets/GlobalShaderMap/ef/a0/d3a2d79e6c0ba0d79f4df19eb491f955d7e0.udd" 3374
"C:/Users/pduli/AppData/Local/UnrealEngine/Common/DerivedDataCache/Buckets/GlobalShaderMap/a3/0e/2ca719a6ad46d2f9869521afe2674916b81c.udd" 3375
"C:/Users/pduli/AppData/Local/UnrealEngine/Common/DerivedDataCache/Buckets/GlobalShaderMap/9c/d3/dc9ad68441ff2b6cc380c7b6b3d864591740.udd" 3376
"C:/Users/pduli/AppData/Local/UnrealEngine/Common/DerivedDataCache/Buckets/GlobalShaderMap/3c/7f/61818b3b2cd61268954df1152da005d6f36c.udd" 3377
"C:/Users/pduli/AppData/Local/UnrealEngine/Common/DerivedDataCache/Buckets/GlobalShaderMap/52/96/1ab4e8216dee0bfed969719b12a0a9bfec9f.udd" 3378
"C:/Users/pduli/AppData/Local/UnrealEngine/Common/DerivedDataCache/Buckets/GlobalShaderMap/80/7f/2aa0f8513c5801bb3a9e4ce9b2789e698ea1.udd" 3379
"C:/Users/pduli/AppData/Local/UnrealEngine/Common/DerivedDataCache/Buckets/GlobalShaderMap/3a/82/1a65cdff437df03bf3362e54db1c76b382d4.udd" 3380
"C:/Users/pduli/AppData/Local/UnrealEngine/Common/DerivedDataCache/Buckets/GlobalShaderMap/1d/3f/64aa6f5b1920b79f0eb1b914d5a1f42a767c.udd" 3381
"C:/Users/pduli/AppData/Local/UnrealEngine/Common/DerivedDataCache/Buckets/GlobalShaderMap/1a/56/0045cadf86e94de46c4a3507b5f046b44493.udd" 3382
"C:/Users/pduli/AppData/Local/UnrealEngine/Common/DerivedDataCache/Buckets/GlobalShaderMap/36/a1/4df72157deeb67734deba21338aca237cf70.udd" 3383
"C:/Users/pduli/AppData/Local/UnrealEngine/Common/DerivedDataCache/Buckets/GlobalShaderMap/2d/39/aa285721f899cf1e42786f4b9bb274196284.udd" 3384
"C:/Users/pduli/AppData/Local/UnrealEngine/Common/DerivedDataCache/Buckets/GlobalShaderMap/01/fb/a11b37d1d52fa70a516239100b7a387a3607.udd" 3385
"C:/Users/pduli/AppData/Local/UnrealEngine/Common/DerivedDataCache/Buckets/GlobalShaderMap/ff/9c/f1b19f98e63d12305f86820803e7ad9b5f2c.udd" 3386
"C:/Users/pduli/AppData/Local/UnrealEngine/Common/DerivedDataCache/Buckets/GlobalShaderMap/8c/b9/f24ef2201fe1c946cc85ae9b6749479656ac.udd" 3387
"C:/Users/pduli/AppData/Local/UnrealEngine/Common/DerivedDataCache/Buckets/GlobalShaderMap/d0/4d/e558de4390bd12e848911f3045fb5fae51be.udd" 3388
"C:/Users/pduli/AppData/Local/UnrealEngine/Common/DerivedDataCache/Buckets/GlobalShaderMap/9b/14/a972d5030da314958d45f3e35f9daa58e55c.udd" 3389
"C:/Users/pduli/AppData/Local/UnrealEngine/Common/DerivedDataCache/Buckets/GlobalShaderMap/fa/11/6d68172c8faee85f879fc15bd1f0f43fe471.udd" 3390
"C:/Users/pduli/AppData/Local/UnrealEngine/Common/DerivedDataCache/Buckets/GlobalShaderMap/e5/6f/59e1b0311a97b46f05fd284f30a2cec21375.udd" 3391
"C:/Users/pduli/AppData/Local/UnrealEngine/Common/DerivedDataCache/Buckets/GlobalShaderMap/3d/3b/b57d4acc28221053a3c2114bf01068ad84ec.udd" 3392
"C:/Users/pduli/AppData/Local/UnrealEngine/Common/DerivedDataCache/Buckets/GlobalShaderMap/14/b8/939bdbf0cb95121259323688760d8937409d.udd" 3393
"C:/Users/pduli/AppData/Local/UnrealEngine/Common/DerivedDataCache/Buckets/GlobalShaderMap/46/31/763fd037a2827081f21f260c30b1b4c6db48.udd" 3394
"C:/Users/pduli/AppData/Local/UnrealEngine/Common/DerivedDataCache/Buckets/GlobalShaderMap/dc/72/3d0044e9720a03da74b1c450a725f54e8ceb.udd" 3395
"C:/Users/pduli/AppData/Local/UnrealEngine/Common/DerivedDataCache/Buckets/GlobalShaderMap/f0/c9/c7a2a86604754d47e3d115eff3bb2627394f.udd" 3396
"C:/Users/pduli/AppData/Local/UnrealEngine/Common/DerivedDataCache/Buckets/GlobalShaderMap/f1/c1/80e3deef6e9519a65f091a9537442945a2ce.udd" 3397
"C:/Users/pduli/AppData/Local/UnrealEngine/Common/DerivedDataCache/Buckets/GlobalShaderMap/51/88/fbe2956b8d0a16038dd350ebe8251139e834.udd" 3398
"C:/Users/pduli/AppData/Local/UnrealEngine/Common/DerivedDataCache/Buckets/GlobalShaderMap/60/e9/1297f53fc9d90d9aeeaff9e7b7a5c53a0baa.udd" 3399
"C:/Users/pduli/AppData/Local/UnrealEngine/Common/DerivedDataCache/Buckets/GlobalShaderMap/64/cd/8390638ed60aebcc6e15a8c8b6bede617ed2.udd" 3400
"C:/Users/pduli/AppData/Local/UnrealEngine/Common/DerivedDataCache/Buckets/GlobalShaderMap/1c/3a/45a612b7f14892493a53661cc209dd698c6f.udd" 3401
"C:/Users/pduli/AppData/Local/UnrealEngine/Common/DerivedDataCache/Buckets/GlobalShaderMap/5b/68/4f446ec662d3c11d276eedf7ee699406b387.udd" 3402
"C:/Users/pduli/AppData/Local/UnrealEngine/Common/DerivedDataCache/Buckets/GlobalShaderMap/de/94/6743a8c6ee3ea565cb52fa1de4421ca01787.udd" 3403
"C:/Users/pduli/AppData/Local/UnrealEngine/Common/DerivedDataCache/Buckets/GlobalShaderMap/ce/d3/314da4b1925b0be32d8c2f4dcc715b7ca0c2.udd" 3404
"C:/Users/pduli/AppData/Local/UnrealEngine/Common/DerivedDataCache/Buckets/GlobalShaderMap/c9/17/b5f7c4c768f249889ddb695c42f3d4f80d35.udd" 3405
"C:/Users/pduli/AppData/Local/UnrealEngine/Common/DerivedDataCache/Buckets/GlobalShaderMap/63/8d/5ad5c419af34ac50d86ae30c8cdc2f00e192.udd" 3406
"C:/Users/pduli/AppData/Local/UnrealEngine/Common/DerivedDataCache/Buckets/GlobalShaderMap/de/cf/741057a95d54616f7344f0c3f7a63bcae27f.udd" 3407
"C:/Users/pduli/AppData/Local/UnrealEngine/Common/DerivedDataCache/Buckets/GlobalShaderMap/c2/1f/d016804113a9d3aec173421035d7e0f5d15f.udd" 3408
"C:/Users/pduli/AppData/Local/UnrealEngine/Common/DerivedDataCache/Buckets/GlobalShaderMap/1c/6d/dc04e8429dcf56b16422dcc51eaa5577d2b9.udd" 3409
"C:/Users/pduli/AppData/Local/UnrealEngine/Common/DerivedDataCache/Buckets/GlobalShaderMap/a9/b1/ddc867145f437f7a9eeca01578ba461b066e.udd" 3410
"C:/Users/pduli/AppData/Local/UnrealEngine/Common/DerivedDataCache/Buckets/GlobalShaderMap/b5/e3/2400c964ff57f662adb02b98010368625072.udd" 3411
"C:/Users/pduli/AppData/Local/UnrealEngine/Common/DerivedDataCache/Buckets/GlobalShaderMap/eb/81/1cacbc479f46d226d484e236f1a1ee5a7d49.udd" 3412
"C:/Users/pduli/AppData/Local/UnrealEngine/Common/DerivedDataCache/Buckets/GlobalShaderMap/da/a9/830999db26895ac73e403aa852bb16c6c093.udd" 3413
"C:/Users/pduli/AppData/Local/UnrealEngine/Common/DerivedDataCache/Buckets/GlobalShaderMap/a4/a0/ceac01fbf8e59f22291a0b2c0d8cfbaaf665.udd" 3414
"C:/Users/pduli/AppData/Local/UnrealEngine/Common/DerivedDataCache/Buckets/GlobalShaderMap/c3/97/b67efb950b01877b363194cd26e9b641285b.udd" 3415
"C:/Users/pduli/AppData/Local/UnrealEngine/Common/DerivedDataCache/Buckets/GlobalShaderMap/d5/7c/e4b7e90917c58c2e8533d941915a19e8ae21.udd" 3416
"C:/Users/pduli/AppData/Local/UnrealEngine/Common/DerivedDataCache/Buckets/GlobalShaderMap/7f/d9/a7e25635fd780a6c8420a353f4d3aaa47813.udd" 3417
"C:/Users/pduli/AppData/Local/UnrealEngine/Common/DerivedDataCache/Buckets/GlobalShaderMap/2f/68/e737e2c867dc91aeb2a20fc471a258b591ee.udd" 3418
"C:/Users/pduli/AppData/Local/UnrealEngine/Common/DerivedDataCache/Buckets/GlobalShaderMap/98/e8/3021294477c6926a40e3d8aed7812867c0c3.udd" 3419
"C:/Users/pduli/AppData/Local/UnrealEngine/Common/DerivedDataCache/Buckets/GlobalShaderMap/93/ef/a5295ca6b8c5796e3a6bf6fc33ea7e30f799.udd" 3420
"C:/Users/pduli/AppData/Local/UnrealEngine/Common/DerivedDataCache/Buckets/GlobalShaderMap/92/35/3cf21ce0ed3c16cd97b29a13a75514863253.udd" 3421
"C:/Users/pduli/AppData/Local/UnrealEngine/Common/DerivedDataCache/Buckets/GlobalShaderMap/93/01/883d910a62066056f54cbf784657d228b103.udd" 3422
"C:/Users/pduli/AppData/Local/UnrealEngine/Common/DerivedDataCache/Buckets/GlobalShaderMap/61/5d/a7b4044464c59700e4d1a54bcc022ff0a6c0.udd" 3423
"C:/Users/pduli/AppData/Local/UnrealEngine/Common/DerivedDataCache/Buckets/GlobalShaderMap/db/82/aa740f877797dc06f74fbe6ec4f121ac3d11.udd" 3424
"C:/Users/pduli/AppData/Local/UnrealEngine/Common/DerivedDataCache/Buckets/GlobalShaderMap/5f/3f/09f7aa2f96f8080d6f77323e765c8b7918c1.udd" 3425
"C:/Users/pduli/AppData/Local/UnrealEngine/Common/DerivedDataCache/Buckets/GlobalShaderMap/d0/d1/b74a9188ffbc7017496ee3a7edeee58e7e49.udd" 3426
"C:/Users/pduli/AppData/Local/UnrealEngine/Common/DerivedDataCache/Buckets/GlobalShaderMap/eb/7e/21bba047463fad3be5efad82e079244b26a9.udd" 3427
"C:/Users/pduli/AppData/Local/UnrealEngine/Common/DerivedDataCache/Buckets/GlobalShaderMap/ff/63/bb3c7c93ea47d63b67e99d3b56eded728e0c.udd" 3428
"C:/Users/pduli/AppData/Local/UnrealEngine/Common/DerivedDataCache/Buckets/GlobalShaderMap/f3/38/41ea6f7e0713c5974bd1f2ddab129d036ea3.udd" 3429
"C:/Users/pduli/AppData/Local/UnrealEngine/Common/DerivedDataCache/Buckets/GlobalShaderMap/af/31/3209c69cc9be6641ff4aba49fc8a145ac3b2.udd" 3430
"C:/Users/pduli/AppData/Local/UnrealEngine/Common/DerivedDataCache/Buckets/GlobalShaderMap/68/db/5e396c2607b4bb6e8c626828eb0dbb291898.udd" 3431
"C:/Users/pduli/AppData/Local/UnrealEngine/Common/DerivedDataCache/Buckets/GlobalShaderMap/79/2f/ef8f5e267348c809b8844bcb089b9a15ffc9.udd" 3432
"C:/Users/pduli/AppData/Local/UnrealEngine/Common/DerivedDataCache/Buckets/GlobalShaderMap/c3/cb/938abc5a2cf448960a923f53506abf9f2162.udd" 3433
"C:/Users/pduli/AppData/Local/UnrealEngine/Common/DerivedDataCache/Buckets/GlobalShaderMap/1e/1e/b55dac085949bcf31abd0357c5d034ad30f4.udd" 3434
"C:/Users/pduli/AppData/Local/UnrealEngine/Common/DerivedDataCache/Buckets/GlobalShaderMap/24/97/0b708372bafa2261007ad3ea6f82615e7f0c.udd" 3435
"C:/Users/pduli/AppData/Local/UnrealEngine/Common/DerivedDataCache/Buckets/GlobalShaderMap/f9/50/eff835cc8ed78e378616ecf920a03c7932cd.udd" 3436
"C:/Users/pduli/AppData/Local/UnrealEngine/Common/DerivedDataCache/Buckets/GlobalShaderMap/63/4e/3cfb7f7c669e3a6456e0dc163d45588b5114.udd" 3437
"C:/Users/pduli/AppData/Local/UnrealEngine/Common/DerivedDataCache/Buckets/GlobalShaderMap/ad/ff/5e602e094e6717e0b5aa9dbaf3648e801b67.udd" 3438
"C:/Users/pduli/AppData/Local/UnrealEngine/Common/DerivedDataCache/Buckets/GlobalShaderMap/f7/2d/b4bd385073e076b0b983608adb7aa647c851.udd" 3439
"C:/Users/pduli/AppData/Local/UnrealEngine/Common/DerivedDataCache/Buckets/GlobalShaderMap/f5/a8/d4a8c3dec5a0ce95a47998fbb3861aa0b2a0.udd" 3440
"C:/Users/pduli/AppData/Local/UnrealEngine/Common/DerivedDataCache/Buckets/GlobalShaderMap/05/36/cb8aa1644a19de94911ffadfae2cd2a1dc56.udd" 3441
"C:/Users/pduli/AppData/Local/UnrealEngine/Common/DerivedDataCache/Buckets/GlobalShaderMap/bb/70/3d8411ba5442f79d12befb111c58c5f4054d.udd" 3442
"C:/Users/pduli/AppData/Local/UnrealEngine/Common/DerivedDataCache/Buckets/GlobalShaderMap/d2/a2/54147433ae822b3583b35d2162f80a224fc9.udd" 3443
"C:/Users/pduli/AppData/Local/UnrealEngine/Common/DerivedDataCache/Buckets/GlobalShaderMap/03/f2/9fac7d0ee7c241ec111deb26e45d6b167466.udd" 3444
"C:/Users/pduli/AppData/Local/UnrealEngine/Common/DerivedDataCache/Buckets/GlobalShaderMap/6c/e5/b6c4f9f0bb245b85b5498830068206a8630d.udd" 3445
"C:/Users/pduli/AppData/Local/UnrealEngine/Common/DerivedDataCache/Buckets/GlobalShaderMap/80/fe/ced00644c8f9a757198ee0e8cc53c95ae266.udd" 3446
"C:/Users/pduli/AppData/Local/UnrealEngine/Common/DerivedDataCache/Buckets/GlobalShaderMap/af/7d/46cb2c9fe3824e137b0fc75adb160bb9b443.udd" 3447
"C:/Users/pduli/AppData/Local/UnrealEngine/Common/DerivedDataCache/Buckets/GlobalShaderMap/82/50/c61e6767d97c3bb1f6e4df5805e1e6e6248e.udd" 3448
"C:/Users/pduli/AppData/Local/UnrealEngine/Common/DerivedDataCache/Buckets/GlobalShaderMap/e6/2f/cc9df3c9dbf24181cf3ee04f0a3aa3c95820.udd" 3449
"C:/Users/pduli/AppData/Local/UnrealEngine/Common/DerivedDataCache/Buckets/GlobalShaderMap/5c/10/25eac0aa9cdf99ec43be173dd4831536f81a.udd" 3450
"C:/Users/pduli/AppData/Local/UnrealEngine/Common/DerivedDataCache/Buckets/GlobalShaderMap/a3/1d/7bbe57d308f40b004087ae8a7aee618bf15f.udd" 3451
"C:/Users/pduli/AppData/Local/UnrealEngine/Common/DerivedDataCache/Buckets/GlobalShaderMap/af/c2/e66c2e9d4360c0812b5be440ec6657a8bf22.udd" 3452
"C:/Users/pduli/AppData/Local/UnrealEngine/Common/DerivedDataCache/Buckets/GlobalShaderMap/cb/ce/c440c1e91923a01db5094684e0aa6ccb9416.udd" 3453
"C:/Users/pduli/AppData/Local/UnrealEngine/Common/DerivedDataCache/Buckets/GlobalShaderMap/30/40/1236063abb0946dc5b9e63e8594dff51554a.udd" 3454
"C:/Users/pduli/AppData/Local/UnrealEngine/Common/DerivedDataCache/Buckets/GlobalShaderMap/4d/40/0f1725fc5a18983e2d39cb0cd15b62728bbc.udd" 3455
"C:/Users/pduli/AppData/Local/UnrealEngine/Common/DerivedDataCache/Buckets/GlobalShaderMap/7b/cd/fb2eceb3436f5785ea95d8dafc863189af5d.udd" 3456
"C:/Users/pduli/AppData/Local/UnrealEngine/Common/DerivedDataCache/Buckets/GlobalShaderMap/54/7a/1ee5ef806daf1027f41f1be4a319650857a3.udd" 3457
"C:/Users/pduli/AppData/Local/UnrealEngine/Common/DerivedDataCache/Buckets/GlobalShaderMap/96/3e/0deaaff524f4753bb516138cdf41af6d51dc.udd" 3458
"C:/Users/pduli/AppData/Local/UnrealEngine/Common/DerivedDataCache/Buckets/GlobalShaderMap/52/31/e76b953a80137a00a726ebfa5c385e6e7557.udd" 3459
"C:/Users/pduli/AppData/Local/UnrealEngine/Common/DerivedDataCache/Buckets/GlobalShaderMap/d1/be/d232a7b64afc23f7dc60e97df9661856a3f9.udd" 3460
"C:/Users/pduli/AppData/Local/UnrealEngine/Common/DerivedDataCache/Buckets/GlobalShaderMap/91/0a/a221d401c91c5778c97dfc4addacc9f93335.udd" 3461
"C:/Users/pduli/AppData/Local/UnrealEngine/Common/DerivedDataCache/Buckets/GlobalShaderMap/c5/1d/79bb657c3dc628a5a6d77425c51387b7dc60.udd" 3462
"C:/Users/pduli/AppData/Local/UnrealEngine/Common/DerivedDataCache/Buckets/GlobalShaderMap/60/1d/415021fd068fb533ccebbc122ed1b4075974.udd" 3463
"C:/Users/pduli/AppData/Local/UnrealEngine/Common/DerivedDataCache/Buckets/GlobalShaderMap/80/ea/7d26d950d707ac50df29f9e83a0f485cfbe1.udd" 3464
"C:/Users/pduli/AppData/Local/UnrealEngine/Common/DerivedDataCache/Buckets/GlobalShaderMap/97/78/e45f7be5ccd52e0551d09afda9da800da761.udd" 3465
"../../../Engine/Plugins/Interchange/Runtime/Content/Pipelines/DefaultSceneLevelPipeline.uasset" 3466
"../../../Engine/Plugins/Interchange/Runtime/Content/Pipelines/DefaultMaterialPipeline.uasset" 3467
"../../../Engine/Plugins/Interchange/Runtime/Content/Pipelines/DefaultTexturePipeline.uasset" 3468
"../../../Engine/Plugins/Interchange/Runtime/Content/Pipelines/DefaultAssetsPipeline.uasset" 3469
"../../../Engine/Content/EngineMaterials/STBlueNoise_vec2_128x128x64.uasset" 3470
"../../../Engine/Content/EngineSounds/Master.uasset" 3471
"../../../Engine/Content/EngineMaterials/STBlueNoise_scalar_128x128x64.uasset" 3472
"../../../Engine/Content/EngineDebugMaterials/DebugEditorMaterial.uasset" 3473
"../../../Engine/Plugins/Interchange/Runtime/Content/Pipelines/DefaultSceneAssetsPipeline.uasset" 3474
"../../../Engine/Content/EngineMaterials/DefaultBloomKernel.uasset" 3475
"../../../Engine/Content/EditorResources/BSPVertex.uasset" 3476
"E:/UE Projects/SixMinutesAtChonkers/Content/__ExternalObjects__/ThirdPerson/Maps/ThirdPersonMap/E/GP/22PD314FCWY4ZK61DE3XZC.uasset" 3477
"E:/UE Projects/SixMinutesAtChonkers/Content/__ExternalObjects__/ThirdPerson/Maps/ThirdPersonMap/C/7N/FDH7Y28CQFXDK8P6MM1HXM.uasset" 3478
"E:/UE Projects/SixMinutesAtChonkers/Content/__ExternalObjects__/ThirdPerson/Maps/ThirdPersonMap/9/KN/KHZG97SS6AL73U7AXDWH6J.uasset" 3479
"E:/UE Projects/SixMinutesAtChonkers/Content/__ExternalObjects__/ThirdPerson/Maps/ThirdPersonMap/6/TK/PIQ0B2FNWR15P52TECP27A.uasset" 3480
"E:/UE Projects/SixMinutesAtChonkers/Content/__ExternalObjects__/ThirdPerson/Maps/ThirdPersonMap/6/D8/3MZ6M1DB94VN44C87D65WR.uasset" 3481
"E:/UE Projects/SixMinutesAtChonkers/Content/__ExternalObjects__/ThirdPerson/Maps/ThirdPersonMap/4/VW/TY7TSUER9KKGHX2BMKSL0L.uasset" 3482
"E:/UE Projects/SixMinutesAtChonkers/Content/__ExternalObjects__/FirstPerson/Maps/FirstPersonMap/E/ZB/64YLC9YROSMO90SC5KR0PE.uasset" 3483
"E:/UE Projects/SixMinutesAtChonkers/Content/__ExternalObjects__/FirstPerson/Maps/FirstPersonMap/E/2M/ESWAVQBPX1XK2OH2YGVZCM.uasset" 3484
"E:/UE Projects/SixMinutesAtChonkers/Content/__ExternalObjects__/FirstPerson/Maps/FirstPersonMap/A/JH/8TTAOMHN06NOHWGDJXKH1N.uasset" 3485
"E:/UE Projects/SixMinutesAtChonkers/Content/__ExternalObjects__/FirstPerson/Maps/FirstPersonMap/D/PH/WQFJJGR81PTWACYGUC1CP5.uasset" 3486
"E:/UE Projects/SixMinutesAtChonkers/Content/__ExternalObjects__/FirstPerson/Maps/FirstPersonMap/8/9P/KRNGZ1PU2Y3ACDDE2D2XC5.uasset" 3487
"E:/UE Projects/SixMinutesAtChonkers/Content/__ExternalObjects__/FirstPerson/Maps/FirstPersonMap/7/ZX/JUGNISA5MV8V8FE530PDPQ.uasset" 3488
"E:/UE Projects/SixMinutesAtChonkers/Content/__ExternalObjects__/FirstPerson/Maps/FirstPersonMap/6/2R/TKXMGQLWGTB6FEH6EYY7NK.uasset" 3489
"E:/UE Projects/SixMinutesAtChonkers/Content/__ExternalObjects__/FirstPerson/Maps/FirstPersonMap/3/9Y/O1HBCAIOGYKE5W89K0N3EC.uasset" 3490
"E:/UE Projects/SixMinutesAtChonkers/Content/ThirdPerson/Maps/ThirdPersonMap_BuiltData.uasset" 3491
"E:/UE Projects/SixMinutesAtChonkers/Content/ThirdPerson/Input/Actions/IA_Move.uasset" 3492
"E:/UE Projects/SixMinutesAtChonkers/Content/ThirdPerson/Input/Actions/IA_Look.uasset" 3493
"E:/UE Projects/SixMinutesAtChonkers/Content/ThirdPerson/Input/Actions/IA_Jump.uasset" 3494
"E:/UE Projects/SixMinutesAtChonkers/Content/StarterContent/Textures/T_Wood_Walnut_N.uasset" 3495
"../../../Engine/Plugins/Animation/ControlRig/Content/Controls/ControlRigGizmoMaterial.uasset" 3496
"../../../Engine/Content/EngineResources/FilmGrains/Marcie_Grain_v3_128_M2_000.uasset" 3497
"E:/UE Projects/SixMinutesAtChonkers/Content/StarterContent/Textures/T_Wood_Walnut_D.uasset" 3498
"E:/UE Projects/SixMinutesAtChonkers/Content/StarterContent/Textures/T_Wood_Pine_N.uasset" 3499
"E:/UE Projects/SixMinutesAtChonkers/Content/StarterContent/Textures/T_Wood_Pine_D.uasset" 3500
"E:/UE Projects/SixMinutesAtChonkers/Content/StarterContent/Textures/T_Wood_Oak_N.uasset" 3501
"E:/UE Projects/SixMinutesAtChonkers/Content/StarterContent/Textures/T_Wood_Oak_D.uasset" 3502
"E:/UE Projects/SixMinutesAtChonkers/Content/StarterContent/Textures/T_Wood_Floor_Walnut_N.uasset" 3503
"E:/UE Projects/SixMinutesAtChonkers/Content/StarterContent/Textures/T_Wood_Floor_Walnut_M.uasset" 3504
"E:/UE Projects/SixMinutesAtChonkers/Content/StarterContent/Textures/T_Wood_Floor_Walnut_D.uasset" 3505
"C:/Users/pduli/AppData/Local/UnrealEngine/Common/DerivedDataCache/Buckets/BulkDataList/be/2f/b6068a557091549e42c8782c39fbaca04dfd.udd" 3506
"E:/UE Projects/SixMinutesAtChonkers/Content/StarterContent/Textures/T_Water_N.uasset" 3507
"C:/Users/pduli/AppData/Local/UnrealEngine/Common/DerivedDataCache/Buckets/BulkDataList/bc/f5/53bacd02adc33aa540b446d3157e939048c1.udd" 3508
"E:/UE Projects/SixMinutesAtChonkers/Content/StarterContent/Textures/T_Water_M.uasset" 3509
"E:/UE Projects/SixMinutesAtChonkers/Content/StarterContent/Textures/T_Tech_Panel_N.uasset" 3510
"C:/Users/pduli/AppData/Local/UnrealEngine/Common/DerivedDataCache/Buckets/BulkDataList/9c/d3/595f1b3e66f8d8c2acfe739cbdf41e299452.udd" 3511
"E:/UE Projects/SixMinutesAtChonkers/Content/StarterContent/Textures/T_Tech_Panel_M.uasset" 3512
"E:/UE Projects/SixMinutesAtChonkers/Content/StarterContent/Textures/T_Tech_Hex_Tile_N.uasset" 3513
"C:/Users/pduli/AppData/Local/UnrealEngine/Common/DerivedDataCache/Buckets/BulkDataList/43/f3/10a7878e68ce2df30f5d1da8455fadea165d.udd" 3514
"../../../../../UE Projects/SixMinutesAtChonkers/Content/ThirdPerson/Maps/ThirdPersonMap.umap" 3515
"../../../../../UE Projects/SixMinutesAtChonkers/Content/ThirdPerson/Blueprints/BP_ThirdPersonGameMode.uasset" 3516
"../../../../../UE Projects/SixMinutesAtChonkers/Content/Security/BP_ThirdPersonGuard.uasset" 3517
"../../../../../UE Projects/SixMinutesAtChonkers/Content/Characters/Mannequins/Animations/ABP_Quinn.uasset" 3518
"../../../../../UE Projects/SixMinutesAtChonkers/Content/Characters/Mannequins/Animations/ABP_Manny.uasset" 3519
"../../../../../UE Projects/SixMinutesAtChonkers/Content/Characters/Mannequins/Animations/Manny/MM_Fall_Loop.uasset" 3520
"../../../../../UE Projects/SixMinutesAtChonkers/Content/Characters/Mannequins/Meshes/SK_Mannequin.uasset" 3521
"../../../../../UE Projects/SixMinutesAtChonkers/Content/Characters/Mannequins/Animations/Manny/MM_Idle.uasset" 3522
"../../../../../UE Projects/SixMinutesAtChonkers/Content/Characters/Mannequins/Animations/Manny/MM_Jump.uasset" 3523
"../../../../../UE Projects/SixMinutesAtChonkers/Content/Characters/Mannequins/Animations/Manny/MM_Land.uasset" 3524
"../../../../../UE Projects/SixMinutesAtChonkers/Content/Characters/Mannequins/Animations/Manny/BS_MM_WalkRun.uasset" 3525
"../../../../../UE Projects/SixMinutesAtChonkers/Content/Characters/Mannequins/Animations/Manny/MM_Run_Fwd.uasset" 3526
"../../../../../UE Projects/SixMinutesAtChonkers/Content/Characters/Mannequins/Animations/Manny/MM_Walk_Fwd.uasset" 3527
"../../../../../UE Projects/SixMinutesAtChonkers/Content/Characters/Mannequins/Animations/Manny/MM_Walk_InPlace.uasset" 3528
"../../../../../UE Projects/SixMinutesAtChonkers/Content/Characters/Mannequins/Rigs/CR_Mannequin_BasicFootIK.uasset" 3529
"../../Plugins/Animation/ControlRig/Content/Controls/DefaultGizmoLibrary.uasset" 3530
"../../../../../UE Projects/SixMinutesAtChonkers/Content/Characters/Mannequins/Animations/Quinn/MF_Idle.uasset" 3531
"../../../../../UE Projects/SixMinutesAtChonkers/Content/Characters/Mannequins/Animations/Quinn/BS_MF_Unarmed_WalkRun.uasset" 3532
"../../../../../UE Projects/SixMinutesAtChonkers/Content/Characters/Mannequins/Animations/Quinn/MF_Run_Fwd.uasset" 3533
"../../../../../UE Projects/SixMinutesAtChonkers/Content/Characters/Mannequins/Animations/Quinn/MF_Walk_Fwd.uasset" 3534
"../../../Engine/Content/EditorBlueprintResources/StandardMacros.uasset" 3535
"../../../../../UE Projects/SixMinutesAtChonkers/Content/Security/BP_Door.uasset" 3536
"../../../../../UE Projects/SixMinutesAtChonkers/Content/Rooms/Office/Mats/OfficeDoor_Door_Mat.uasset" 3537
"../../../../../UE Projects/SixMinutesAtChonkers/Content/Rooms/Office/Graphics/OfficeDoor_Door.uasset" 3538
"../../../../../UE Projects/SixMinutesAtChonkers/Content/Interface_And_Item_Sounds/Cues/Abstract_Pop_05_Cue.uasset" 3539
"../../../../../UE Projects/SixMinutesAtChonkers/Content/Interface_And_Item_Sounds/WAV/Abstract_Pop_05.uasset" 3540
"../../../../../UE Projects/SixMinutesAtChonkers/Content/Security/Cameras/SecurityMonitor_BP.uasset" 3541
"../../../../../UE Projects/SixMinutesAtChonkers/Content/Security/Cameras/SecurityCamera_BP.uasset" 3542
"../../../Engine/Content/BasicShapes/BasicShapeMaterial.uasset" 3543
"../../../../../UE Projects/SixMinutesAtChonkers/Content/Security/Cameras/SecurityCamera_MAT.uasset" 3544
"../../../Engine/Content/EngineResources/Black_Low.uasset" 3545
"../../../../../UE Projects/SixMinutesAtChonkers/Content/ThirdPerson/Input/IMC_Default.uasset" 3546
"../../../../../UE Projects/SixMinutesAtChonkers/Content/Interface_And_Item_Sounds/Cues/Cartoon_Falling_05_Cue.uasset" 3547
"../../../../../UE Projects/SixMinutesAtChonkers/Content/Interface_And_Item_Sounds/WAV/Cartoon_Falling_05.uasset" 3548
"../../../../../UE Projects/SixMinutesAtChonkers/Content/Interface_And_Item_Sounds/Cues/Gong_01_Cue.uasset" 3549
"../../../../../UE Projects/SixMinutesAtChonkers/Content/Interface_And_Item_Sounds/WAV/Gong_01.uasset" 3550
"../../../../../UE Projects/SixMinutesAtChonkers/Content/Interface_And_Item_Sounds/WAV/Flick_Switch_03.uasset" 3551
"../../../../../UE Projects/SixMinutesAtChonkers/Content/Security/ActionsWidget.uasset" 3552
"../../../../../UE Projects/SixMinutesAtChonkers/Content/Security/LoseWidget.uasset" 3553
"../../../../../UE Projects/SixMinutesAtChonkers/Content/Security/TimerWidget.uasset" 3554
"../../../../../UE Projects/SixMinutesAtChonkers/Content/Security/WinWidget.uasset" 3555
"../../../Engine/Content/Maps/Templates/HLODs/HLODLayer_Instanced.uasset" 3556
"../../../../../UE Projects/SixMinutesAtChonkers/Content/__ExternalActors__/ThirdPerson/Maps/ThirdPersonMap/0/43/HYQWORMY4JDQ5X3OKZXFLC.uasset" 3557
"C:/Users/pduli/AppData/Local/UnrealEngine/Common/DerivedDataCache/Buckets/BulkDataList/aa/5e/711291d2b3fdfa082a27338c5516ebd396eb.udd" 3558
"C:/Users/pduli/AppData/Local/UnrealEngine/Common/DerivedDataCache/Buckets/BulkDataList/b4/a0/c969e70771cce9db57f0d73097674d31679c.udd" 3559
"C:/Users/pduli/AppData/Local/UnrealEngine/Common/DerivedDataCache/Buckets/BulkDataList/97/8b/98162333b470a70f23f2b2a2829b1f73d314.udd" 3560
"C:/Users/pduli/AppData/Local/UnrealEngine/Common/DerivedDataCache/Buckets/BulkDataList/c9/90/4b37782e2f30ee38b444b750d71d0db86a3f.udd" 3561
"C:/Users/pduli/AppData/Local/UnrealEngine/Common/DerivedDataCache/Buckets/BulkDataPayloadId/4a/e3/e2d697765413c5031f0f60cebf8ccb861d01.udd" 3562
"C:/Users/pduli/AppData/Local/UnrealEngine/Common/DerivedDataCache/Buckets/BulkDataList/d9/b6/a003ac39b578f1e21abb00bdb7730e7a521b.udd" 3563
"C:/Users/pduli/AppData/Local/UnrealEngine/Common/DerivedDataCache/Buckets/BulkDataList/6c/3d/6f1b65c71804d99271261ae6adada576f38c.udd" 3564
"C:/Users/pduli/AppData/Local/UnrealEngine/Common/DerivedDataCache/Buckets/BulkDataPayloadId/68/81/946de2b3ad9542c8ad85ee67b34eea4d45ab.udd" 3565
"C:/Users/pduli/AppData/Local/UnrealEngine/Common/DerivedDataCache/Buckets/BulkDataPayloadId/9e/da/c673e2cf6655bdf4b560c96c519b133122e9.udd" 3566
"C:/Users/pduli/AppData/Local/UnrealEngine/Common/DerivedDataCache/Buckets/BulkDataPayloadId/72/58/dfce9d2eb82650ad08f7d70f40dbdecf70f3.udd" 3567
"E:/UE Projects/SixMinutesAtChonkers/Content/StarterContent/Textures/T_Tech_Hex_Tile_M.uasset" 3568
"E:/UE Projects/SixMinutesAtChonkers/Content/StarterContent/Textures/T_Tech_Dot_N.uasset" 3569
"E:/UE Projects/SixMinutesAtChonkers/Content/StarterContent/Textures/T_Tech_Dot_M.uasset" 3570
"E:/UE Projects/SixMinutesAtChonkers/Content/StarterContent/Textures/T_TableRound_N.uasset" 3571
"E:/UE Projects/SixMinutesAtChonkers/Content/StarterContent/Textures/T_TableRound_M.uasset" 3572
"E:/UE Projects/SixMinutesAtChonkers/Content/StarterContent/Textures/T_Statue_N.uasset" 3573
"../../../../../UE Projects/SixMinutesAtChonkers/Content/FirstPerson/Maps/FirstPersonMap.umap" 3574
"../../../../../UE Projects/SixMinutesAtChonkers/Content/FirstPerson/Blueprints/BP_FirstPersonGameMode.uasset" 3575
"../../../../../UE Projects/SixMinutesAtChonkers/Content/__ExternalActors__/FirstPerson/Maps/FirstPersonMap/D/0W/E1FKEGVKGOLM7HGLQPCIPO.uasset" 3576
"E:/UE Projects/SixMinutesAtChonkers/Content/StarterContent/Textures/T_Statue_M.uasset" 3577
"E:/UE Projects/SixMinutesAtChonkers/Content/StarterContent/Textures/T_Spark_Core.uasset" 3578
"E:/UE Projects/SixMinutesAtChonkers/Content/StarterContent/Textures/T_Smoke_Tiled_D.uasset" 3579
"E:/UE Projects/SixMinutesAtChonkers/Content/StarterContent/Textures/T_Smoke_SubUV.uasset" 3580
"E:/UE Projects/SixMinutesAtChonkers/Content/StarterContent/Textures/T_Single_Tile_N.uasset" 3581
"E:/UE Projects/SixMinutesAtChonkers/Content/StarterContent/Textures/T_Shelf_N.uasset" 3582
"E:/UE Projects/SixMinutesAtChonkers/Content/StarterContent/Textures/T_Shelf_M.uasset" 3583
"E:/UE Projects/SixMinutesAtChonkers/Content/StarterContent/Textures/T_Rock_Smooth_Granite_D.uasset" 3584
"E:/UE Projects/SixMinutesAtChonkers/Content/StarterContent/Textures/T_Rock_Slate_N.uasset" 3585
"E:/UE Projects/SixMinutesAtChonkers/Content/StarterContent/Textures/T_Rock_Slate_D.uasset" 3586
"E:/UE Projects/SixMinutesAtChonkers/Content/StarterContent/Textures/T_Rock_Sandstone_N.uasset" 3587
"E:/UE Projects/SixMinutesAtChonkers/Content/StarterContent/Textures/T_Rock_Sandstone_D.uasset" 3588
"E:/UE Projects/SixMinutesAtChonkers/Content/StarterContent/Textures/T_Rock_Marble_Polished_D.uasset" 3589
"E:/UE Projects/SixMinutesAtChonkers/Content/StarterContent/Textures/T_Rock_Basalt_N.uasset" 3590
"E:/UE Projects/SixMinutesAtChonkers/Content/StarterContent/Textures/T_Rock_Basalt_D.uasset" 3591
"E:/UE Projects/SixMinutesAtChonkers/Content/StarterContent/Textures/T_RockMesh_N.uasset" 3592
"E:/UE Projects/SixMinutesAtChonkers/Content/StarterContent/Textures/T_RockMesh_M.uasset" 3593
"E:/UE Projects/SixMinutesAtChonkers/Content/StarterContent/Textures/T_Perlin_Noise_M.uasset" 3594
"E:/UE Projects/SixMinutesAtChonkers/Content/StarterContent/Textures/T_Metal_Steel_N.uasset" 3595
"E:/UE Projects/SixMinutesAtChonkers/Content/StarterContent/Textures/T_Metal_Steel_D.uasset" 3596
"E:/UE Projects/SixMinutesAtChonkers/Content/StarterContent/Textures/T_Metal_Rust_N.uasset" 3597
"E:/UE Projects/SixMinutesAtChonkers/Content/StarterContent/Textures/T_Metal_Rust_D.uasset" 3598
"E:/UE Projects/SixMinutesAtChonkers/Content/StarterContent/Textures/T_Metal_Gold_N.uasset" 3599
"E:/UE Projects/SixMinutesAtChonkers/Content/StarterContent/Textures/T_Metal_Gold_D.uasset" 3600
"E:/UE Projects/SixMinutesAtChonkers/Content/StarterContent/Textures/T_Metal_Copper_D.uasset" 3601
"E:/UE Projects/SixMinutesAtChonkers/Content/StarterContent/Textures/T_Metal_Aluminum_D.uasset" 3602
"E:/UE Projects/SixMinutesAtChonkers/Content/StarterContent/Textures/T_MacroVariation.uasset" 3603
"E:/UE Projects/SixMinutesAtChonkers/Content/StarterContent/Textures/T_Lamp_N.uasset" 3604
"E:/UE Projects/SixMinutesAtChonkers/Content/StarterContent/Textures/T_Lamp_M.uasset" 3605
"E:/UE Projects/SixMinutesAtChonkers/Content/StarterContent/Textures/T_Ground_Moss_N.uasset" 3606
"E:/UE Projects/SixMinutesAtChonkers/Content/StarterContent/Textures/T_ground_Moss_D.uasset" 3607
"E:/UE Projects/SixMinutesAtChonkers/Content/StarterContent/Textures/T_Ground_Gravel_N.uasset" 3608
"E:/UE Projects/SixMinutesAtChonkers/Content/StarterContent/Textures/T_Ground_Gravel_D.uasset" 3609
"E:/UE Projects/SixMinutesAtChonkers/Content/StarterContent/Textures/T_Ground_Grass_N.uasset" 3610
"E:/UE Projects/SixMinutesAtChonkers/Content/StarterContent/Textures/T_Ground_Grass_D.uasset" 3611
"E:/UE Projects/SixMinutesAtChonkers/Content/StarterContent/Textures/T_Gradinet_01.uasset" 3612
"E:/UE Projects/SixMinutesAtChonkers/Content/StarterContent/Textures/T_Frame_N.uasset" 3613
"E:/UE Projects/SixMinutesAtChonkers/Content/StarterContent/Textures/T_Frame_M.uasset" 3614
"E:/UE Projects/SixMinutesAtChonkers/Content/StarterContent/Textures/T_Fire_Tiled_D.uasset" 3615
"E:/UE Projects/SixMinutesAtChonkers/Content/StarterContent/Textures/T_Fire_SubUV.uasset" 3616
"E:/UE Projects/SixMinutesAtChonkers/Content/StarterContent/Textures/T_Explosion_SubUV.uasset" 3617
"E:/UE Projects/SixMinutesAtChonkers/Content/StarterContent/Textures/T_Dust_Particle_D.uasset" 3618
"E:/UE Projects/SixMinutesAtChonkers/Content/StarterContent/Textures/T_Door_N.uasset" 3619
"E:/UE Projects/SixMinutesAtChonkers/Content/StarterContent/Textures/T_Door_M.uasset" 3620
"C:/Users/pduli/AppData/Local/UnrealEngine/Common/DerivedDataCache/Buckets/BulkDataList/65/a1/ea6b990c049852741108966e7912032f3bcf.udd" 3621
"E:/UE Projects/SixMinutesAtChonkers/Content/StarterContent/Textures/T_Detail_Rocky_N.uasset" 3622
"E:/UE Projects/SixMinutesAtChonkers/Content/StarterContent/Textures/T_Concrete_Tiles_Variation_M.uasset" 3623
"E:/UE Projects/SixMinutesAtChonkers/Content/StarterContent/Textures/T_Concrete_Tiles_N.uasset" 3624
"E:/UE Projects/SixMinutesAtChonkers/Content/StarterContent/Textures/T_Concrete_Tiles_M.uasset" 3625
"E:/UE Projects/SixMinutesAtChonkers/Content/StarterContent/Textures/T_Concrete_Tiles_D.uasset" 3626
"E:/UE Projects/SixMinutesAtChonkers/Content/StarterContent/Textures/T_Concrete_Poured_N.uasset" 3627
"E:/UE Projects/SixMinutesAtChonkers/Content/StarterContent/Textures/T_Concrete_Poured_D.uasset" 3628
"E:/UE Projects/SixMinutesAtChonkers/Content/StarterContent/Textures/T_Concrete_Panels_N.uasset" 3629
"C:/Users/pduli/AppData/Local/UnrealEngine/Common/DerivedDataCache/Buckets/BulkDataList/8b/3b/6fc22db06f590cf58cf7b8d7344311282662.udd" 3630
"E:/UE Projects/SixMinutesAtChonkers/Content/StarterContent/Textures/T_Concrete_Panels_D.uasset" 3631
"C:/Users/pduli/AppData/Local/UnrealEngine/Common/DerivedDataCache/Buckets/BulkDataList/6f/f7/fb3df81c8e7b29fe1464bdc1f41fde3cc244.udd" 3632
"E:/UE Projects/SixMinutesAtChonkers/Content/StarterContent/Textures/T_Concrete_Grime_D.uasset" 3633
"E:/UE Projects/SixMinutesAtChonkers/Content/StarterContent/Textures/T_CobbleStone_Smooth_N.uasset" 3634
"E:/UE Projects/SixMinutesAtChonkers/Content/StarterContent/Textures/T_CobbleStone_Smooth_M.uasset" 3635
"E:/UE Projects/SixMinutesAtChonkers/Content/StarterContent/Textures/T_CobbleStone_Smooth_D.uasset" 3636
"E:/UE Projects/SixMinutesAtChonkers/Content/StarterContent/Textures/T_CobbleStone_Rough_N.uasset" 3637
"E:/UE Projects/SixMinutesAtChonkers/Content/StarterContent/Textures/T_CobbleStone_Rough_D.uasset" 3638
"E:/UE Projects/SixMinutesAtChonkers/Content/StarterContent/Textures/T_CobbleStone_Pebble_N.uasset" 3639
"C:/Users/pduli/AppData/Local/UnrealEngine/Common/DerivedDataCache/Buckets/BulkDataList/21/e5/dfac4d4c6bbc811b9cdcf5f4f60a334f95c1.udd" 3640
"E:/UE Projects/SixMinutesAtChonkers/Content/StarterContent/Textures/T_CobbleStone_Pebble_M.uasset" 3641
"E:/UE Projects/SixMinutesAtChonkers/Content/StarterContent/Textures/T_CobbleStone_Pebble_D.uasset" 3642
"E:/UE Projects/SixMinutesAtChonkers/Content/StarterContent/Textures/T_Checker_Noise_M.uasset" 3643
"E:/UE Projects/SixMinutesAtChonkers/Content/StarterContent/Textures/T_Chair_N.uasset" 3644
"E:/UE Projects/SixMinutesAtChonkers/Content/StarterContent/Textures/T_Chair_M.uasset" 3645
"E:/UE Projects/SixMinutesAtChonkers/Content/StarterContent/Textures/T_Ceramic_Tile_N.uasset" 3646
"E:/UE Projects/SixMinutesAtChonkers/Content/StarterContent/Textures/T_Ceramic_Tile_M.uasset" 3647
"E:/UE Projects/SixMinutesAtChonkers/Content/StarterContent/Textures/T_Bush_N.uasset" 3648
"C:/Users/pduli/AppData/Local/UnrealEngine/Common/DerivedDataCache/Buckets/BulkDataList/f8/40/6f6169fb6bc752bc9aefebdd75cb44d9e89d.udd" 3649
"E:/UE Projects/SixMinutesAtChonkers/Content/StarterContent/Textures/T_Bush_D.uasset" 3650
"E:/UE Projects/SixMinutesAtChonkers/Content/StarterContent/Textures/T_Burst_M.uasset" 3651
"E:/UE Projects/SixMinutesAtChonkers/Content/StarterContent/Textures/T_Brick_Hewn_Stone_N.uasset" 3652
"E:/UE Projects/SixMinutesAtChonkers/Content/StarterContent/Textures/T_Brick_Hewn_Stone_M.uasset" 3653
"E:/UE Projects/SixMinutesAtChonkers/Content/StarterContent/Textures/T_Brick_Hewn_Stone_D.uasset" 3654
"E:/UE Projects/SixMinutesAtChonkers/Content/StarterContent/Textures/T_Brick_Cut_Stone_N.uasset" 3655
"E:/UE Projects/SixMinutesAtChonkers/Content/StarterContent/Textures/T_Brick_Cut_Stone_D.uasset" 3656
"E:/UE Projects/SixMinutesAtChonkers/Content/StarterContent/Textures/T_Brick_Clay_Old_N.uasset" 3657
"E:/UE Projects/SixMinutesAtChonkers/Content/StarterContent/Textures/T_Brick_Clay_Old_D.uasset" 3658
"E:/UE Projects/SixMinutesAtChonkers/Content/StarterContent/Textures/T_Brick_Clay_New_N.uasset" 3659
"E:/UE Projects/SixMinutesAtChonkers/Content/StarterContent/Textures/T_Brick_Clay_New_M.uasset" 3660
"E:/UE Projects/SixMinutesAtChonkers/Content/StarterContent/Textures/T_Brick_Clay_New_D.uasset" 3661
"E:/UE Projects/SixMinutesAtChonkers/Content/StarterContent/Textures/T_Brick_Clay_Beveled_N.uasset" 3662
"E:/UE Projects/SixMinutesAtChonkers/Content/StarterContent/Textures/T_Brick_Clay_Beveled_M.uasset" 3663
"E:/UE Projects/SixMinutesAtChonkers/Content/StarterContent/Textures/T_Brick_Clay_Beveled_D.uasset" 3664
"E:/UE Projects/SixMinutesAtChonkers/Content/StarterContent/Particles/Materials/m_flare_01.uasset" 3665
"E:/UE Projects/SixMinutesAtChonkers/Content/StarterContent/Materials/M_Glass.uasset" 3666
"E:/UE Projects/SixMinutesAtChonkers/Content/StarterContent/Materials/M_Basic_Wall.uasset" 3667
"C:/Users/pduli/AppData/Local/UnrealEngine/Common/DerivedDataCache/Buckets/BulkDataList/12/66/a2ac934c964efd8d6c4961ffd7e59139125a.udd" 3668
"E:/UE Projects/SixMinutesAtChonkers/Content/StarterContent/Materials/M_Basic_Floor.uasset" 3669
"E:/UE Projects/SixMinutesAtChonkers/Content/StarterContent/Materials/M_AssetPlatform.uasset" 3670
"C:/Users/pduli/AppData/Local/UnrealEngine/Common/DerivedDataCache/Buckets/BulkDataList/ef/01/e0e4440955e4091f90a07890c077e8209f9b.udd" 3671
"E:/UE Projects/SixMinutesAtChonkers/Content/StarterContent/Maps/StarterMap_BuiltData.uasset" 3672
"E:/UE Projects/SixMinutesAtChonkers/Content/StarterContent/Maps/Minimal_Default_BuiltData.uasset" 3673
"E:/UE Projects/SixMinutesAtChonkers/Content/StarterContent/Maps/Advanced_Lighting_BuiltData.uasset" 3674
"C:/Users/pduli/AppData/Local/UnrealEngine/Common/DerivedDataCache/Buckets/BulkDataList/f0/d5/46ec7e890e495010a747eae73e685fc88371.udd" 3675
"E:/UE Projects/SixMinutesAtChonkers/Content/StarterContent/HDRI/HDRI_Epic_Courtyard_Daylight.uasset" 3676
"E:/UE Projects/SixMinutesAtChonkers/Content/StarterContent/Blueprints/Assets/SunlightColorLUT.uasset" 3677
"E:/UE Projects/SixMinutesAtChonkers/Content/StarterContent/Blueprints/Assets/M_LightStage_Arrows.uasset" 3678
"E:/UE Projects/SixMinutesAtChonkers/Content/StarterContent/Blueprints/Assets/FogBrightnessLUT.uasset" 3679
"E:/UE Projects/SixMinutesAtChonkers/Content/StarterContent/Audio/Steam01_Cue.uasset" 3680
"E:/UE Projects/SixMinutesAtChonkers/Content/StarterContent/Audio/Steam01.uasset" 3681
"E:/UE Projects/SixMinutesAtChonkers/Content/StarterContent/Audio/Starter_Wind06.uasset" 3682
"E:/UE Projects/SixMinutesAtChonkers/Content/StarterContent/Audio/Starter_Wind05.uasset" 3683
"E:/UE Projects/SixMinutesAtChonkers/Content/StarterContent/Audio/Starter_Music_Cue.uasset" 3684
"E:/UE Projects/SixMinutesAtChonkers/Content/StarterContent/Audio/Starter_Music01.uasset" 3685
"E:/UE Projects/SixMinutesAtChonkers/Content/StarterContent/Audio/Starter_Birds01.uasset" 3686
"E:/UE Projects/SixMinutesAtChonkers/Content/StarterContent/Audio/Starter_Background_Cue.uasset" 3687
"E:/UE Projects/SixMinutesAtChonkers/Content/StarterContent/Audio/Smoke01_Cue.uasset" 3688
"E:/UE Projects/SixMinutesAtChonkers/Content/StarterContent/Audio/Smoke01.uasset" 3689
"E:/UE Projects/SixMinutesAtChonkers/Content/StarterContent/Audio/Light02_Cue.uasset" 3690
"E:/UE Projects/SixMinutesAtChonkers/Content/StarterContent/Audio/Light02.uasset" 3691
"E:/UE Projects/SixMinutesAtChonkers/Content/StarterContent/Audio/Light01_Cue.uasset" 3692
"E:/UE Projects/SixMinutesAtChonkers/Content/StarterContent/Audio/Light01.uasset" 3693
"E:/UE Projects/SixMinutesAtChonkers/Content/StarterContent/Audio/Fire_Sparks01_Cue.uasset" 3694
"E:/UE Projects/SixMinutesAtChonkers/Content/StarterContent/Audio/Fire_Sparks01.uasset" 3695
"E:/UE Projects/SixMinutesAtChonkers/Content/StarterContent/Audio/Fire01_Cue.uasset" 3696
"E:/UE Projects/SixMinutesAtChonkers/Content/StarterContent/Audio/Fire01.uasset" 3697
"E:/UE Projects/SixMinutesAtChonkers/Content/StarterContent/Audio/Explosion_Cue.uasset" 3698
"E:/UE Projects/SixMinutesAtChonkers/Content/StarterContent/Audio/Explosion02.uasset" 3699
"E:/UE Projects/SixMinutesAtChonkers/Content/StarterContent/Audio/Explosion01.uasset" 3700
"E:/UE Projects/SixMinutesAtChonkers/Content/StarterContent/Audio/Collapse_Cue.uasset" 3701
"E:/UE Projects/SixMinutesAtChonkers/Content/StarterContent/Audio/Collapse02.uasset" 3702
"E:/UE Projects/SixMinutesAtChonkers/Content/StarterContent/Audio/Collapse01.uasset" 3703
"C:/Users/pduli/AppData/Local/UnrealEngine/Common/DerivedDataCache/Buckets/BulkDataList/57/08/dc7a479cbc7a4646f2ac75f74a4dc3d771b4.udd" 3704
"E:/UE Projects/SixMinutesAtChonkers/Content/Security/Inputs/IA_ShowTablet.uasset" 3705
"E:/UE Projects/SixMinutesAtChonkers/Content/Security/CCTV/CCTV_CAM_1.uasset" 3706
"E:/UE Projects/SixMinutesAtChonkers/Content/Security/Assets/RT_Camera.uasset" 3707
"E:/UE Projects/SixMinutesAtChonkers/Content/Security/MAT_ButtonInner.uasset" 3708
"E:/UE Projects/SixMinutesAtChonkers/Content/Rooms/Office/Mats/None_Mat.uasset" 3709
"E:/UE Projects/SixMinutesAtChonkers/Content/Rooms/Office/Graphics/OfficeRightv2_REDEYES.uasset" 3710
"E:/UE Projects/SixMinutesAtChonkers/Content/Rooms/Office/Graphics/OfficeRightv2_CHONKER.uasset" 3711
"E:/UE Projects/SixMinutesAtChonkers/Content/Rooms/Office/Graphics/OfficeRightv2.uasset" 3712
"E:/UE Projects/SixMinutesAtChonkers/Content/Rooms/Office/Graphics/OfficeRight.uasset" 3713
"E:/UE Projects/SixMinutesAtChonkers/Content/Rooms/Office/Graphics/OfficeFront.uasset" 3714
"E:/UE Projects/SixMinutesAtChonkers/Content/Rooms/Office/Graphics/OfficeDoor_BG.uasset" 3715
"E:/UE Projects/SixMinutesAtChonkers/Content/Rooms/Office/Graphics/OfficeDoorv2_CHONKER.uasset" 3716
"E:/UE Projects/SixMinutesAtChonkers/Content/Rooms/Office/Graphics/OfficeDoorv2.uasset" 3717
"E:/UE Projects/SixMinutesAtChonkers/Content/Rooms/Office/Graphics/Monitor.uasset" 3718
"E:/UE Projects/SixMinutesAtChonkers/Content/Rooms/Office/Graphics/Desk.uasset" 3719
"E:/UE Projects/SixMinutesAtChonkers/Content/Rooms/CAM4/Cam04_FG.uasset" 3720
"E:/UE Projects/SixMinutesAtChonkers/Content/Rooms/CAM4/Cam04_CHONKER.uasset" 3721
"E:/UE Projects/SixMinutesAtChonkers/Content/Rooms/CAM4/Cam04_BG.uasset" 3722
"E:/UE Projects/SixMinutesAtChonkers/Content/Rooms/CAM3/Cam03_FG.uasset" 3723
"E:/UE Projects/SixMinutesAtChonkers/Content/Rooms/CAM3/Cam03_CHONKER.uasset" 3724
"E:/UE Projects/SixMinutesAtChonkers/Content/Rooms/CAM3/Cam03_BGv2.uasset" 3725
"E:/UE Projects/SixMinutesAtChonkers/Content/Rooms/CAM3/Cam03_BG.uasset" 3726
"E:/UE Projects/SixMinutesAtChonkers/Content/Rooms/CAM2/Cam02_FGv4.uasset" 3727
"E:/UE Projects/SixMinutesAtChonkers/Content/Rooms/CAM2/Cam02_FGv3V2.uasset" 3728
"E:/UE Projects/SixMinutesAtChonkers/Content/Rooms/CAM2/Cam02_FGv3V1.uasset" 3729
"E:/UE Projects/SixMinutesAtChonkers/Content/Rooms/CAM2/Cam02_FGv2.uasset" 3730
"E:/UE Projects/SixMinutesAtChonkers/Content/Rooms/CAM2/Cam02_FG.uasset" 3731
"E:/UE Projects/SixMinutesAtChonkers/Content/Rooms/CAM2/Cam02_CHONKER.uasset" 3732
"E:/UE Projects/SixMinutesAtChonkers/Content/Rooms/CAM2/Cam02_BG.uasset" 3733
"E:/UE Projects/SixMinutesAtChonkers/Content/Rooms/CAM1/Cam01_FG.uasset" 3734
"E:/UE Projects/SixMinutesAtChonkers/Content/Rooms/CAM1/Cam01_CHONKER.uasset" 3735
"E:/UE Projects/SixMinutesAtChonkers/Content/Rooms/CAM1/Cam01_BG.uasset" 3736
"E:/UE Projects/SixMinutesAtChonkers/Content/Rooms/CAM0/Cam0_FG.uasset" 3737
"E:/UE Projects/SixMinutesAtChonkers/Content/Rooms/CAM0/Cam0_CHONKER.uasset" 3738
"E:/UE Projects/SixMinutesAtChonkers/Content/Rooms/CAM0/Cam0_BG.uasset" 3739
"E:/UE Projects/SixMinutesAtChonkers/Content/Rooms/wheel.uasset" 3740
"E:/UE Projects/SixMinutesAtChonkers/Content/Light/M_FlickSlow.uasset" 3741
"C:/Users/pduli/AppData/Local/UnrealEngine/Common/DerivedDataCache/Buckets/BulkDataList/c6/16/1aabc82114c2ec4599555efe08c7e4accdd0.udd" 3742
"E:/UE Projects/SixMinutesAtChonkers/Content/Light/M_FlickFast.uasset" 3743
"E:/UE Projects/SixMinutesAtChonkers/Content/Light/BP_RandomNumber.uasset" 3744
"E:/UE Projects/SixMinutesAtChonkers/Content/LevelPrototyping/Textures/T_GridChecker_A.uasset" 3745
"C:/Users/pduli/AppData/Local/UnrealEngine/Common/DerivedDataCache/Buckets/MaterialShaderMap/03/41/7e551b6de56fb9f9f9d08a89adc9aed83032.udd" 3746
"E:/UE Projects/SixMinutesAtChonkers/Content/LevelPrototyping/Materials/M_Solid.uasset" 3747
"C:/Users/pduli/AppData/Local/UnrealEngine/Common/DerivedDataCache/Buckets/BulkDataList/16/cb/eece2979d30a8f8fea106580c6210aabee37.udd" 3748
"E:/UE Projects/SixMinutesAtChonkers/Content/Interface_And_Item_Sounds/WAV/Special_Powerup_10.uasset" 3749
"C:/Users/pduli/AppData/Local/UnrealEngine/Common/DerivedDataCache/Buckets/BulkDataList/0a/55/9cb2c51d5db50c3f8f1c74134fcc5dcd03b0.udd" 3750
"C:/Users/pduli/AppData/Local/UnrealEngine/Common/DerivedDataCache/Buckets/MaterialShaderMap/cb/d6/6d432cd12af789e6f8de872b9ddd2a652e98.udd" 3751
"C:/Users/pduli/AppData/Local/UnrealEngine/Common/DerivedDataCache/Buckets/MaterialShaderMap/47/0c/9ea7d3dbd76c0285fbedfa000719e3b9ad38.udd" 3752
"E:/UE Projects/SixMinutesAtChonkers/Content/Interface_And_Item_Sounds/WAV/Special_Powerup_09.uasset" 3753
"E:/UE Projects/SixMinutesAtChonkers/Content/Interface_And_Item_Sounds/WAV/Special_Powerup_08.uasset" 3754
"C:/Users/pduli/AppData/Local/UnrealEngine/Common/DerivedDataCache/Buckets/MaterialShaderMap/10/ed/6ce8b135f3d854d89182c9edad20fb06f3c4.udd" 3755
"E:/UE Projects/SixMinutesAtChonkers/Content/Interface_And_Item_Sounds/WAV/Special_Powerup_07.uasset" 3756
"C:/Users/pduli/AppData/Local/UnrealEngine/Common/DerivedDataCache/Buckets/BulkDataList/69/92/aebe72581e4b8f2e160765a80e41361c2c90.udd" 3757
"E:/UE Projects/SixMinutesAtChonkers/Content/Interface_And_Item_Sounds/WAV/Special_Powerup_06.uasset" 3758
"C:/Users/pduli/AppData/Local/UnrealEngine/Common/DerivedDataCache/Buckets/BulkDataList/c8/e4/87da352769371baee613335f6dfda1bbfbef.udd" 3759
"E:/UE Projects/SixMinutesAtChonkers/Content/Interface_And_Item_Sounds/WAV/Special_Powerup_05.uasset" 3760
"E:/UE Projects/SixMinutesAtChonkers/Content/Interface_And_Item_Sounds/WAV/Special_Powerup_04.uasset" 3761
"E:/UE Projects/SixMinutesAtChonkers/Content/Interface_And_Item_Sounds/WAV/Special_Powerup_03.uasset" 3762
"E:/UE Projects/SixMinutesAtChonkers/Content/Interface_And_Item_Sounds/WAV/Special_Powerup_02.uasset" 3763
"E:/UE Projects/SixMinutesAtChonkers/Content/Interface_And_Item_Sounds/WAV/Special_Powerup_01.uasset" 3764
"E:/UE Projects/SixMinutesAtChonkers/Content/Interface_And_Item_Sounds/WAV/Special_Musical_05.uasset" 3765
"C:/Users/pduli/AppData/Local/UnrealEngine/Common/DerivedDataCache/Buckets/BulkDataList/f2/bc/daf4daecff4c834179e49ac92d19a4f9610e.udd" 3766
"C:/Users/pduli/AppData/Local/UnrealEngine/Common/DerivedDataCache/Buckets/BulkDataList/56/24/3d7d2fb89899d36d2e32e04d747afd6a5fc0.udd" 3767
"C:/Users/pduli/AppData/Local/UnrealEngine/Common/DerivedDataCache/Buckets/BulkDataList/e7/b1/1942a872aa7017cd085257e9127e0e474f1d.udd" 3768
"C:/Users/pduli/AppData/Local/UnrealEngine/Common/DerivedDataCache/Buckets/BulkDataList/0a/83/72860ed34760f847afbda67f1c7507e6b369.udd" 3769
"C:/Users/pduli/AppData/Local/UnrealEngine/Common/DerivedDataCache/Buckets/BulkDataList/46/fe/849649f63b545c6bb57d4e2c797cfeb9b345.udd" 3770
"C:/Users/pduli/AppData/Local/UnrealEngine/Common/DerivedDataCache/Buckets/BulkDataList/37/64/ba836ca8ad108a0524e70e95896e755f4c2c.udd" 3771
"C:/Users/pduli/AppData/Local/UnrealEngine/Common/DerivedDataCache/Buckets/BulkDataList/6f/21/7c40f6cd14e9aad4befd82138a32f1bc00e9.udd" 3772
"C:/Users/pduli/AppData/Local/UnrealEngine/Common/DerivedDataCache/Buckets/BulkDataList/37/59/21b91c51144d3cbd1c4b5105f50c8f30e968.udd" 3773
"E:/UE Projects/SixMinutesAtChonkers/Content/Interface_And_Item_Sounds/WAV/Special_Musical_04.uasset" 3774
"E:/UE Projects/SixMinutesAtChonkers/Content/Interface_And_Item_Sounds/WAV/Special_Musical_03.uasset" 3775
"E:/UE Projects/SixMinutesAtChonkers/Content/Interface_And_Item_Sounds/WAV/Special_Musical_02.uasset" 3776
"E:/UE Projects/SixMinutesAtChonkers/Content/Interface_And_Item_Sounds/WAV/Special_Musical_01.uasset" 3777
"E:/UE Projects/SixMinutesAtChonkers/Content/Interface_And_Item_Sounds/WAV/Ringtone_01.uasset" 3778
"E:/UE Projects/SixMinutesAtChonkers/Content/Interface_And_Item_Sounds/WAV/Pop_10.uasset" 3779
"E:/UE Projects/SixMinutesAtChonkers/Content/Interface_And_Item_Sounds/WAV/Pop_09.uasset" 3780
"E:/UE Projects/SixMinutesAtChonkers/Content/Interface_And_Item_Sounds/WAV/Pop_08.uasset" 3781
"C:/Users/pduli/AppData/Local/UnrealEngine/Common/DerivedDataCache/Buckets/BulkDataList/6c/78/0b157666023595cfb1c8456bff90d1e047ff.udd" 3782
"E:/UE Projects/SixMinutesAtChonkers/Content/Interface_And_Item_Sounds/WAV/Pop_07.uasset" 3783
"E:/UE Projects/SixMinutesAtChonkers/Content/Interface_And_Item_Sounds/WAV/Pop_06.uasset" 3784
"E:/UE Projects/SixMinutesAtChonkers/Content/Interface_And_Item_Sounds/WAV/Pop_05.uasset" 3785
"C:/Users/pduli/AppData/Local/UnrealEngine/Common/DerivedDataCache/Buckets/BulkDataList/ed/e9/e1f9a75f7e7905ced910fc13ad1d4f918143.udd" 3786
"C:/Users/pduli/AppData/Local/UnrealEngine/Common/DerivedDataCache/Buckets/BulkDataList/b0/88/158165aa2ced24a1242be75c217afadf674f.udd" 3787
"C:/Users/pduli/AppData/Local/UnrealEngine/Common/DerivedDataCache/Buckets/BulkDataList/c6/c5/5e44a7fa3b7645e38f811c0c5d424980ecb0.udd" 3788
"E:/UE Projects/SixMinutesAtChonkers/Content/Interface_And_Item_Sounds/WAV/Pop_04.uasset" 3789
"C:/Users/pduli/AppData/Local/UnrealEngine/Common/DerivedDataCache/Buckets/BulkDataList/37/c0/10fa1de0007f9817e15b1ae02744dd14b0f6.udd" 3790
"C:/Users/pduli/AppData/Local/UnrealEngine/Common/DerivedDataCache/Buckets/BulkDataList/54/b5/949584f42b40caefd333e0a3efddfe187b38.udd" 3791
"C:/Users/pduli/AppData/Local/UnrealEngine/Common/DerivedDataCache/Buckets/BulkDataList/81/00/b165aed9a52c7f1afa6cfef81f1341f8df12.udd" 3792
"C:/Users/pduli/AppData/Local/UnrealEngine/Common/DerivedDataCache/Buckets/BulkDataList/56/e9/9ddbdc89c86aa7b34ccb9d1138bc4fe818c7.udd" 3793
"C:/Users/pduli/AppData/Local/UnrealEngine/Common/DerivedDataCache/Buckets/BulkDataList/e0/39/cc313d8441464886a760c510abf184a9d1aa.udd" 3794
"C:/Users/pduli/AppData/Local/UnrealEngine/Common/DerivedDataCache/Buckets/BulkDataList/ef/95/91a4c27e2a99be987de6540cc5ab5964d418.udd" 3795
"C:/Users/pduli/AppData/Local/UnrealEngine/Common/DerivedDataCache/Buckets/BulkDataList/6b/69/ecb7c7a2dd5cd34aa578b5a38385f20e3f69.udd" 3796
"E:/UE Projects/SixMinutesAtChonkers/Content/Interface_And_Item_Sounds/WAV/Pop_03.uasset" 3797
"C:/Users/pduli/AppData/Local/UnrealEngine/Common/DerivedDataCache/Buckets/BulkDataList/5e/b2/92f21ce6d089ba40d7ef658b2f57e4bcf798.udd" 3798
"C:/Users/pduli/AppData/Local/UnrealEngine/Common/DerivedDataCache/Buckets/BulkDataList/80/72/c716e69695e6487f1e1d503786d14c2a9211.udd" 3799
"E:/UE Projects/SixMinutesAtChonkers/Content/Interface_And_Item_Sounds/WAV/Pop_02.uasset" 3800
"E:/UE Projects/SixMinutesAtChonkers/Content/Interface_And_Item_Sounds/WAV/Pop_01.uasset" 3801
"C:/Users/pduli/AppData/Local/UnrealEngine/Common/DerivedDataCache/Buckets/BulkDataList/b0/5d/cfc019152e2f62b33103b67aa205c271d8cb.udd" 3802
"E:/UE Projects/SixMinutesAtChonkers/Content/Interface_And_Item_Sounds/WAV/Musical_Click_10.uasset" 3803
"E:/UE Projects/SixMinutesAtChonkers/Content/Interface_And_Item_Sounds/WAV/Musical_Click_09.uasset" 3804
"E:/UE Projects/SixMinutesAtChonkers/Content/Interface_And_Item_Sounds/WAV/Musical_Click_08.uasset" 3805
"E:/UE Projects/SixMinutesAtChonkers/Content/Interface_And_Item_Sounds/WAV/Musical_Click_07.uasset" 3806
"E:/UE Projects/SixMinutesAtChonkers/Content/Interface_And_Item_Sounds/WAV/Musical_Click_06.uasset" 3807
"E:/UE Projects/SixMinutesAtChonkers/Content/Interface_And_Item_Sounds/WAV/Musical_Click_05.uasset" 3808
"E:/UE Projects/SixMinutesAtChonkers/Content/Interface_And_Item_Sounds/WAV/Musical_Click_04.uasset" 3809
"E:/UE Projects/SixMinutesAtChonkers/Content/Interface_And_Item_Sounds/WAV/Musical_Click_03.uasset" 3810
"E:/UE Projects/SixMinutesAtChonkers/Content/Interface_And_Item_Sounds/WAV/Musical_Click_02.uasset" 3811
"C:/Users/pduli/AppData/Local/UnrealEngine/Common/DerivedDataCache/Buckets/MaterialShaderMap/4f/b3/0ed979631e6cf905f27d03259849ee8863e4.udd" 3812
"C:/Users/pduli/AppData/Local/UnrealEngine/Common/DerivedDataCache/Buckets/MaterialShaderMap/49/79/fc2bf62f01af6015a0eab4e334315cbd4aff.udd" 3813
"E:/UE Projects/SixMinutesAtChonkers/Content/Interface_And_Item_Sounds/WAV/Musical_Click_01.uasset" 3814
"E:/UE Projects/SixMinutesAtChonkers/Content/Interface_And_Item_Sounds/WAV/Item_Sell_Purchase_05.uasset" 3815
"E:/UE Projects/SixMinutesAtChonkers/Content/Interface_And_Item_Sounds/WAV/Item_Sell_Purchase_04.uasset" 3816
"E:/UE Projects/SixMinutesAtChonkers/Content/Interface_And_Item_Sounds/WAV/Item_Sell_Purchase_03.uasset" 3817
"E:/UE Projects/SixMinutesAtChonkers/Content/Interface_And_Item_Sounds/WAV/Item_Sell_Purchase_02.uasset" 3818
"E:/UE Projects/SixMinutesAtChonkers/Content/Interface_And_Item_Sounds/WAV/Item_Sell_Purchase_01.uasset" 3819
"E:/UE Projects/SixMinutesAtChonkers/Content/Interface_And_Item_Sounds/WAV/Gong_03.uasset" 3820
"E:/UE Projects/SixMinutesAtChonkers/Content/Interface_And_Item_Sounds/WAV/Gong_02.uasset" 3821
"C:/Users/pduli/AppData/Local/UnrealEngine/Common/DerivedDataCache/Buckets/MaterialShaderMap/01/19/8ce5df4ee24dd5125a7a6c9e75f9239a84ca.udd" 3822
"C:/Users/pduli/AppData/Local/UnrealEngine/Common/DerivedDataCache/Buckets/MaterialShaderMap/24/6d/01fd670158973a2e2f60350e6e0bd31567c1.udd" 3823
"E:/UE Projects/SixMinutesAtChonkers/Content/Interface_And_Item_Sounds/WAV/Futuristic_Click_11.uasset" 3824
"E:/UE Projects/SixMinutesAtChonkers/Content/Interface_And_Item_Sounds/WAV/Futuristic_Click_10.uasset" 3825
"E:/UE Projects/SixMinutesAtChonkers/Content/Interface_And_Item_Sounds/WAV/Futuristic_Click_09.uasset" 3826
"E:/UE Projects/SixMinutesAtChonkers/Content/Interface_And_Item_Sounds/WAV/Futuristic_Click_08.uasset" 3827
"E:/UE Projects/SixMinutesAtChonkers/Content/Interface_And_Item_Sounds/WAV/Futuristic_Click_07.uasset" 3828
"E:/UE Projects/SixMinutesAtChonkers/Content/Interface_And_Item_Sounds/WAV/Futuristic_Click_06.uasset" 3829
"E:/UE Projects/SixMinutesAtChonkers/Content/Interface_And_Item_Sounds/WAV/Futuristic_Click_05.uasset" 3830
"E:/UE Projects/SixMinutesAtChonkers/Content/Interface_And_Item_Sounds/WAV/Futuristic_Click_04.uasset" 3831
"E:/UE Projects/SixMinutesAtChonkers/Content/Interface_And_Item_Sounds/WAV/Futuristic_Click_03.uasset" 3832
"E:/UE Projects/SixMinutesAtChonkers/Content/Interface_And_Item_Sounds/WAV/Futuristic_Click_02.uasset" 3833
"E:/UE Projects/SixMinutesAtChonkers/Content/Interface_And_Item_Sounds/WAV/Futuristic_Click_01.uasset" 3834
"E:/UE Projects/SixMinutesAtChonkers/Content/Interface_And_Item_Sounds/WAV/Futuristic_Alarm_01.uasset" 3835
"E:/UE Projects/SixMinutesAtChonkers/Content/Interface_And_Item_Sounds/WAV/Flick_Switch_05.uasset" 3836
"E:/UE Projects/SixMinutesAtChonkers/Content/Interface_And_Item_Sounds/WAV/Flick_Switch_04.uasset" 3837
"E:/UE Projects/SixMinutesAtChonkers/Content/Interface_And_Item_Sounds/WAV/Flick_Switch_02.uasset" 3838
"E:/UE Projects/SixMinutesAtChonkers/Content/Interface_And_Item_Sounds/WAV/Flick_Switch_01.uasset" 3839
"C:/Users/pduli/AppData/Local/UnrealEngine/Common/DerivedDataCache/Buckets/LegacyAudio/6b/34/383224b9bad20c3b3e02c532476cb0e5fcb8.udd" 3840
"E:/UE Projects/SixMinutesAtChonkers/Content/Interface_And_Item_Sounds/WAV/Error_Buzz_05.uasset" 3841
"E:/UE Projects/SixMinutesAtChonkers/Content/Interface_And_Item_Sounds/WAV/Error_Buzz_04.uasset" 3842
"E:/UE Projects/SixMinutesAtChonkers/Content/Interface_And_Item_Sounds/WAV/Error_Buzz_03.uasset" 3843
"E:/UE Projects/SixMinutesAtChonkers/Content/Interface_And_Item_Sounds/WAV/Error_Buzz_02.uasset" 3844
"E:/UE Projects/SixMinutesAtChonkers/Content/Interface_And_Item_Sounds/WAV/Error_Buzz_01.uasset" 3845
"E:/UE Projects/SixMinutesAtChonkers/Content/Interface_And_Item_Sounds/WAV/Discordant_GameOver_Musical_Short.uasset" 3846
"E:/UE Projects/SixMinutesAtChonkers/Content/Interface_And_Item_Sounds/WAV/Discordant_GameOver_Musical_Long.uasset" 3847
"E:/UE Projects/SixMinutesAtChonkers/Content/Interface_And_Item_Sounds/WAV/Coins_15.uasset" 3848
"E:/UE Projects/SixMinutesAtChonkers/Content/Interface_And_Item_Sounds/WAV/Coins_14.uasset" 3849
"E:/UE Projects/SixMinutesAtChonkers/Content/Interface_And_Item_Sounds/WAV/Coins_13.uasset" 3850
"E:/UE Projects/SixMinutesAtChonkers/Content/Interface_And_Item_Sounds/WAV/Coins_12.uasset" 3851
"E:/UE Projects/SixMinutesAtChonkers/Content/Interface_And_Item_Sounds/WAV/Coins_11.uasset" 3852
"E:/UE Projects/SixMinutesAtChonkers/Content/Interface_And_Item_Sounds/WAV/Coins_10.uasset" 3853
"E:/UE Projects/SixMinutesAtChonkers/Content/Interface_And_Item_Sounds/WAV/Coins_09.uasset" 3854
"C:/Users/pduli/AppData/Local/UnrealEngine/Common/DerivedDataCache/Buckets/LegacyAudio/2b/9b/48d1e38edfa269a3c0a04b2ef24025560928.udd" 3855
"E:/UE Projects/SixMinutesAtChonkers/Content/Interface_And_Item_Sounds/WAV/Coins_08.uasset" 3856
"E:/UE Projects/SixMinutesAtChonkers/Content/Interface_And_Item_Sounds/WAV/Coins_07.uasset" 3857
"E:/UE Projects/SixMinutesAtChonkers/Content/Interface_And_Item_Sounds/WAV/Coins_06.uasset" 3858
"E:/UE Projects/SixMinutesAtChonkers/Content/Interface_And_Item_Sounds/WAV/Coins_05.uasset" 3859
"E:/UE Projects/SixMinutesAtChonkers/Content/Interface_And_Item_Sounds/WAV/Coins_04.uasset" 3860
"E:/UE Projects/SixMinutesAtChonkers/Content/Interface_And_Item_Sounds/WAV/Coins_03.uasset" 3861
"E:/UE Projects/SixMinutesAtChonkers/Content/Interface_And_Item_Sounds/WAV/Coins_02.uasset" 3862
"E:/UE Projects/SixMinutesAtChonkers/Content/Interface_And_Item_Sounds/WAV/Coins_01.uasset" 3863
"C:/Users/pduli/AppData/Local/UnrealEngine/Common/DerivedDataCache/Buckets/LegacyAudio/0d/24/86fcc65bbd07aba8cb4df6eadc81132200ea.udd" 3864
"E:/UE Projects/SixMinutesAtChonkers/Content/Interface_And_Item_Sounds/WAV/Click_11.uasset" 3865
"E:/UE Projects/SixMinutesAtChonkers/Content/Interface_And_Item_Sounds/WAV/Click_10.uasset" 3866
"E:/UE Projects/SixMinutesAtChonkers/Content/Interface_And_Item_Sounds/WAV/Click_09.uasset" 3867
"E:/UE Projects/SixMinutesAtChonkers/Content/Interface_And_Item_Sounds/WAV/Click_08.uasset" 3868
"E:/UE Projects/SixMinutesAtChonkers/Content/Interface_And_Item_Sounds/WAV/Click_07.uasset" 3869
"E:/UE Projects/SixMinutesAtChonkers/Content/Interface_And_Item_Sounds/WAV/Click_06.uasset" 3870
"E:/UE Projects/SixMinutesAtChonkers/Content/Interface_And_Item_Sounds/WAV/Click_05.uasset" 3871
"E:/UE Projects/SixMinutesAtChonkers/Content/Interface_And_Item_Sounds/WAV/Click_04.uasset" 3872
"E:/UE Projects/SixMinutesAtChonkers/Content/Interface_And_Item_Sounds/WAV/Click_03.uasset" 3873
"E:/UE Projects/SixMinutesAtChonkers/Content/Interface_And_Item_Sounds/WAV/Click_02.uasset" 3874
"E:/UE Projects/SixMinutesAtChonkers/Content/Interface_And_Item_Sounds/WAV/Click_01.uasset" 3875
"E:/UE Projects/SixMinutesAtChonkers/Content/Interface_And_Item_Sounds/WAV/Cartoon_Falling_04.uasset" 3876
"E:/UE Projects/SixMinutesAtChonkers/Content/Interface_And_Item_Sounds/WAV/Cartoon_Falling_03.uasset" 3877
"E:/UE Projects/SixMinutesAtChonkers/Content/Interface_And_Item_Sounds/WAV/Cartoon_Falling_02.uasset" 3878
"E:/UE Projects/SixMinutesAtChonkers/Content/Interface_And_Item_Sounds/WAV/Cartoon_Falling_01.uasset" 3879
"E:/UE Projects/SixMinutesAtChonkers/Content/Interface_And_Item_Sounds/WAV/Bar_Filling_02.uasset" 3880
"C:/Users/pduli/AppData/Local/UnrealEngine/Common/DerivedDataCache/Buckets/LegacyAudio/08/14/bbeb47acb1faa5971fcbba7c2a1da005b503.udd" 3881
"E:/UE Projects/SixMinutesAtChonkers/Content/Interface_And_Item_Sounds/WAV/Bar_Filling_01.uasset" 3882
"E:/UE Projects/SixMinutesAtChonkers/Content/Interface_And_Item_Sounds/WAV/Back_Click_11.uasset" 3883
"E:/UE Projects/SixMinutesAtChonkers/Content/Interface_And_Item_Sounds/WAV/Back_Click_10.uasset" 3884
"E:/UE Projects/SixMinutesAtChonkers/Content/Interface_And_Item_Sounds/WAV/Back_Click_09.uasset" 3885
"E:/UE Projects/SixMinutesAtChonkers/Content/Interface_And_Item_Sounds/WAV/Back_Click_08.uasset" 3886
"E:/UE Projects/SixMinutesAtChonkers/Content/Interface_And_Item_Sounds/WAV/Back_Click_07.uasset" 3887
"E:/UE Projects/SixMinutesAtChonkers/Content/Interface_And_Item_Sounds/WAV/Back_Click_06.uasset" 3888
"E:/UE Projects/SixMinutesAtChonkers/Content/Interface_And_Item_Sounds/WAV/Back_Click_05.uasset" 3889
"C:/Users/pduli/AppData/Local/UnrealEngine/Common/DerivedDataCache/Buckets/LegacyAudio/b5/d7/21178faabd9046358bd9d294f295f1a64c5a.udd" 3890
"C:/Users/pduli/AppData/Local/UnrealEngine/Common/DerivedDataCache/Buckets/LegacyAudio/fc/e8/376e70daf7f79545ccc27d39de5885dd7404.udd" 3891
"C:/Users/pduli/AppData/Local/UnrealEngine/Common/DerivedDataCache/Buckets/LegacyAudio/bf/a8/c81140e94d23715b92484cc14989bca0d96c.udd" 3892
"E:/UE Projects/SixMinutesAtChonkers/Content/Interface_And_Item_Sounds/WAV/Back_Click_04.uasset" 3893
"E:/UE Projects/SixMinutesAtChonkers/Content/Interface_And_Item_Sounds/WAV/Back_Click_03.uasset" 3894
"E:/UE Projects/SixMinutesAtChonkers/Content/Interface_And_Item_Sounds/WAV/Back_Click_02.uasset" 3895
"E:/UE Projects/SixMinutesAtChonkers/Content/Interface_And_Item_Sounds/WAV/Back_Click_01.uasset" 3896
"E:/UE Projects/SixMinutesAtChonkers/Content/Interface_And_Item_Sounds/WAV/Abstract_Pop_04.uasset" 3897
"E:/UE Projects/SixMinutesAtChonkers/Content/Interface_And_Item_Sounds/WAV/Abstract_Pop_03.uasset" 3898
"E:/UE Projects/SixMinutesAtChonkers/Content/Interface_And_Item_Sounds/WAV/Abstract_Pop_02.uasset" 3899
"E:/UE Projects/SixMinutesAtChonkers/Content/Interface_And_Item_Sounds/WAV/Abstract_Pop_01.uasset" 3900
"E:/UE Projects/SixMinutesAtChonkers/Content/FPWeapon/Textures/T_FPGun_N.uasset" 3901
"E:/UE Projects/SixMinutesAtChonkers/Content/FPWeapon/Textures/T_FPGun_M.uasset" 3902
"E:/UE Projects/SixMinutesAtChonkers/Content/FPWeapon/Mesh/SK_FPGun_Skeleton.uasset" 3903
"E:/UE Projects/SixMinutesAtChonkers/Content/FPWeapon/Mesh/SK_FPGun_PhysicsAsset.uasset" 3904
"E:/UE Projects/SixMinutesAtChonkers/Content/FPWeapon/Mesh/SK_FPGun_Physics.uasset" 3905
"E:/UE Projects/SixMinutesAtChonkers/Content/FPWeapon/Materials/MaterialLayers/T_ML_Rubber_Blue_01_N.uasset" 3906
"E:/UE Projects/SixMinutesAtChonkers/Content/FPWeapon/Materials/MaterialLayers/T_ML_Rubber_Blue_01_D.uasset" 3907
"E:/UE Projects/SixMinutesAtChonkers/Content/FPWeapon/Materials/MaterialLayers/T_ML_FineRubber.uasset" 3908
"C:/Users/pduli/AppData/Local/UnrealEngine/Common/DerivedDataCache/Buckets/LegacyAudio/2e/a5/cc8e0f10536a6e0465bed728ba74718caa50.udd" 3909
"E:/UE Projects/SixMinutesAtChonkers/Content/FPWeapon/Materials/MaterialLayers/T_ML_Aluminum01_N.uasset" 3910
"E:/UE Projects/SixMinutesAtChonkers/Content/FPWeapon/Materials/MaterialLayers/T_ML_Aluminum01.uasset" 3911
"E:/UE Projects/SixMinutesAtChonkers/Content/FPWeapon/Materials/MaterialLayers/ML_Screen.uasset" 3912
"E:/UE Projects/SixMinutesAtChonkers/Content/FPWeapon/Materials/MaterialLayers/ML_Plastic_Shiny_Beige.uasset" 3913
"E:/UE Projects/SixMinutesAtChonkers/Content/FPWeapon/Materials/BaseMaterial.uasset" 3914
"E:/UE Projects/SixMinutesAtChonkers/Content/FPWeapon/Audio/FirstPersonTemplateWeaponFire02.uasset" 3915
"E:/UE Projects/SixMinutesAtChonkers/Content/FirstPersonArms/Character/Textures/UE4_Mannequin__normals.uasset" 3916
"E:/UE Projects/SixMinutesAtChonkers/Content/FirstPersonArms/Character/Textures/UE4_Mannequin_MAT_MASKA.uasset" 3917
"E:/UE Projects/SixMinutesAtChonkers/Content/FirstPersonArms/Character/Textures/UE4_LOGO_CARD.uasset" 3918
"E:/UE Projects/SixMinutesAtChonkers/Content/FirstPersonArms/Character/Mesh/SK_Mannequin_Arms_Skeleton.uasset" 3919
"E:/UE Projects/SixMinutesAtChonkers/Content/FirstPersonArms/Character/Mesh/SK_Mannequin_Arms_PhysicsAsset.uasset" 3920
"E:/UE Projects/SixMinutesAtChonkers/Content/FirstPersonArms/Character/Materials/MaterialLayers/T_ML_Rubber_Blue_01_N.uasset" 3921
"E:/UE Projects/SixMinutesAtChonkers/Content/FirstPersonArms/Character/Materials/MaterialLayers/T_ML_Rubber_Blue_01_D.uasset" 3922
"E:/UE Projects/SixMinutesAtChonkers/Content/FirstPersonArms/Character/Materials/MaterialLayers/T_ML_Aluminum01_N.uasset" 3923
"E:/UE Projects/SixMinutesAtChonkers/Content/FirstPersonArms/Character/Materials/MaterialLayers/T_ML_Aluminum01.uasset" 3924
"E:/UE Projects/SixMinutesAtChonkers/Content/FirstPersonArms/Character/Materials/MaterialLayers/ML_Plastic_Shiny_Beige.uasset" 3925
"E:/UE Projects/SixMinutesAtChonkers/Content/FirstPerson/Maps/FirstPersonMap_BuiltData.uasset" 3926
"E:/UE Projects/SixMinutesAtChonkers/Content/FirstPerson/Input/Actions/IA_Shoot.uasset" 3927
"E:/UE Projects/SixMinutesAtChonkers/Content/FirstPerson/Input/Actions/IA_Move.uasset" 3928
"E:/UE Projects/SixMinutesAtChonkers/Content/FirstPerson/Input/Actions/IA_Look.uasset" 3929
"E:/UE Projects/SixMinutesAtChonkers/Content/FirstPerson/Input/Actions/IA_Jump.uasset" 3930
"E:/UE Projects/SixMinutesAtChonkers/Content/Characters/Mannequin_UE4/Textures/T_UELogo_N_TGA.uasset" 3931
"E:/UE Projects/SixMinutesAtChonkers/Content/Characters/Mannequin_UE4/Textures/T_UELogo_Mask.uasset" 3932
"E:/UE Projects/SixMinutesAtChonkers/Content/Characters/Mannequin_UE4/Textures/T_UE4_Mannequin__normals.uasset" 3933
"E:/UE Projects/SixMinutesAtChonkers/Content/Characters/Mannequin_UE4/Textures/T_UE4_Mannequin_MAT_MASKA.uasset" 3934
"E:/UE Projects/SixMinutesAtChonkers/Content/Characters/Mannequin_UE4/Textures/T_ML_Rubber_Blue_01_N.uasset" 3935
"E:/UE Projects/SixMinutesAtChonkers/Content/Characters/Mannequin_UE4/Textures/T_ML_Rubber_Blue_01_D.uasset" 3936
"E:/UE Projects/SixMinutesAtChonkers/Content/Characters/Mannequin_UE4/Textures/T_ML_Aluminum01_N.uasset" 3937
"E:/UE Projects/SixMinutesAtChonkers/Content/Characters/Mannequin_UE4/Textures/T_ML_Aluminum01.uasset" 3938
"E:/UE Projects/SixMinutesAtChonkers/Content/Characters/Mannequin_UE4/Meshes/SK_Mannequin_Skeleton.uasset" 3939
"E:/UE Projects/SixMinutesAtChonkers/Content/Characters/Mannequin_UE4/Meshes/SK_Mannequin_PhysicsAsset.uasset" 3940
"E:/UE Projects/SixMinutesAtChonkers/Content/Characters/Mannequin_UE4/Materials/Layers/ML_ShinyPlastic_Beige.uasset" 3941
"E:/UE Projects/SixMinutesAtChonkers/Content/Characters/Mannequins/Textures/Shared/T_UE_Logo_M.uasset" 3942
"E:/UE Projects/SixMinutesAtChonkers/Content/Characters/Mannequins/Textures/Quinn/T_Quinn_02_CCRCCPlastic_MSK.uasset" 3943
"E:/UE Projects/SixMinutesAtChonkers/Content/Characters/Mannequins/Textures/Quinn/T_Quinn_02_ASAOMASK_MSK.uasset" 3944
"E:/UE Projects/SixMinutesAtChonkers/Content/Characters/Mannequins/Textures/Quinn/T_Quinn_02ID_Tan.uasset" 3945
"E:/UE Projects/SixMinutesAtChonkers/Content/Characters/Mannequins/Textures/Quinn/T_Quinn_02ID_N.uasset" 3946
"E:/UE Projects/SixMinutesAtChonkers/Content/Characters/Mannequins/Textures/Quinn/T_Quinn_02ID_MSR_MSK.uasset" 3947
"E:/UE Projects/SixMinutesAtChonkers/Content/Characters/Mannequins/Textures/Quinn/T_Quinn_02ID_D.uasset" 3948
"E:/UE Projects/SixMinutesAtChonkers/Content/Characters/Mannequins/Textures/Quinn/T_Quinn_02ID_BN.uasset" 3949
"E:/UE Projects/SixMinutesAtChonkers/Content/Characters/Mannequins/Textures/Quinn/T_Quinn_01_CCRCCPlastic_MSK.uasset" 3950
"E:/UE Projects/SixMinutesAtChonkers/Content/Characters/Mannequins/Textures/Quinn/T_Quinn_01_ASAOMASK_MSK.uasset" 3951
"E:/UE Projects/SixMinutesAtChonkers/Content/Characters/Mannequins/Textures/Quinn/T_Quinn_01ID_Tan.uasset" 3952
"E:/UE Projects/SixMinutesAtChonkers/Content/Characters/Mannequins/Textures/Quinn/T_Quinn_01ID_N.uasset" 3953
"E:/UE Projects/SixMinutesAtChonkers/Content/Characters/Mannequins/Textures/Quinn/T_Quinn_01ID_MSR_MSK.uasset" 3954
"C:/Users/pduli/AppData/Local/UnrealEngine/Common/DerivedDataCache/Buckets/LegacyAudio/c1/3c/bb54b113448ccf0282611d6486a301b8c396.udd" 3955
"E:/UE Projects/SixMinutesAtChonkers/Content/Characters/Mannequins/Textures/Quinn/T_Quinn_01ID_D.uasset" 3956
"E:/UE Projects/SixMinutesAtChonkers/Content/Characters/Mannequins/Textures/Quinn/T_Quinn_01ID_BN.uasset" 3957
"E:/UE Projects/SixMinutesAtChonkers/Content/Characters/Mannequins/Textures/Manny/T_Manny_02_Tan.uasset" 3958
"E:/UE Projects/SixMinutesAtChonkers/Content/Characters/Mannequins/Textures/Manny/T_Manny_02_N.uasset" 3959
"E:/UE Projects/SixMinutesAtChonkers/Content/Characters/Mannequins/Textures/Manny/T_Manny_02_MSR_MSK.uasset" 3960
"E:/UE Projects/SixMinutesAtChonkers/Content/Characters/Mannequins/Textures/Manny/T_Manny_02_D.uasset" 3961
"E:/UE Projects/SixMinutesAtChonkers/Content/Characters/Mannequins/Textures/Manny/T_Manny_02_CCRCCPlastic_MSK.uasset" 3962
"E:/UE Projects/SixMinutesAtChonkers/Content/Characters/Mannequins/Textures/Manny/T_Manny_02_BN.uasset" 3963
"E:/UE Projects/SixMinutesAtChonkers/Content/Characters/Mannequins/Textures/Manny/T_Manny_02_ASAOPMASK_MSK.uasset" 3964
"E:/UE Projects/SixMinutesAtChonkers/Content/Characters/Mannequins/Textures/Manny/T_Manny_01_Tan.uasset" 3965
"E:/UE Projects/SixMinutesAtChonkers/Content/Characters/Mannequins/Textures/Manny/T_Manny_01_N.uasset" 3966
"../../../../../UE Projects/SixMinutesAtChonkers/Content/Characters/Mannequin_UE4/Meshes/SK_Mannequin.uasset" 3967
"E:/UE Projects/SixMinutesAtChonkers/Content/Characters/Mannequins/Textures/Manny/T_Manny_01_MSR_MSK.uasset" 3968
"E:/UE Projects/SixMinutesAtChonkers/Content/Characters/Mannequins/Textures/Manny/T_Manny_01_D.uasset" 3969
"../../../../../UE Projects/SixMinutesAtChonkers/Content/Characters/Mannequin_UE4/Materials/M_MannequinUE4_Body.uasset" 3970
"../../../Engine/Content/Functions/MaterialLayerFunctions/MatLayerBlend_NormalBlend.uasset" 3971
"../../../Engine/Content/Functions/Engine_MaterialFunctions02/Utility/BlendAngleCorrectedNormals.uasset" 3972
"../../../Engine/Content/Functions/MaterialLayerFunctions/MatLayerBlend_Simple.uasset" 3973
"../../../../../UE Projects/SixMinutesAtChonkers/Content/Characters/Mannequin_UE4/Materials/Layers/ML_Latex_Black.uasset" 3974
"../../../../../UE Projects/SixMinutesAtChonkers/Content/Characters/Mannequin_UE4/Materials/Layers/ML_ShinyPlastic_Beige.uasset" 3975
"../../../../../UE Projects/SixMinutesAtChonkers/Content/Characters/Mannequin_UE4/Materials/Layers/ML_ShinyPlastic_Beige_Logo.uasset" 3976
"../../../../../UE Projects/SixMinutesAtChonkers/Content/Characters/Mannequin_UE4/Materials/Layers/ML_SoftMetal.uasset" 3977
"../../../../../UE Projects/SixMinutesAtChonkers/Content/Characters/Mannequin_UE4/Materials/M_MannequinUE4_ChestLogo.uasset" 3978
"../../../../../UE Projects/SixMinutesAtChonkers/Content/Characters/Mannequin_UE4/Meshes/SK_Mannequin_PhysicsAsset.uasset" 3979
"../../../../../UE Projects/SixMinutesAtChonkers/Content/Characters/Mannequins/Meshes/SKM_Manny.uasset" 3980
"../../../../../UE Projects/SixMinutesAtChonkers/Content/Characters/Mannequins/Rigs/ABP_Manny_PostProcess.uasset" 3981
"../../../../../UE Projects/SixMinutesAtChonkers/Content/Characters/Mannequins/Rigs/CR_Mannequin_Procedural.uasset" 3982
"C:/Users/pduli/AppData/Local/UnrealEngine/Common/DerivedDataCache/Buckets/LegacyAudio/98/7f/15acb94066ddbc1661be19abf7af2b47e059.udd" 3983
"C:/Users/pduli/AppData/Local/UnrealEngine/Common/DerivedDataCache/Buckets/LegacyAudio/be/62/7e85017def0115636b592577a4d8e6b987c5.udd" 3984
"C:/Users/pduli/AppData/Local/UnrealEngine/Common/DerivedDataCache/Buckets/LegacyAudio/6a/e8/432826ae78db67a9233cb416a116685cddd6.udd" 3985
"C:/Users/pduli/AppData/Local/UnrealEngine/Common/DerivedDataCache/Buckets/LegacyAudio/bd/81/82482b8cd291b52da8f61c0fdc577a044c15.udd" 3986
"C:/Users/pduli/AppData/Local/UnrealEngine/Common/DerivedDataCache/Buckets/LegacyAudio/ff/a0/5fa485c2dd6ec3b84f20b5b7d298934c9299.udd" 3987
"C:/Users/pduli/AppData/Local/UnrealEngine/Common/DerivedDataCache/Buckets/LegacyAudio/aa/16/eb2cf5360fe4bc6ff20e0c500b325b1840a8.udd" 3988
"C:/Users/pduli/AppData/Local/UnrealEngine/Common/DerivedDataCache/Buckets/LegacyAudio/3f/8a/afa566bc821610ce73af68c7f51d968b9068.udd" 3989
"C:/Users/pduli/AppData/Local/UnrealEngine/Common/DerivedDataCache/Buckets/LegacyAudio/8d/18/3691ae8a01d46d4ebf37e6a333e7061740ee.udd" 3990
"C:/Users/pduli/AppData/Local/UnrealEngine/Common/DerivedDataCache/Buckets/LegacyAudio/00/e5/e78d954147311400b83a9fcf7c4de7199f28.udd" 3991
"C:/Users/pduli/AppData/Local/UnrealEngine/Common/DerivedDataCache/Buckets/LegacyAudio/93/9f/d8eb839cd80939f72cdc846214045e2d4de4.udd" 3992
"C:/Users/pduli/AppData/Local/UnrealEngine/Common/DerivedDataCache/Buckets/LegacyAudio/fb/6d/fd35aeef947064c1ae90d4a2d15a176df5b5.udd" 3993
"C:/Users/pduli/AppData/Local/UnrealEngine/Common/DerivedDataCache/Buckets/LegacyAudio/2f/9e/bb7b326960ecffde616ec1f89b5b3bb70a5c.udd" 3994
"C:/Users/pduli/AppData/Local/UnrealEngine/Common/DerivedDataCache/Buckets/LegacyAudio/91/d5/670c20f10f79d17bd134e139c24f7aa03a02.udd" 3995
"C:/Users/pduli/AppData/Local/UnrealEngine/Common/DerivedDataCache/Buckets/LegacyAudio/db/30/e0c07919ebe2ca45e4d36883281a124f51cc.udd" 3996
"C:/Users/pduli/AppData/Local/UnrealEngine/Common/DerivedDataCache/Buckets/LegacyAudio/e2/e0/8c142fc3a4346d1fcac06c75ccc13abac790.udd" 3997
"C:/Users/pduli/AppData/Local/UnrealEngine/Common/DerivedDataCache/Buckets/LegacyAudio/f8/cc/3e2ed8bd4a7e950c9fe0abdf734f94914f5c.udd" 3998
"C:/Users/pduli/AppData/Local/UnrealEngine/Common/DerivedDataCache/Buckets/LegacyAudio/57/8a/dc11339fe8826711003366d4de722eb1814a.udd" 3999
"C:/Users/pduli/AppData/Local/UnrealEngine/Common/DerivedDataCache/Buckets/LegacyAudio/36/d6/5f8e3a277d17cda930fa6882e21b7e38577c.udd" 4000
"C:/Users/pduli/AppData/Local/UnrealEngine/Common/DerivedDataCache/Buckets/LegacyAudio/9c/78/b91e535369c21030e1480c7dcfd8d92f57a1.udd" 4001
"C:/Users/pduli/AppData/Local/UnrealEngine/Common/DerivedDataCache/Buckets/LegacyAudio/1b/a8/360da38e3de8accf0d880cc60d3167f19c2c.udd" 4002
"C:/Users/pduli/AppData/Local/UnrealEngine/Common/DerivedDataCache/Buckets/LegacyAudio/19/66/2937fc393e595803c9f6879fe312b91332ce.udd" 4003
"C:/Users/pduli/AppData/Local/UnrealEngine/Common/DerivedDataCache/Buckets/LegacyAudio/d5/21/ff1d48fadeacf9ed6fdf3b546567200b8730.udd" 4004
"C:/Users/pduli/AppData/Local/UnrealEngine/Common/DerivedDataCache/Buckets/LegacyAudio/91/78/707f848343b667c55266a00a6a7943dfb0a7.udd" 4005
"C:/Users/pduli/AppData/Local/UnrealEngine/Common/DerivedDataCache/Buckets/LegacyAudio/0d/57/f6acd05310b8440fc619b9e484006da6736e.udd" 4006
"C:/Users/pduli/AppData/Local/UnrealEngine/Common/DerivedDataCache/Buckets/LegacyAudio/74/db/0b8fd250546b960914971b3b07e59873e69a.udd" 4007
"C:/Users/pduli/AppData/Local/UnrealEngine/Common/DerivedDataCache/Buckets/LegacyAudio/32/5d/b1afee7ab059cb63efe6b8329cae57a880a3.udd" 4008
"C:/Users/pduli/AppData/Local/UnrealEngine/Common/DerivedDataCache/Buckets/LegacyAudio/22/d0/891a193c0ea4c8e05016085e44ab4c192fdc.udd" 4009
"C:/Users/pduli/AppData/Local/UnrealEngine/Common/DerivedDataCache/Buckets/LegacyAudio/9a/44/ca32309c2675989f95947459bebe649f5475.udd" 4010
"C:/Users/pduli/AppData/Local/UnrealEngine/Common/DerivedDataCache/Buckets/LegacyAudio/63/37/e78b7058729beb0bdfd0b6e33436ba9b48a6.udd" 4011
"C:/Users/pduli/AppData/Local/UnrealEngine/Common/DerivedDataCache/Buckets/LegacyAudio/4f/0e/26b8fcad14dcc654dd7f89c14357de1a3737.udd" 4012
"C:/Users/pduli/AppData/Local/UnrealEngine/Common/DerivedDataCache/Buckets/LegacyAudio/e2/76/85af1426ce093916d90dc5cd43a0542c3730.udd" 4013
"C:/Users/pduli/AppData/Local/UnrealEngine/Common/DerivedDataCache/Buckets/LegacyAudio/1d/01/4581500068e832cbb9034a9b87388b317814.udd" 4014
"C:/Users/pduli/AppData/Local/UnrealEngine/Common/DerivedDataCache/Buckets/LegacyAudio/4a/ae/07708dfb662fdefca796adea71efe519fffd.udd" 4015
"C:/Users/pduli/AppData/Local/UnrealEngine/Common/DerivedDataCache/Buckets/LegacyAudio/82/87/e84efc81cbe6f492b45530bb095fcd0f7637.udd" 4016
"C:/Users/pduli/AppData/Local/UnrealEngine/Common/DerivedDataCache/Buckets/LegacyAudio/84/08/e3df845ed964c03bc92dd6fd34706646a931.udd" 4017
"C:/Users/pduli/AppData/Local/UnrealEngine/Common/DerivedDataCache/Buckets/LegacyAudio/56/e2/7218e5c91730f24127de07a10f62947373a2.udd" 4018
"C:/Users/pduli/AppData/Local/UnrealEngine/Common/DerivedDataCache/Buckets/LegacyAudio/d9/d4/b40c741296e26afee88ccf34268a35b10bfc.udd" 4019
"C:/Users/pduli/AppData/Local/UnrealEngine/Common/DerivedDataCache/Buckets/LegacyAudio/f1/37/f00a02a0222e10f41b839b0ff018f9c5b9a2.udd" 4020
"C:/Users/pduli/AppData/Local/UnrealEngine/Common/DerivedDataCache/Buckets/LegacyAudio/86/99/52e247ebc11164cdbd72711be9d7e5a01e32.udd" 4021
"C:/Users/pduli/AppData/Local/UnrealEngine/Common/DerivedDataCache/Buckets/LegacyAudio/a5/74/8710707211240b9458016a7827a1d6e92f90.udd" 4022
"C:/Users/pduli/AppData/Local/UnrealEngine/Common/DerivedDataCache/Buckets/LegacyAudio/69/f2/08a827f2d7c5afc18084d55549bfafe053d8.udd" 4023
"C:/Users/pduli/AppData/Local/UnrealEngine/Common/DerivedDataCache/Buckets/LegacyAudio/12/ff/ab42dcfe6fc113e63623500c8736a9848682.udd" 4024
"C:/Users/pduli/AppData/Local/UnrealEngine/Common/DerivedDataCache/Buckets/LegacyAudio/86/07/b3dca7f7a32a9396acc57a507dfb8ed5c36f.udd" 4025
"C:/Users/pduli/AppData/Local/UnrealEngine/Common/DerivedDataCache/Buckets/LegacyAudio/01/18/b979b0b2839ec164bbb203ded92f7fd674b9.udd" 4026
"C:/Users/pduli/AppData/Local/UnrealEngine/Common/DerivedDataCache/Buckets/LegacyAudio/f3/2d/5e99a0c136bbd907198c01ac6fd59578f6a1.udd" 4027
"C:/Users/pduli/AppData/Local/UnrealEngine/Common/DerivedDataCache/Buckets/LegacyAudio/d5/3e/7b9677bf43afc7f6ff46f5cc87443edae32a.udd" 4028
"C:/Users/pduli/AppData/Local/UnrealEngine/Common/DerivedDataCache/Buckets/LegacyAudio/89/e3/37f3c91c2a970458bf9df6498730b6bf41a5.udd" 4029
"C:/Users/pduli/AppData/Local/UnrealEngine/Common/DerivedDataCache/Buckets/LegacyAudio/24/87/156483f8017596accaba5924171418fa0919.udd" 4030
"C:/Users/pduli/AppData/Local/UnrealEngine/Common/DerivedDataCache/Buckets/LegacyAudio/50/a2/2f176e5868257d2d31b15fa3c774241cd602.udd" 4031
"C:/Users/pduli/AppData/Local/UnrealEngine/Common/DerivedDataCache/Buckets/LegacyAudio/45/ee/a1491eeeb1c5769879d1a2cedd0ed4755378.udd" 4032
"C:/Users/pduli/AppData/Local/UnrealEngine/Common/DerivedDataCache/Buckets/LegacyAudio/50/a0/4f422a69034658d48bc7fdd3c2e29dbb1c8c.udd" 4033
"C:/Users/pduli/AppData/Local/UnrealEngine/Common/DerivedDataCache/Buckets/LegacyAudio/cb/50/d6a02a000e5b00f17e91aa6ea77c8d58e5bd.udd" 4034
"C:/Users/pduli/AppData/Local/UnrealEngine/Common/DerivedDataCache/Buckets/LegacyAudio/b0/0f/55f408266250a5c4f75c21c0a2e78151c202.udd" 4035
"C:/Users/pduli/AppData/Local/UnrealEngine/Common/DerivedDataCache/Buckets/LegacyAudio/ca/3e/d040a6393dfef4ebac9e659d1f8a60a5edb8.udd" 4036
"C:/Users/pduli/AppData/Local/UnrealEngine/Common/DerivedDataCache/Buckets/LegacyAudio/0c/c2/cd702af04bc2f9458f42455bc735201b7926.udd" 4037
"../../../../../UE Projects/SixMinutesAtChonkers/Content/Characters/Mannequins/Rigs/Poses/Manny/Manny_calf_l_pose.uasset" 4038
"../../../../../UE Projects/SixMinutesAtChonkers/Content/Characters/Mannequins/Rigs/Poses/Manny/Manny_calf_l_anim.uasset" 4039
"C:/Users/pduli/AppData/Local/UnrealEngine/Common/DerivedDataCache/Buckets/LegacyAudio/91/fc/c398ecf511e6a7835c44945d3d73300f8d30.udd" 4040
"C:/Users/pduli/AppData/Local/UnrealEngine/Common/DerivedDataCache/Buckets/LegacyAudio/bf/52/5c5f2a486b66ae73f82a91722ae65128c153.udd" 4041
"C:/Users/pduli/AppData/Local/UnrealEngine/Common/DerivedDataCache/Buckets/LegacyAudio/95/65/e498651830f7121df4012ba6933c046a2cab.udd" 4042
"C:/Users/pduli/AppData/Local/UnrealEngine/Common/DerivedDataCache/Buckets/LegacyAudio/90/55/4e90704b3b9e0becb164cb48a03479d201a9.udd" 4043
"../../../../../UE Projects/SixMinutesAtChonkers/Content/Characters/Mannequins/Rigs/Poses/Manny/Manny_calf_r_pose.uasset" 4044
"../../../../../UE Projects/SixMinutesAtChonkers/Content/Characters/Mannequins/Rigs/Poses/Manny/Manny_calf_r_anim.uasset" 4045
"../../../../../UE Projects/SixMinutesAtChonkers/Content/Characters/Mannequins/Rigs/Poses/Manny/Manny_clavicle_l_pose.uasset" 4046
"C:/Users/pduli/AppData/Local/UnrealEngine/Common/DerivedDataCache/Buckets/LegacyAudio/ae/39/af07e61f82c1f42a15ab76275dae343f02ce.udd" 4047
"C:/Users/pduli/AppData/Local/UnrealEngine/Common/DerivedDataCache/Buckets/LegacyAudio/b9/a8/a565b895b4c0b6690153041819f36b116ade.udd" 4048
"C:/Users/pduli/AppData/Local/UnrealEngine/Common/DerivedDataCache/Buckets/LegacyAudio/75/a5/4fff795d6daca5fa547f784ec36aea69b610.udd" 4049
"C:/Users/pduli/AppData/Local/UnrealEngine/Common/DerivedDataCache/Buckets/LegacyAudio/91/e2/ba9362e2d80363f4cff82d877e2fe2020ac3.udd" 4050
"../../../../../UE Projects/SixMinutesAtChonkers/Content/Characters/Mannequins/Rigs/Poses/Manny/Manny_clavicle_l_anim.uasset" 4051
"../../../../../UE Projects/SixMinutesAtChonkers/Content/Characters/Mannequins/Rigs/Poses/Manny/Manny_clavicle_r_pose.uasset" 4052
"../../../../../UE Projects/SixMinutesAtChonkers/Content/Characters/Mannequins/Rigs/Poses/Manny/Manny_clavicle_r_anim.uasset" 4053
"C:/Users/pduli/AppData/Local/UnrealEngine/Common/DerivedDataCache/Buckets/LegacyAudio/b3/19/4f79b316e93e44143b63cb80700f868baab5.udd" 4054
"C:/Users/pduli/AppData/Local/UnrealEngine/Common/DerivedDataCache/Buckets/LegacyAudio/f7/11/8c40d69ace57c34b446fad31aa7ef6a59b3d.udd" 4055
"C:/Users/pduli/AppData/Local/UnrealEngine/Common/DerivedDataCache/Buckets/LegacyAudio/1e/60/e56caaac1a94195cb63bdac406c0fbc2fe68.udd" 4056
"C:/Users/pduli/AppData/Local/UnrealEngine/Common/DerivedDataCache/Buckets/LegacyAudio/ad/95/03b18ba4060208fd0675396cd2f85e717743.udd" 4057
"../../../../../UE Projects/SixMinutesAtChonkers/Content/Characters/Mannequins/Rigs/Poses/Manny/Manny_foot_l_pose.uasset" 4058
"../../../../../UE Projects/SixMinutesAtChonkers/Content/Characters/Mannequins/Rigs/Poses/Manny/Manny_foot_l_anim.uasset" 4059
"C:/Users/pduli/AppData/Local/UnrealEngine/Common/DerivedDataCache/Buckets/LegacyAudio/2f/d6/e5ebb3b7ddc0aae5aedd59ed748f79191eb2.udd" 4060
"C:/Users/pduli/AppData/Local/UnrealEngine/Common/DerivedDataCache/Buckets/LegacyAudio/56/d5/c97d3a0cf26c8fdb7f778106d0beeafdec31.udd" 4061
"C:/Users/pduli/AppData/Local/UnrealEngine/Common/DerivedDataCache/Buckets/LegacyAudio/95/41/6ca2d251b8285fc0b3615837b9e9b9575fa6.udd" 4062
"C:/Users/pduli/AppData/Local/UnrealEngine/Common/DerivedDataCache/Buckets/LegacyAudio/29/90/bf56ecfd7717e95d6cf432d32a6d00a68218.udd" 4063
"../../../../../UE Projects/SixMinutesAtChonkers/Content/Characters/Mannequins/Rigs/Poses/Manny/Manny_foot_r_pose.uasset" 4064
"../../../../../UE Projects/SixMinutesAtChonkers/Content/Characters/Mannequins/Rigs/Poses/Manny/Manny_foot_r_anim.uasset" 4065
"../../../../../UE Projects/SixMinutesAtChonkers/Content/Characters/Mannequins/Rigs/Poses/Manny/Manny_hand_l_pose.uasset" 4066
"C:/Users/pduli/AppData/Local/UnrealEngine/Common/DerivedDataCache/Buckets/LegacyAudio/20/6b/381bfce701b170e45c8a0fe4b2993ef62f36.udd" 4067
"C:/Users/pduli/AppData/Local/UnrealEngine/Common/DerivedDataCache/Buckets/LegacyAudio/a1/d9/03996e31fc337c87042cc84fe5e135c33e5d.udd" 4068
"C:/Users/pduli/AppData/Local/UnrealEngine/Common/DerivedDataCache/Buckets/LegacyAudio/3c/5c/5e7ff474aa81c0e3b4b18f0d329a0560da7f.udd" 4069
"C:/Users/pduli/AppData/Local/UnrealEngine/Common/DerivedDataCache/Buckets/LegacyAudio/dc/ef/5a6f8e5c9f60c3581f3fe05ea8f0ed3dba2a.udd" 4070
"../../../../../UE Projects/SixMinutesAtChonkers/Content/Characters/Mannequins/Rigs/Poses/Manny/Manny_hand_l_anim.uasset" 4071
"../../../../../UE Projects/SixMinutesAtChonkers/Content/Characters/Mannequins/Rigs/Poses/Manny/Manny_hand_r_pose.uasset" 4072
"C:/Users/pduli/AppData/Local/UnrealEngine/Common/DerivedDataCache/Buckets/LegacyAudio/bc/6a/a58a46636df068f5466c7545e61d12062193.udd" 4073
"C:/Users/pduli/AppData/Local/UnrealEngine/Common/DerivedDataCache/Buckets/LegacyAudio/31/52/7d5629896bfb35913026568adf7381af74c9.udd" 4074
"C:/Users/pduli/AppData/Local/UnrealEngine/Common/DerivedDataCache/Buckets/LegacyAudio/67/d6/5c98bf80d1e172f18b09f6c52147a83cb6be.udd" 4075
"C:/Users/pduli/AppData/Local/UnrealEngine/Common/DerivedDataCache/Buckets/LegacyAudio/cf/cc/d286d698a737325f02142d76bcb7f7810f57.udd" 4076
"../../../../../UE Projects/SixMinutesAtChonkers/Content/Characters/Mannequins/Rigs/Poses/Manny/Manny_hand_r_anim.uasset" 4077
"../../../../../UE Projects/SixMinutesAtChonkers/Content/Characters/Mannequins/Rigs/Poses/Manny/Manny_lowerarm_l_pose.uasset" 4078
"../../../../../UE Projects/SixMinutesAtChonkers/Content/Characters/Mannequins/Rigs/Poses/Manny/Manny_lowerarm_l_anim.uasset" 4079
"C:/Users/pduli/AppData/Local/UnrealEngine/Common/DerivedDataCache/Buckets/LegacyAudio/12/a5/a3bb8d6af11103ae3ecc220c38c27488bcf2.udd" 4080
"C:/Users/pduli/AppData/Local/UnrealEngine/Common/DerivedDataCache/Buckets/LegacyAudio/38/19/652e0b6204287323c5e6d67aa1bae88b14e9.udd" 4081
"C:/Users/pduli/AppData/Local/UnrealEngine/Common/DerivedDataCache/Buckets/LegacyAudio/b8/47/38668510ed00e6ff3df40723dc13078e8f7f.udd" 4082
"C:/Users/pduli/AppData/Local/UnrealEngine/Common/DerivedDataCache/Buckets/LegacyAudio/93/67/52b278ef36ce14d831a0394adcdd232de09c.udd" 4083
"C:/Users/pduli/AppData/Local/UnrealEngine/Common/DerivedDataCache/Buckets/LegacyAudio/d1/00/9f42ba1ac8201a68af963305b3906552e152.udd" 4084
"../../../../../UE Projects/SixMinutesAtChonkers/Content/Characters/Mannequins/Rigs/Poses/Manny/Manny_lowerarm_r_pose.uasset" 4085
"C:/Users/pduli/AppData/Local/UnrealEngine/Common/DerivedDataCache/Buckets/LegacyAudio/73/81/f5ca3663a8226cffec72fb6bdeea9e9bea40.udd" 4086
"C:/Users/pduli/AppData/Local/UnrealEngine/Common/DerivedDataCache/Buckets/LegacyAudio/e6/89/6fb5017ccfc5b3c4d2420848683b1fd1cb03.udd" 4087
"../../../../../UE Projects/SixMinutesAtChonkers/Content/Characters/Mannequins/Rigs/Poses/Manny/Manny_lowerarm_r_anim.uasset" 4088
"C:/Users/pduli/AppData/Local/UnrealEngine/Common/DerivedDataCache/Buckets/LegacyAudio/8f/f1/5dd009f86d92d43ec200c22b18128002dd0f.udd" 4089
"C:/Users/pduli/AppData/Local/UnrealEngine/Common/DerivedDataCache/Buckets/LegacyAudio/f1/54/aeac3d3a6f72b7909a852e805fa1fde5f9ec.udd" 4090
"../../../../../UE Projects/SixMinutesAtChonkers/Content/Characters/Mannequins/Rigs/Poses/Manny/Manny_thigh_l_pose.uasset" 4091
"../../../../../UE Projects/SixMinutesAtChonkers/Content/Characters/Mannequins/Rigs/Poses/Manny/Manny_thigh_l_anim.uasset" 4092
"C:/Users/pduli/AppData/Local/UnrealEngine/Common/DerivedDataCache/Buckets/LegacyAudio/f7/9e/9fdf09ebaa965d4e1cacd2d0cfd93a81b3ce.udd" 4093
"C:/Users/pduli/AppData/Local/UnrealEngine/Common/DerivedDataCache/Buckets/LegacyAudio/47/d8/fa7aa9e44e40dfa35cf79c194f415a257937.udd" 4094
"../../../../../UE Projects/SixMinutesAtChonkers/Content/Characters/Mannequins/Rigs/Poses/Manny/Manny_thigh_r_pose.uasset" 4095
"C:/Users/pduli/AppData/Local/UnrealEngine/Common/DerivedDataCache/Buckets/LegacyAudio/61/05/e6b2ef00a61c5be27f98a44a2b32c1b04816.udd" 4096
"C:/Users/pduli/AppData/Local/UnrealEngine/Common/DerivedDataCache/Buckets/LegacyAudio/22/ba/5dcd94307721a59fcc2def43b3140678ad80.udd" 4097
"../../../../../UE Projects/SixMinutesAtChonkers/Content/Characters/Mannequins/Rigs/Poses/Manny/Manny_thigh_r_anim.uasset" 4098
"../../../../../UE Projects/SixMinutesAtChonkers/Content/Characters/Mannequins/Rigs/Poses/Manny/Manny_upperarm_l_pose.uasset" 4099
"C:/Users/pduli/AppData/Local/UnrealEngine/Common/DerivedDataCache/Buckets/LegacyAudio/c3/c3/3befb39f6e7a6699898fd8844bd0a6f16c80.udd" 4100
"C:/Users/pduli/AppData/Local/UnrealEngine/Common/DerivedDataCache/Buckets/LegacyAudio/e9/65/bdca54e7018a1c633ddc4444d791e86b4cc5.udd" 4101
"../../../../../UE Projects/SixMinutesAtChonkers/Content/Characters/Mannequins/Rigs/Poses/Manny/Manny_upperarm_l_anim.uasset" 4102
"C:/Users/pduli/AppData/Local/UnrealEngine/Common/DerivedDataCache/Buckets/LegacyAudio/41/71/c25787ff23de81ad557201821068a5c90be8.udd" 4103
"../../../../../UE Projects/SixMinutesAtChonkers/Content/Characters/Mannequins/Rigs/Poses/Manny/Manny_upperarm_r_pose.uasset" 4104
"C:/Users/pduli/AppData/Local/UnrealEngine/Common/DerivedDataCache/Buckets/LegacyAudio/43/68/2c49b75e7c8e72f808c87a1fa0a1e2df8725.udd" 4105
"../../../../../UE Projects/SixMinutesAtChonkers/Content/Characters/Mannequins/Rigs/Poses/Manny/Manny_upperarm_r_anim.uasset" 4106
"C:/Users/pduli/AppData/Local/UnrealEngine/Common/DerivedDataCache/Buckets/LegacyAudio/59/45/5347b2a391b3a866309b324ac53bcceba1f6.udd" 4107
"C:/Users/pduli/AppData/Local/UnrealEngine/Common/DerivedDataCache/Buckets/LegacyAudio/80/79/ad3e2f0fae15ed75e20103bd01e33750626a.udd" 4108
"C:/Users/pduli/AppData/Local/UnrealEngine/Common/DerivedDataCache/Buckets/LegacyAudio/1e/41/e73674676840e97d149e698606fe7eea80c2.udd" 4109
"C:/Users/pduli/AppData/Local/UnrealEngine/Common/DerivedDataCache/Buckets/LegacyAudio/c4/6f/b9ed97a17cff72125b05e7ddcfb00e6a9e72.udd" 4110
"C:/Users/pduli/AppData/Local/UnrealEngine/Common/DerivedDataCache/Buckets/LegacyAudio/38/f7/0bfbb04acccf3837643a72136891cc09f160.udd" 4111
"C:/Users/pduli/AppData/Local/UnrealEngine/Common/DerivedDataCache/Buckets/LegacyAudio/7e/8c/f589b48b487fa817ed617fa96973f5ed4eb4.udd" 4112
"C:/Users/pduli/AppData/Local/UnrealEngine/Common/DerivedDataCache/Buckets/LegacyAudio/03/31/e50f4e8161cf1b0a9452041b0dcd0c635cab.udd" 4113
"C:/Users/pduli/AppData/Local/UnrealEngine/Common/DerivedDataCache/Buckets/LegacyAudio/82/07/2e969ee637f6f523748dd646f9c0a73eb15e.udd" 4114
"C:/Users/pduli/AppData/Local/UnrealEngine/Common/DerivedDataCache/Buckets/LegacyAudio/ea/56/cc0cd5de2716c1b4d8ee9cc80d0439046e4c.udd" 4115
"C:/Users/pduli/AppData/Local/UnrealEngine/Common/DerivedDataCache/Buckets/LegacyAudio/72/07/e1fe1a9c7aba4d05549d74215bdad475a703.udd" 4116
"C:/Users/pduli/AppData/Local/UnrealEngine/Common/DerivedDataCache/Buckets/LegacyAudio/0a/65/511e383359e42ad888f6cd715f25d8f869b6.udd" 4117
"C:/Users/pduli/AppData/Local/UnrealEngine/Common/DerivedDataCache/Buckets/LegacyAudio/d4/86/52e10ef29f1d2761fc3e718b0af29dbfb057.udd" 4118
"C:/Users/pduli/AppData/Local/UnrealEngine/Common/DerivedDataCache/Buckets/LegacySTREAMEDAUDIO/91/58/6992284835f9c34ca0fec6cad4bd73c5f515.udd" 4119
"C:/Users/pduli/AppData/Local/UnrealEngine/Common/DerivedDataCache/Buckets/LegacySTREAMEDAUDIO/b9/38/1a0487d325938b28a507b041a9ba101e6087.udd" 4120
"C:/Users/pduli/AppData/Local/UnrealEngine/Common/DerivedDataCache/Buckets/LegacySTREAMEDAUDIO/37/5c/a8c4a3460d7e5c58de452354973ab20515ea.udd" 4121
"C:/Users/pduli/AppData/Local/UnrealEngine/Common/DerivedDataCache/Buckets/LegacySTREAMEDAUDIO/d6/bc/0a66411ecc08031ec5eeabeeb57ccc1510a9.udd" 4122
"../../../../../UE Projects/SixMinutesAtChonkers/Content/Characters/Mannequins/Materials/Instances/Manny/MI_Manny_01.uasset" 4123
"../../../../../UE Projects/SixMinutesAtChonkers/Content/Characters/Mannequins/Materials/M_Mannequin.uasset" 4124
"C:/Users/pduli/AppData/Local/UnrealEngine/Common/DerivedDataCache/Buckets/LegacySTREAMEDAUDIO/ad/66/90e48ac559def686fe3dfee6284f922fe408.udd" 4125
"../../../../../UE Projects/SixMinutesAtChonkers/Content/Characters/Mannequins/Materials/Functions/MF_Diffraction.uasset" 4126
"C:/Users/pduli/AppData/Local/UnrealEngine/Common/DerivedDataCache/Buckets/LegacySTREAMEDAUDIO/8b/12/6774205f528bee2c4b889849e462c52dec21.udd" 4127
"../../../../../UE Projects/SixMinutesAtChonkers/Content/Characters/Mannequins/Materials/Functions/ChromaticCurve.uasset" 4128
"../../../../../UE Projects/SixMinutesAtChonkers/Content/Characters/Mannequins/Materials/Functions/CA_Mannequin.uasset" 4129
"../../../../../UE Projects/SixMinutesAtChonkers/Content/Characters/Mannequins/Materials/Functions/MF_logo3layers.uasset" 4130
"../../../Engine/Content/Functions/Engine_MaterialFunctions01/Texturing/ScaleUVsByCenter.uasset" 4131
"../../../../../UE Projects/SixMinutesAtChonkers/Content/Characters/Mannequins/Textures/Shared/T_UE_Logo_M.uasset" 4132
"../../../../../UE Projects/SixMinutesAtChonkers/Content/Characters/Mannequins/Materials/Functions/ML_BaseColorFallOff.uasset" 4133
"C:/Users/pduli/AppData/Local/UnrealEngine/Common/DerivedDataCache/Buckets/LegacySTREAMEDAUDIO/1c/cc/cbb8181fdd1607d54cff56aed0d7f40de241.udd" 4134
"../../../../../UE Projects/SixMinutesAtChonkers/Content/Characters/Mannequins/Textures/Manny/T_Manny_01_ASAOPMASK_MSK.uasset" 4135
"../../../../../UE Projects/SixMinutesAtChonkers/Content/Characters/Mannequins/Textures/Manny/T_Manny_01_BN.uasset" 4136
"../../../../../UE Projects/SixMinutesAtChonkers/Content/Characters/Mannequins/Textures/Manny/T_Manny_01_CCRCCPlastic_MSK.uasset" 4137
"C:/Users/pduli/AppData/Local/UnrealEngine/Common/DerivedDataCache/Buckets/LegacySTREAMEDAUDIO/69/05/1eb7d420f8fd86dec975b5d077856b0ae814.udd" 4138
"../../../../../UE Projects/SixMinutesAtChonkers/Content/Characters/Mannequins/Textures/Manny/T_Manny_01_D.uasset" 4139
"C:/Users/pduli/AppData/Local/UnrealEngine/Common/DerivedDataCache/Buckets/LegacySTREAMEDAUDIO/80/f7/8d2da181f2bbd065094a261d4a9b90833fe2.udd" 4140
"../../../../../UE Projects/SixMinutesAtChonkers/Content/Characters/Mannequins/Textures/Manny/T_Manny_01_MSR_MSK.uasset" 4141
"../../../../../UE Projects/SixMinutesAtChonkers/Content/Characters/Mannequins/Textures/Manny/T_Manny_01_N.uasset" 4142
"../../../../../UE Projects/SixMinutesAtChonkers/Content/Characters/Mannequins/Textures/Manny/T_Manny_01_Tan.uasset" 4143
"../../../../../UE Projects/SixMinutesAtChonkers/Content/Characters/Mannequins/Materials/Instances/Manny/MI_Manny_02.uasset" 4144
"../../../../../UE Projects/SixMinutesAtChonkers/Content/Characters/Mannequins/Textures/Manny/T_Manny_02_ASAOPMASK_MSK.uasset" 4145
"../../../../../UE Projects/SixMinutesAtChonkers/Content/Characters/Mannequins/Textures/Manny/T_Manny_02_BN.uasset" 4146
"../../../../../UE Projects/SixMinutesAtChonkers/Content/Characters/Mannequins/Textures/Manny/T_Manny_02_CCRCCPlastic_MSK.uasset" 4147
"../../../../../UE Projects/SixMinutesAtChonkers/Content/Characters/Mannequins/Textures/Manny/T_Manny_02_D.uasset" 4148
"C:/Users/pduli/AppData/Local/UnrealEngine/Common/DerivedDataCache/Buckets/LegacySTREAMEDAUDIO/c3/19/4d4c2bba0446311ab5a0ee9cfeed0addfdfc.udd" 4149
"../../../../../UE Projects/SixMinutesAtChonkers/Content/Characters/Mannequins/Textures/Manny/T_Manny_02_MSR_MSK.uasset" 4150
"../../../../../UE Projects/SixMinutesAtChonkers/Content/Characters/Mannequins/Textures/Manny/T_Manny_02_N.uasset" 4151
"../../../../../UE Projects/SixMinutesAtChonkers/Content/Characters/Mannequins/Textures/Manny/T_Manny_02_Tan.uasset" 4152
"../../../../../UE Projects/SixMinutesAtChonkers/Content/Characters/Mannequins/Rigs/PA_Mannequin.uasset" 4153
"../../../../../UE Projects/SixMinutesAtChonkers/Content/Characters/Mannequins/Meshes/SKM_Manny_Simple.uasset" 4154
"C:/Users/pduli/AppData/Local/UnrealEngine/Common/DerivedDataCache/Buckets/LegacySTREAMEDAUDIO/bc/a8/af1c84b9f33b4d47eb1c730c6bdcc8af09c1.udd" 4155
"C:/Users/pduli/AppData/Local/UnrealEngine/Common/DerivedDataCache/Buckets/LegacySTREAMEDAUDIO/38/68/5df4179dbdfcb7647f067c77992f755dabff.udd" 4156
"C:/Users/pduli/AppData/Local/UnrealEngine/Common/DerivedDataCache/Buckets/LegacySTREAMEDAUDIO/94/54/a54dba38d0eb3cb7ff8af412fd79dcdeb98b.udd" 4157
"C:/Users/pduli/AppData/Local/UnrealEngine/Common/DerivedDataCache/Buckets/LegacySTREAMEDAUDIO/05/4e/1267becdbea70ad3f6f4ee7a0e864e3b2a4f.udd" 4158
"C:/Users/pduli/AppData/Local/UnrealEngine/Common/DerivedDataCache/Buckets/LegacySTREAMEDAUDIO/dc/2f/17fe4c1625e58d22665cb9800684436f4bc6.udd" 4159
"C:/Users/pduli/AppData/Local/UnrealEngine/Common/DerivedDataCache/Buckets/LegacySTREAMEDAUDIO/a5/5d/8323ccb1236c9d6d6bf18f0f7fa721037367.udd" 4160
"C:/Users/pduli/AppData/Local/UnrealEngine/Common/DerivedDataCache/Buckets/LegacySTREAMEDAUDIO/6b/aa/298d2a2304aca6ca70043fe33d4a77209d7c.udd" 4161
"C:/Users/pduli/AppData/Local/UnrealEngine/Common/DerivedDataCache/Buckets/LegacySTREAMEDAUDIO/43/5d/783f5f99bf13ec5f6f657fa6af0e43ad6183.udd" 4162
"C:/Users/pduli/AppData/Local/UnrealEngine/Common/DerivedDataCache/Buckets/LegacySTREAMEDAUDIO/ff/33/01f345f1ab09d23fe12da4d7dbebe23ea808.udd" 4163
"C:/Users/pduli/AppData/Local/UnrealEngine/Common/DerivedDataCache/Buckets/LegacySTREAMEDAUDIO/27/99/b571244178bd9115d7d517fa2eedd969b60c.udd" 4164
"C:/Users/pduli/AppData/Local/UnrealEngine/Common/DerivedDataCache/Buckets/LegacySTREAMEDAUDIO/b2/b0/53d2d2e562de569d7d40aaeb764aca321c47.udd" 4165
"C:/Users/pduli/AppData/Local/UnrealEngine/Common/DerivedDataCache/Buckets/LegacySTREAMEDAUDIO/4f/52/9482495ae2bf4edbc686e6d624beda7d8fa1.udd" 4166
"C:/Users/pduli/AppData/Local/UnrealEngine/Common/DerivedDataCache/Buckets/LegacySTREAMEDAUDIO/cd/c0/63632d9ef970d0824cfa12a3ca8996b6035b.udd" 4167
"C:/Users/pduli/AppData/Local/UnrealEngine/Common/DerivedDataCache/Buckets/LegacySTREAMEDAUDIO/00/2e/ee6302e7278d11b557805dd33f4f852d10e8.udd" 4168
"C:/Users/pduli/AppData/Local/UnrealEngine/Common/DerivedDataCache/Buckets/LegacySTREAMEDAUDIO/c3/48/ebba748fd69cfde5c7f43ac68959b245c982.udd" 4169
"C:/Users/pduli/AppData/Local/UnrealEngine/Common/DerivedDataCache/Buckets/LegacySTREAMEDAUDIO/ac/c2/a966ec63c273c68243f83bc92255bd12b68a.udd" 4170
"C:/Users/pduli/AppData/Local/UnrealEngine/Common/DerivedDataCache/Buckets/LegacySTREAMEDAUDIO/e1/e5/5b12334d35faa4a09be690f0c7d949fae3ef.udd" 4171
"C:/Users/pduli/AppData/Local/UnrealEngine/Common/DerivedDataCache/Buckets/LegacySTREAMEDAUDIO/f8/91/051fce4c76c7b611480893f394f5737c46c7.udd" 4172
"C:/Users/pduli/AppData/Local/UnrealEngine/Common/DerivedDataCache/Buckets/LegacySTREAMEDAUDIO/0c/06/88664ebfc21f02e9774d1881ef0b64f4ad4c.udd" 4173
"C:/Users/pduli/AppData/Local/UnrealEngine/Common/DerivedDataCache/Buckets/LegacySTREAMEDAUDIO/39/f6/b5a0b135682d73a4f787dc641a205e4d621c.udd" 4174
"C:/Users/pduli/AppData/Local/UnrealEngine/Common/DerivedDataCache/Buckets/LegacySTREAMEDAUDIO/64/7e/f3600abfdf22d5d8efe7738acf13f7d0f0ba.udd" 4175
"C:/Users/pduli/AppData/Local/UnrealEngine/Common/DerivedDataCache/Buckets/LegacySTREAMEDAUDIO/bf/1a/e35c5cd00acaa2700b57de2482d08c628924.udd" 4176
"C:/Users/pduli/AppData/Local/UnrealEngine/Common/DerivedDataCache/Buckets/LegacySTREAMEDAUDIO/e8/df/4cd7911237fe65f707b7580b73e5c8fa7d2a.udd" 4177
"C:/Users/pduli/AppData/Local/UnrealEngine/Common/DerivedDataCache/Buckets/LegacySTREAMEDAUDIO/c8/ba/e77c5d56982a3c64f76e782881bd709af846.udd" 4178
"C:/Users/pduli/AppData/Local/UnrealEngine/Common/DerivedDataCache/Buckets/LegacySTREAMEDAUDIO/26/c3/e92df66681dff1fd31ca85cf598c47eb8fd4.udd" 4179
"C:/Users/pduli/AppData/Local/UnrealEngine/Common/DerivedDataCache/Buckets/LegacySTREAMEDAUDIO/81/94/a425ced4ea31cedd5e324ab8412d92bd5dcb.udd" 4180
"C:/Users/pduli/AppData/Local/UnrealEngine/Common/DerivedDataCache/Buckets/LegacySTREAMEDAUDIO/27/63/9066ddf477328e5a0d3e580d91f5743289cd.udd" 4181
"C:/Users/pduli/AppData/Local/UnrealEngine/Common/DerivedDataCache/Buckets/LegacySTREAMEDAUDIO/2a/f8/d96eb0254c873107e76556a296376bdcdb65.udd" 4182
"C:/Users/pduli/AppData/Local/UnrealEngine/Common/DerivedDataCache/Buckets/LegacySTREAMEDAUDIO/2f/1a/33d90a6177c1812096060760c01666bd5efc.udd" 4183
"C:/Users/pduli/AppData/Local/UnrealEngine/Common/DerivedDataCache/Buckets/LegacySTREAMEDAUDIO/70/0b/4270cb18fa1d7465be8e9e6a5dabf7228f9b.udd" 4184
"C:/Users/pduli/AppData/Local/UnrealEngine/Common/DerivedDataCache/Buckets/LegacySTREAMEDAUDIO/3d/91/aec825eec91b2a433237eca746a2c8800cac.udd" 4185
"C:/Users/pduli/AppData/Local/UnrealEngine/Common/DerivedDataCache/Buckets/LegacySTREAMEDAUDIO/30/96/6f6c2f28d88d791b9335dd6b6f490aa22d72.udd" 4186
"C:/Users/pduli/AppData/Local/UnrealEngine/Common/DerivedDataCache/Buckets/LegacySKELETALMESH/cc/0b/bfe9d0b328d6a161ff3cb77b7447ce869543.udd" 4187
"C:/Users/pduli/AppData/Local/UnrealEngine/Common/DerivedDataCache/Content/cd/65/ad91ebef0049f85e9e03714e5d34b8062e10.udd" 4188
"C:/Users/pduli/AppData/Local/UnrealEngine/Common/DerivedDataCache/Buckets/LegacySTREAMEDAUDIO/c7/a9/abceedb06722b79047291c4d460a97f21afe.udd" 4189
"C:/Users/pduli/AppData/Local/UnrealEngine/Common/DerivedDataCache/Buckets/LegacySTREAMEDAUDIO/b7/85/a7d64a8dca6cdecd9c0228c9c611cd62fb65.udd" 4190
"C:/Users/pduli/AppData/Local/UnrealEngine/Common/DerivedDataCache/Buckets/LegacySTREAMEDAUDIO/f5/54/b888d5d6137890eab198e6502b6f6d4d1c13.udd" 4191
"C:/Users/pduli/AppData/Local/UnrealEngine/Common/DerivedDataCache/Buckets/LegacySTREAMEDAUDIO/86/69/87c0b1baff200d23682ce6ca1992b76fe2ef.udd" 4192
"C:/Users/pduli/AppData/Local/UnrealEngine/Common/DerivedDataCache/Buckets/LegacySTREAMEDAUDIO/83/4e/3beec7f4ef6160691135d049cec2f47b5a96.udd" 4193
"C:/Users/pduli/AppData/Local/UnrealEngine/Common/DerivedDataCache/Buckets/LegacySTREAMEDAUDIO/56/ca/4586609fac6e569f913ee70ec681300011fd.udd" 4194
"C:/Users/pduli/AppData/Local/UnrealEngine/Common/DerivedDataCache/Buckets/AnimationSequence/21/9b/1585d847ffc13b56e87cee7df39a0ec31868.udd" 4195
"C:/Users/pduli/AppData/Local/UnrealEngine/Common/DerivedDataCache/Buckets/AnimationSequence/c3/44/7510b4f69a7818c5b257d6789ab7573f7831.udd" 4196
"C:/Users/pduli/AppData/Local/UnrealEngine/Common/DerivedDataCache/Buckets/AnimationSequence/6f/90/2faeba0bc9182b95305a48bf5b50ecf0831b.udd" 4197
"C:/Users/pduli/AppData/Local/UnrealEngine/Common/DerivedDataCache/Buckets/AnimationSequence/8b/35/4221cb640593b54aad7a031e79043988136a.udd" 4198
"C:/Users/pduli/AppData/Local/UnrealEngine/Common/DerivedDataCache/Buckets/AnimationSequence/cc/85/76ab2b69b5c2774981b3a3d6a25c31aa21fd.udd" 4199
"C:/Users/pduli/AppData/Local/UnrealEngine/Common/DerivedDataCache/Buckets/AnimationSequence/d5/ce/aca062493e42232f60993d90d28c8dd6df7b.udd" 4200
"C:/Users/pduli/AppData/Local/UnrealEngine/Common/DerivedDataCache/Buckets/AnimationSequence/29/32/ee3af2473cbab9c6190cd33adf9b579dfcc9.udd" 4201
"C:/Users/pduli/AppData/Local/UnrealEngine/Common/DerivedDataCache/Buckets/AnimationSequence/d7/fe/426629cb38dab20f167376645fcaa6d62267.udd" 4202
"C:/Users/pduli/AppData/Local/UnrealEngine/Common/DerivedDataCache/Buckets/AnimationSequence/5a/93/0e4d9fde5ccf15c434eb6d6f39453c787c48.udd" 4203
"C:/Users/pduli/AppData/Local/UnrealEngine/Common/DerivedDataCache/Buckets/AnimationSequence/a6/63/0cbd5b02b4f5e5cc94078642ae45130b8bc7.udd" 4204
"C:/Users/pduli/AppData/Local/UnrealEngine/Common/DerivedDataCache/Buckets/AnimationSequence/3c/f0/a7c524203ad9f49c9ec71753619d1e5e1eb7.udd" 4205
"C:/Users/pduli/AppData/Local/UnrealEngine/Common/DerivedDataCache/Buckets/AnimationSequence/50/42/8b6ae280ca9e233b3fe5c9f23edcb5fb000c.udd" 4206
"C:/Users/pduli/AppData/Local/UnrealEngine/Common/DerivedDataCache/Buckets/AnimationSequence/8f/89/23f7cbb48e2f30ce05b1150a9c309565f04c.udd" 4207
"C:/Users/pduli/AppData/Local/UnrealEngine/Common/DerivedDataCache/Buckets/AnimationSequence/45/83/12d8ca3d744c60878b15ba03242b2d2a010c.udd" 4208
"C:/Users/pduli/AppData/Local/UnrealEngine/Common/DerivedDataCache/Buckets/LegacySKELETALMESH/be/bf/12d3ea92f4d0dfb45fb564dfd95997cbafa4.udd" 4209
"C:/Users/pduli/AppData/Local/UnrealEngine/Common/DerivedDataCache/Content/01/81/a0d6f821e9a00b5c8df54f9944355a551b70.udd" 4210
"../../../../../UE Projects/SixMinutesAtChonkers/Content/Characters/Mannequins/Meshes/SKM_Quinn_Simple.uasset" 4211
"../../../../../UE Projects/SixMinutesAtChonkers/Content/Characters/Mannequins/Materials/Instances/Quinn/MI_Quinn_01.uasset" 4212
"../../../../../UE Projects/SixMinutesAtChonkers/Content/Characters/Mannequins/Textures/Quinn/T_Quinn_01_ASAOMASK_MSK.uasset" 4213
"../../../../../UE Projects/SixMinutesAtChonkers/Content/Characters/Mannequins/Textures/Quinn/T_Quinn_01_CCRCCPlastic_MSK.uasset" 4214
"../../../../../UE Projects/SixMinutesAtChonkers/Content/Characters/Mannequins/Textures/Quinn/T_Quinn_01ID_BN.uasset" 4215
"../../../../../UE Projects/SixMinutesAtChonkers/Content/Characters/Mannequins/Textures/Quinn/T_Quinn_01ID_D.uasset" 4216
"../../../../../UE Projects/SixMinutesAtChonkers/Content/Characters/Mannequins/Textures/Quinn/T_Quinn_01ID_MSR_MSK.uasset" 4217
"../../../../../UE Projects/SixMinutesAtChonkers/Content/Characters/Mannequins/Textures/Quinn/T_Quinn_01ID_N.uasset" 4218
"../../../../../UE Projects/SixMinutesAtChonkers/Content/Characters/Mannequins/Textures/Quinn/T_Quinn_01ID_Tan.uasset" 4219
"../../../../../UE Projects/SixMinutesAtChonkers/Content/Characters/Mannequins/Materials/Instances/Quinn/MI_Quinn_02.uasset" 4220
"../../../../../UE Projects/SixMinutesAtChonkers/Content/Characters/Mannequins/Textures/Quinn/T_Quinn_02_ASAOMASK_MSK.uasset" 4221
"../../../../../UE Projects/SixMinutesAtChonkers/Content/Characters/Mannequins/Textures/Quinn/T_Quinn_02_CCRCCPlastic_MSK.uasset" 4222
"../../../../../UE Projects/SixMinutesAtChonkers/Content/Characters/Mannequins/Textures/Quinn/T_Quinn_02ID_BN.uasset" 4223
"../../../../../UE Projects/SixMinutesAtChonkers/Content/Characters/Mannequins/Textures/Quinn/T_Quinn_02ID_D.uasset" 4224
"../../../../../UE Projects/SixMinutesAtChonkers/Content/Characters/Mannequins/Textures/Quinn/T_Quinn_02ID_MSR_MSK.uasset" 4225
"../../../../../UE Projects/SixMinutesAtChonkers/Content/Characters/Mannequins/Textures/Quinn/T_Quinn_02ID_N.uasset" 4226
"../../../../../UE Projects/SixMinutesAtChonkers/Content/Characters/Mannequins/Textures/Quinn/T_Quinn_02ID_Tan.uasset" 4227
"E:/UE Projects/SixMinutesAtChonkers/Content/Characters/Mannequins/Meshes/Mannequin_LODSettings.uasset" 4228
"E:/UE Projects/SixMinutesAtChonkers/Content/Audiora_FreeMusic/wav/Themes/The_Enchanted_Highlands.uasset" 4229
"E:/UE Projects/SixMinutesAtChonkers/Content/Audiora_FreeMusic/wav/Themes/Surrounded_by_Darkness.uasset" 4230
"E:/UE Projects/SixMinutesAtChonkers/Content/Audiora_FreeMusic/wav/Themes/Sunlit_Peaks.uasset" 4231
"E:/UE Projects/SixMinutesAtChonkers/Content/Audiora_FreeMusic/wav/Themes/Rivers_of_Gold.uasset" 4232
"E:/UE Projects/SixMinutesAtChonkers/Content/Audiora_FreeMusic/wav/Themes/Last_Sound_in_the_Dust.uasset" 4233
"E:/UE Projects/SixMinutesAtChonkers/Content/Audiora_FreeMusic/wav/Themes/Hand_Bells.uasset" 4234
"E:/UE Projects/SixMinutesAtChonkers/Content/Audiora_FreeMusic/wav/Themes/Enchantment_of_Strings.uasset" 4235
"E:/UE Projects/SixMinutesAtChonkers/Content/Audiora_FreeMusic/wav/Themes/Brick_Song.uasset" 4236
"E:/UE Projects/SixMinutesAtChonkers/Content/Audiora_FreeMusic/wav/Themes/Ancient_Chimes.uasset" 4237
"E:/UE Projects/SixMinutesAtChonkers/Content/Audiora_FreeMusic/wav/Loops/The_Kingdom_Beyond_loop.uasset" 4238
"E:/UE Projects/SixMinutesAtChonkers/Content/Audiora_FreeMusic/wav/Loops/Surrounded_by_Darkness_Loop.uasset" 4239
"E:/UE Projects/SixMinutesAtChonkers/Content/Audiora_FreeMusic/wav/Loops/Last_Sound_in_the_Dust_Loop.uasset" 4240
"../../../Engine/Content/EngineSounds/Submixes/MasterEQEffectPreset.uasset" 4241
"../../../Engine/Content/EngineSounds/Submixes/MasterReverbEffectPreset.uasset" 4242
"../../../Engine/Content/EditorMaterials/PreviewShadowIndicator.uasset" 4243
"../../../Engine/Content/MobileResources/HUD/VirtualJoystick_Background.uasset" 4244
"../../../Engine/Content/MobileResources/HUD/VirtualJoystick_Thumb.uasset" 4245
"../../../Engine/Content/EditorMeshes/ColorCalibrator/M_ClearCoatBlack.uasset" 4246
"../../../Engine/Content/EngineSky/M_SimpleSkyDome.uasset" 4247
"../../../Engine/Content/MapTemplates/Sky/M_BlackBackground.uasset" 4248
"../../../Engine/Content/EngineMaterials/DefaultCalibrationGrayscale.uasset" 4249
"../../../Engine/Content/EngineMaterials/DefaultCalibrationColor.uasset" 4250
"../../../Engine/Content/Maps/Entry_BuiltData.uasset" 4251
"../../../Engine/Content/MapTemplates/Sky/DaylightAmbientCubemap.uasset" 4252
"C:/Users/pduli/AppData/Local/UnrealEngine/Common/DerivedDataCache/Buckets/BulkDataList/a2/91/72e620722d19349b0d20217554c62c94ac92.udd" 4253
"C:/Users/pduli/AppData/Local/UnrealEngine/Common/DerivedDataCache/Buckets/BulkDataPayloadId/9c/aa/d6d873bb257d19d6dd7ded0b1ef3db5d6163.udd" 4254
"../../../Engine/Content/Functions/Engine_MaterialFunctions01/Gradient/RadialGradient.uasset" 4255
"../../../Engine/Content/Functions/Engine_MaterialFunctions01/Opacity/AlphaOffset.uasset" 4256
"../../../Engine/Content/Functions/Engine_MaterialFunctions03/Procedurals/ComputeFilterWidth.uasset" 4257
"../../../Engine/Content/Functions/Engine_MaterialFunctions02/Utility/MakeFloat3.uasset" 4258
"../../../Engine/Content/EditorMeshes/ColorCalibrator/M_ChromeBall.uasset" 4259
"../../../Engine/Content/EngineFonts/Faces/DroidSansMono.uasset" 4260
"../../../Engine/Content/ArtTools/RenderToTexture/Textures/127grey.uasset" 4261
"../../../Engine/Content/EngineSky/T_Sky_Blue.uasset" 4262
"../../../Engine/Content/EngineSky/T_Sky_Clouds_M.uasset" 4263
"../../../Engine/Content/EngineSky/T_Sky_Stars.uasset" 4264
"../../../Engine/Content/EditorMeshes/ColorCalibrator/M_ClearCoat.uasset" 4265
"../../../Engine/Content/EditorMeshes/ColorCalibrator/M_GreyBall.uasset" 4266
"../../../Engine/Content/Functions/Engine_MaterialFunctions01/Gradient/LinearGradient.uasset" 4267
"../../../Engine/Content/EditorMeshes/ColorCalibrator/Color_checker.uasset" 4268
"../../../Engine/Content/EditorMeshes/ColorCalibrator/T_ColorGrid.uasset" 4269
"../../../Engine/Content/Functions/Engine_MaterialFunctions02/ScreenResolution.uasset" 4270
"../../../Engine/Content/ArtTools/RenderToTexture/MaterialFunctions/CheckerPattern.uasset" 4271
"E:/UE Projects/SixMinutesAtChonkers/Content/StarterContent/Particles/Materials/M_Heat_Distortion.uasset" 4272
"E:/UE Projects/SixMinutesAtChonkers/Content/StarterContent/Props/Materials/M_TableRound.uasset" 4273
"E:/UE Projects/SixMinutesAtChonkers/Content/StarterContent/Props/Materials/M_StatueGlass.uasset" 4274
"E:/UE Projects/SixMinutesAtChonkers/Content/StarterContent/Props/Materials/M_Statue.uasset" 4275
"E:/UE Projects/SixMinutesAtChonkers/Content/StarterContent/Particles/Materials/M_Spark.uasset" 4276
"E:/UE Projects/SixMinutesAtChonkers/Content/StarterContent/Particles/Materials/M_smoke_subUV.uasset" 4277
"E:/UE Projects/SixMinutesAtChonkers/Content/StarterContent/Props/Materials/M_Shelf.uasset" 4278
"E:/UE Projects/SixMinutesAtChonkers/Content/StarterContent/Materials/M_Wood_Floor_Walnut_Polished.uasset" 4279
"C:/Users/pduli/AppData/Local/UnrealEngine/Common/DerivedDataCache/Buckets/BulkDataList/84/0d/1a85e8360907eb92923314ac4161936696c9.udd" 4280
"E:/UE Projects/SixMinutesAtChonkers/Content/StarterContent/Materials/M_Water_Lake.uasset" 4281
"E:/UE Projects/SixMinutesAtChonkers/Content/StarterContent/Materials/M_Rock_Marble_Polished.uasset" 4282
"E:/UE Projects/SixMinutesAtChonkers/Content/StarterContent/Materials/M_Wood_Walnut.uasset" 4283
"E:/UE Projects/SixMinutesAtChonkers/Content/StarterContent/Materials/M_Wood_Pine.uasset" 4284
"E:/UE Projects/SixMinutesAtChonkers/Content/StarterContent/Materials/M_Wood_Oak.uasset" 4285
"E:/UE Projects/SixMinutesAtChonkers/Content/StarterContent/Materials/M_Tech_Panel.uasset" 4286
"E:/UE Projects/SixMinutesAtChonkers/Content/StarterContent/Materials/M_Tech_Hex_Tile_Pulse.uasset" 4287
"E:/UE Projects/SixMinutesAtChonkers/Content/StarterContent/Materials/M_Rock_Slate.uasset" 4288
"C:/Users/pduli/AppData/Local/UnrealEngine/Common/DerivedDataCache/Buckets/BulkDataList/46/a5/5bd59b041dae2e11e2e15bdd30f956f4f60a.udd" 4289
"E:/UE Projects/SixMinutesAtChonkers/Content/StarterContent/Materials/M_Rock_Sandstone.uasset" 4290
"E:/UE Projects/SixMinutesAtChonkers/Content/StarterContent/Materials/M_Rock_Basalt.uasset" 4291
"E:/UE Projects/SixMinutesAtChonkers/Content/StarterContent/Materials/M_Metal_Steel.uasset" 4292
"E:/UE Projects/SixMinutesAtChonkers/Content/StarterContent/Materials/M_Metal_Gold.uasset" 4293
"E:/UE Projects/SixMinutesAtChonkers/Content/StarterContent/Materials/M_Metal_Copper.uasset" 4294
"E:/UE Projects/SixMinutesAtChonkers/Content/StarterContent/Materials/M_Metal_Chrome.uasset" 4295
"E:/UE Projects/SixMinutesAtChonkers/Content/StarterContent/Materials/M_Metal_Burnished_Steel.uasset" 4296
"C:/Users/pduli/AppData/Local/UnrealEngine/Common/DerivedDataCache/Buckets/LegacyAudio/d8/4e/47e5e56203be548cbaeae648de82a95c93bf.udd" 4297
"C:/Users/pduli/AppData/Local/UnrealEngine/Common/DerivedDataCache/Buckets/LegacyAudio/74/9b/3495ef6d042a4d9bcffc831a44dbefd1386d.udd" 4298
"E:/UE Projects/SixMinutesAtChonkers/Content/StarterContent/Materials/M_Metal_Brushed_Nickel.uasset" 4299
"E:/UE Projects/SixMinutesAtChonkers/Content/StarterContent/Props/Materials/M_Lamp.uasset" 4300
"C:/Users/pduli/AppData/Local/UnrealEngine/Common/DerivedDataCache/Content/4b/1b/4ffaf37e33ec7a6029453b191c4985ede244.udd" 4301
"C:/Users/pduli/AppData/Local/UnrealEngine/Common/DerivedDataCache/Buckets/BulkDataList/2f/98/dcb1e009629329b149868e9e588659b8bd8c.udd" 4302
"E:/UE Projects/SixMinutesAtChonkers/Content/StarterContent/Materials/M_Ground_Moss.uasset" 4303
"C:/Users/pduli/AppData/Local/UnrealEngine/Common/DerivedDataCache/Content/03/84/392414c5901f56116527f0525f91a52e274a.udd" 4304
"E:/UE Projects/SixMinutesAtChonkers/Content/StarterContent/Materials/M_Ground_Gravel.uasset" 4305
"C:/Users/pduli/AppData/Local/UnrealEngine/Common/DerivedDataCache/Buckets/BulkDataList/34/01/bae38297a110f81f962325dbba5589f5002c.udd" 4306
"C:/Users/pduli/AppData/Local/UnrealEngine/Common/DerivedDataCache/Buckets/BulkDataList/5f/c8/8a85f4da6b84f40cdbec9611fccf19176d00.udd" 4307
"E:/UE Projects/SixMinutesAtChonkers/Content/StarterContent/Materials/M_Ground_Grass.uasset" 4308
"E:/UE Projects/SixMinutesAtChonkers/Content/StarterContent/Props/Materials/M_Frame.uasset" 4309
"E:/UE Projects/SixMinutesAtChonkers/Content/StarterContent/Particles/Materials/M_Fire_SubUV.uasset" 4310
"C:/Users/pduli/AppData/Local/UnrealEngine/Common/DerivedDataCache/Buckets/LegacyAudio/7e/a4/0ee1279b7cfcd6d12c86647a5ce03e55e24b.udd" 4311
"C:/Users/pduli/AppData/Local/UnrealEngine/Common/DerivedDataCache/Buckets/LegacyAudio/e1/2f/d577057a394e005be327b1b19fe65a1d3ba8.udd" 4312
"C:/Users/pduli/AppData/Local/UnrealEngine/Common/DerivedDataCache/Buckets/LegacyAudio/d7/5e/a298b186e7a6f8c5c7ce21e0d6ffbf0b37b8.udd" 4313
"C:/Users/pduli/AppData/Local/UnrealEngine/Common/DerivedDataCache/Buckets/LegacyAudio/7f/a7/0513d0bee5a4ca4f577153e928d929d4f257.udd" 4314
"C:/Users/pduli/AppData/Local/UnrealEngine/Common/DerivedDataCache/Content/44/ae/9fa3ed571c965810ad7a46113e314eb91592.udd" 4315
"C:/Users/pduli/AppData/Local/UnrealEngine/Common/DerivedDataCache/Content/37/ab/e363582ece1709f2dd04c5d00029df5390e5.udd" 4316
"C:/Users/pduli/AppData/Local/UnrealEngine/Common/DerivedDataCache/Content/b7/52/262300999893496c1217f88a4ed09b660152.udd" 4317
"C:/Users/pduli/AppData/Local/UnrealEngine/Common/DerivedDataCache/Content/d0/13/2eb6b259a675562d986df0754fd00a8d0b71.udd" 4318
"C:/Users/pduli/AppData/Local/UnrealEngine/Common/DerivedDataCache/Buckets/LegacyAudio/33/01/f8bb3ba1e1563c6175ddada798e6a2cf14a9.udd" 4319
"C:/Users/pduli/AppData/Local/UnrealEngine/Common/DerivedDataCache/Buckets/LegacyAudio/01/9a/6735ba168a85c8df8c9941b36256ec910cae.udd" 4320
"C:/Users/pduli/AppData/Local/UnrealEngine/Common/DerivedDataCache/Content/44/30/a73bd970105bf79893e2cd09d28938c3a093.udd" 4321
"C:/Users/pduli/AppData/Local/UnrealEngine/Common/DerivedDataCache/Content/65/00/538b09d6b3816ed507a4893af984501ddcb0.udd" 4322
"C:/Users/pduli/AppData/Local/UnrealEngine/Common/DerivedDataCache/Buckets/LegacyAudio/dd/51/4195d0e28c60b7ed26853aca894412abbcba.udd" 4323
"C:/Users/pduli/AppData/Local/UnrealEngine/Common/DerivedDataCache/Buckets/LegacyAudio/1d/e2/e3f91eadf147b337d76ca512a53d104b8d4c.udd" 4324
"C:/Users/pduli/AppData/Local/UnrealEngine/Common/DerivedDataCache/Buckets/LegacyAudio/93/ef/09c690dfa8261077c1bf618f2bdd48424e97.udd" 4325
"C:/Users/pduli/AppData/Local/UnrealEngine/Common/DerivedDataCache/Content/cf/3f/fe8ef12210c64e74944d9754f01e44f3bd92.udd" 4326
"C:/Users/pduli/AppData/Local/UnrealEngine/Common/DerivedDataCache/Content/ed/e8/6f75cc7e649cf0dadfeef7c70722844d5c77.udd" 4327
"C:/Users/pduli/AppData/Local/UnrealEngine/Common/DerivedDataCache/Content/74/e8/2c36aad731b255507f351b8d37b55f4b3103.udd" 4328
"C:/Users/pduli/AppData/Local/UnrealEngine/Common/DerivedDataCache/Buckets/LegacyAudio/87/c3/3eb5dd05bd1edb463550021251e827874057.udd" 4329
"C:/Users/pduli/AppData/Local/UnrealEngine/Common/DerivedDataCache/Content/cb/46/f4f94097d361a6dd4b151fcc0e389b1959ec.udd" 4330
"C:/Users/pduli/AppData/Local/UnrealEngine/Common/DerivedDataCache/Buckets/LegacySTREAMEDAUDIO/23/cf/1a8ba65d5e4f524fa7fb38dc8e632515cd65.udd" 4331
"C:/Users/pduli/AppData/Local/UnrealEngine/Common/DerivedDataCache/Buckets/LegacySTREAMEDAUDIO/bf/51/a8fc5aa07e6c5bff1b82f393f0673a3a56a0.udd" 4332
"C:/Users/pduli/AppData/Local/UnrealEngine/Common/DerivedDataCache/Buckets/LegacySTREAMEDAUDIO/69/34/06ad28686b22faccf36ed954b6dac56502f6.udd" 4333
"C:/Users/pduli/AppData/Local/UnrealEngine/Common/DerivedDataCache/Buckets/LegacySTREAMEDAUDIO/1b/d1/711e1b9b576271ff8ed8c3d0512b734a6989.udd" 4334
"C:/Users/pduli/AppData/Local/UnrealEngine/Common/DerivedDataCache/Buckets/LegacySTREAMEDAUDIO/2e/94/84125c0eb8d25e209d7c53f929b71b722af4.udd" 4335
"C:/Users/pduli/AppData/Local/UnrealEngine/Common/DerivedDataCache/Buckets/LegacySTREAMEDAUDIO/ee/7a/c66639344e81076a50e8e19192819f2b2348.udd" 4336
"C:/Users/pduli/AppData/Local/UnrealEngine/Common/DerivedDataCache/Buckets/LegacySTREAMEDAUDIO/d0/7f/70a3b7acb34d683ef4a8f5892888e17b0628.udd" 4337
"C:/Users/pduli/AppData/Local/UnrealEngine/Common/DerivedDataCache/Buckets/LegacySTREAMEDAUDIO/d6/bf/1c7a691282bbaf3541a820f4bdb308365188.udd" 4338
"C:/Users/pduli/AppData/Local/UnrealEngine/Common/DerivedDataCache/Buckets/LegacySTREAMEDAUDIO/38/1c/48b6290e4dea96157068932d1d9d65b37869.udd" 4339
"C:/Users/pduli/AppData/Local/UnrealEngine/Common/DerivedDataCache/Buckets/LegacySTREAMEDAUDIO/83/52/81d88a5983998ac0f2530e24a7ad329135be.udd" 4340
"C:/Users/pduli/AppData/Local/UnrealEngine/Common/DerivedDataCache/Buckets/LegacySTREAMEDAUDIO/9e/24/3d3e758ce4f3550d0947d86a1e5b62a8f37a.udd" 4341
"C:/Users/pduli/AppData/Local/UnrealEngine/Common/DerivedDataCache/Buckets/LegacySTREAMEDAUDIO/a9/77/e6fb35fc2c12aca1d947a4ddc849ba625ee6.udd" 4342
"C:/Users/pduli/AppData/Local/UnrealEngine/Common/DerivedDataCache/Buckets/LegacySTREAMEDAUDIO/1e/a4/4d19bb59346e9e54f670a90eb3e1eed5a4a6.udd" 4343
"C:/Users/pduli/AppData/Local/UnrealEngine/Common/DerivedDataCache/Buckets/LegacySTREAMEDAUDIO/f1/98/24b19163e5a99ff664a15b8945ec66e599f1.udd" 4344
"C:/Users/pduli/AppData/Local/UnrealEngine/Common/DerivedDataCache/Buckets/LegacySTREAMEDAUDIO/6f/8f/495246ea145b27802198391b0f79739904a0.udd" 4345
"C:/Users/pduli/AppData/Local/UnrealEngine/Common/DerivedDataCache/Buckets/LegacySTREAMEDAUDIO/16/a6/8d2eac167dfb3a4d00341dd182f2a053b6f5.udd" 4346
"C:/Users/pduli/AppData/Local/UnrealEngine/Common/DerivedDataCache/Buckets/LegacySTREAMEDAUDIO/b0/c0/8b30593ab15ab5ba6f84f2e5da40668710da.udd" 4347
"C:/Users/pduli/AppData/Local/UnrealEngine/Common/DerivedDataCache/Buckets/LegacySTREAMEDAUDIO/b1/92/9bbb24386c070e12ab67ed966eb3f61ca175.udd" 4348
"C:/Users/pduli/AppData/Local/UnrealEngine/Common/DerivedDataCache/Buckets/LegacySTREAMEDAUDIO/74/ee/dd36fe2031fee1d1e4089639c94440827688.udd" 4349
"C:/Users/pduli/AppData/Local/UnrealEngine/Common/DerivedDataCache/Buckets/LegacySTREAMEDAUDIO/7c/aa/ae2dcca3924fe945aff0b599f83a399e53de.udd" 4350
"C:/Users/pduli/AppData/Local/UnrealEngine/Common/DerivedDataCache/Buckets/LegacySTREAMEDAUDIO/d8/4f/cff8fee16c1d872c42c266a1dcd2e2fdcdfa.udd" 4351
"C:/Users/pduli/AppData/Local/UnrealEngine/Common/DerivedDataCache/Buckets/LegacySTREAMEDAUDIO/3e/68/5d74d2be635af5474122a13fd977f119c70a.udd" 4352
"C:/Users/pduli/AppData/Local/UnrealEngine/Common/DerivedDataCache/Buckets/LegacySTREAMEDAUDIO/68/61/5ce4c465dbb89f8d338436d9504f3957f560.udd" 4353
"C:/Users/pduli/AppData/Local/UnrealEngine/Common/DerivedDataCache/Buckets/LegacySTREAMEDAUDIO/ca/f1/1edcb9591d38c5dcc65ac818e772e1ad8730.udd" 4354
"C:/Users/pduli/AppData/Local/UnrealEngine/Common/DerivedDataCache/Buckets/LegacySTREAMEDAUDIO/aa/ce/f27a6a707192396dd4b089948ee145dc3359.udd" 4355
"C:/Users/pduli/AppData/Local/UnrealEngine/Common/DerivedDataCache/Buckets/LegacySTREAMEDAUDIO/49/f1/c49748129aef4bb1f9f70bddb6a6b622ddec.udd" 4356
"C:/Users/pduli/AppData/Local/UnrealEngine/Common/DerivedDataCache/Buckets/LegacySTREAMEDAUDIO/b7/12/4111372452e472a6682a8715bf311f5c6510.udd" 4357
"C:/Users/pduli/AppData/Local/UnrealEngine/Common/DerivedDataCache/Buckets/LegacySTREAMEDAUDIO/10/77/cd4a4e1363533cff3a39d4c2e3ac42581855.udd" 4358
"C:/Users/pduli/AppData/Local/UnrealEngine/Common/DerivedDataCache/Buckets/LegacySTREAMEDAUDIO/82/e1/ce80af607a7b64cd808e6f527593d831e0ae.udd" 4359
"C:/Users/pduli/AppData/Local/UnrealEngine/Common/DerivedDataCache/Buckets/LegacySTREAMEDAUDIO/08/d2/ec10ad3fbf72c528927603578bebc4e7333f.udd" 4360
"C:/Users/pduli/AppData/Local/UnrealEngine/Common/DerivedDataCache/Buckets/LegacySTREAMEDAUDIO/b0/40/126c744490804078174d556ffc7409871e31.udd" 4361
"C:/Users/pduli/AppData/Local/UnrealEngine/Common/DerivedDataCache/Buckets/LegacySTREAMEDAUDIO/18/66/30f8f230663759e2cb9c27d19f4c71b61aaf.udd" 4362
"C:/Users/pduli/AppData/Local/UnrealEngine/Common/DerivedDataCache/Buckets/LegacySTREAMEDAUDIO/22/27/0e793962a85f3af894a6fe43184240953da6.udd" 4363
"C:/Users/pduli/AppData/Local/UnrealEngine/Common/DerivedDataCache/Buckets/LegacySTREAMEDAUDIO/72/61/26c5ae8c6b4a0c52111a589cda397112f233.udd" 4364
"C:/Users/pduli/AppData/Local/UnrealEngine/Common/DerivedDataCache/Buckets/LegacySTREAMEDAUDIO/0a/ce/a63381c22c642c741e80831180598e810d5a.udd" 4365
"C:/Users/pduli/AppData/Local/UnrealEngine/Common/DerivedDataCache/Buckets/LegacySTREAMEDAUDIO/8a/6d/761dfd77f205d6811f8c44bea68077c3bde8.udd" 4366
"C:/Users/pduli/AppData/Local/UnrealEngine/Common/DerivedDataCache/Buckets/LegacySTREAMEDAUDIO/80/66/52bb98703562598b2ff85c9d7bd830cd3027.udd" 4367
"C:/Users/pduli/AppData/Local/UnrealEngine/Common/DerivedDataCache/Buckets/LegacySTREAMEDAUDIO/06/a3/76d5f00cd155631b2d5164ef13c76232d3f3.udd" 4368
"C:/Users/pduli/AppData/Local/UnrealEngine/Common/DerivedDataCache/Buckets/LegacySTREAMEDAUDIO/94/e4/6f3120c67c6ab35dcb30cd51ab4ef0dd0c2b.udd" 4369
"C:/Users/pduli/AppData/Local/UnrealEngine/Common/DerivedDataCache/Buckets/LegacySTREAMEDAUDIO/be/a7/233b4cd691bb3efce6cb977bd35e32cb967d.udd" 4370
"C:/Users/pduli/AppData/Local/UnrealEngine/Common/DerivedDataCache/Buckets/LegacySTREAMEDAUDIO/df/0c/d20d79090a717f7a35f2e3ca5d4990dff913.udd" 4371
"C:/Users/pduli/AppData/Local/UnrealEngine/Common/DerivedDataCache/Buckets/LegacySTREAMEDAUDIO/05/e6/33c6de4269065de466382f7060054c22646e.udd" 4372
"C:/Users/pduli/AppData/Local/UnrealEngine/Common/DerivedDataCache/Buckets/LegacySTREAMEDAUDIO/db/1c/431d6658a23a8c6d0ac7bb842d1f6c3b7527.udd" 4373
"C:/Users/pduli/AppData/Local/UnrealEngine/Common/DerivedDataCache/Buckets/LegacySTREAMEDAUDIO/df/63/5207f632467ea7aa9a96171aa96504e5042e.udd" 4374
"C:/Users/pduli/AppData/Local/UnrealEngine/Common/DerivedDataCache/Buckets/LegacySTREAMEDAUDIO/f1/8a/c33bbc8322df01a4ee72aaf731338fe90187.udd" 4375
"C:/Users/pduli/AppData/Local/UnrealEngine/Common/DerivedDataCache/Buckets/LegacySTREAMEDAUDIO/d3/42/9b093f3ea9cad55170cfd8d5067afb978fa4.udd" 4376
"C:/Users/pduli/AppData/Local/UnrealEngine/Common/DerivedDataCache/Buckets/LegacySTREAMEDAUDIO/5e/a4/3557835b324fe7093bdaa485098bcadf987b.udd" 4377
"C:/Users/pduli/AppData/Local/UnrealEngine/Common/DerivedDataCache/Buckets/LegacySTREAMEDAUDIO/95/f4/d5a190a605bc22ba814801c41b2befa61c37.udd" 4378
"C:/Users/pduli/AppData/Local/UnrealEngine/Common/DerivedDataCache/Buckets/LegacySTREAMEDAUDIO/39/f1/359752edc9ac997de579e261b13ad5a74a07.udd" 4379
"C:/Users/pduli/AppData/Local/UnrealEngine/Common/DerivedDataCache/Buckets/LegacySTREAMEDAUDIO/b5/e8/d14fa075cc501073c0ab03fb22c363c0dcfc.udd" 4380
"C:/Users/pduli/AppData/Local/UnrealEngine/Common/DerivedDataCache/Buckets/LegacySTREAMEDAUDIO/ba/c5/104133a68ffdf3bd4072fe7894b880af83da.udd" 4381
"C:/Users/pduli/AppData/Local/UnrealEngine/Common/DerivedDataCache/Buckets/LegacySTREAMEDAUDIO/18/2c/a7b39ef2a4a2901508dbcdb4443204c7c1ab.udd" 4382
"C:/Users/pduli/AppData/Local/UnrealEngine/Common/DerivedDataCache/Buckets/LegacySTREAMEDAUDIO/f2/05/c666b4717faa66dc8bcf15bcf570c1f1b5fd.udd" 4383
"C:/Users/pduli/AppData/Local/UnrealEngine/Common/DerivedDataCache/Buckets/LegacySTREAMEDAUDIO/0f/3d/a9623fb0cfa218c15b1a3d47a274d35bf516.udd" 4384
"C:/Users/pduli/AppData/Local/UnrealEngine/Common/DerivedDataCache/Buckets/LegacySTREAMEDAUDIO/00/3f/239da490af1afde90e61f563b638733f8c3c.udd" 4385
"C:/Users/pduli/AppData/Local/UnrealEngine/Common/DerivedDataCache/Buckets/LegacySTREAMEDAUDIO/3f/f8/96e317aad5866c12134dd2a5e7a733a620c1.udd" 4386
"C:/Users/pduli/AppData/Local/UnrealEngine/Common/DerivedDataCache/Buckets/LegacySTREAMEDAUDIO/f7/85/3e04d57d9980b980b8414d9d63d748c3fe16.udd" 4387
"C:/Users/pduli/AppData/Local/UnrealEngine/Common/DerivedDataCache/Buckets/LegacySTREAMEDAUDIO/03/62/351d9d78b308defd1ed3bbca91549a3df7e0.udd" 4388
"C:/Users/pduli/AppData/Local/UnrealEngine/Common/DerivedDataCache/Buckets/LegacySTREAMEDAUDIO/f5/c1/cd7c987d5f0d6e5ec88f5929e6d62a399869.udd" 4389
"C:/Users/pduli/AppData/Local/UnrealEngine/Common/DerivedDataCache/Buckets/LegacySTREAMEDAUDIO/aa/6e/54633db6df0206d718632fb2e5a90c32ba3e.udd" 4390
"C:/Users/pduli/AppData/Local/UnrealEngine/Common/DerivedDataCache/Buckets/LegacySTREAMEDAUDIO/c5/c2/5f495c0aebb539cc5fdf94e5c6ff3c0fe784.udd" 4391
"C:/Users/pduli/AppData/Local/UnrealEngine/Common/DerivedDataCache/Buckets/LegacySTREAMEDAUDIO/59/56/32a0ca9eab71dda4afd96f9053b81d6a7638.udd" 4392
"C:/Users/pduli/AppData/Local/UnrealEngine/Common/DerivedDataCache/Buckets/LegacySTREAMEDAUDIO/fa/ba/32144534b849a99f538a8c54b4accc1921ba.udd" 4393
"C:/Users/pduli/AppData/Local/UnrealEngine/Common/DerivedDataCache/Buckets/LegacySTREAMEDAUDIO/ac/5f/22a2c32f9c8c79b527f04b1bb09b9a0bd23a.udd" 4394
"C:/Users/pduli/AppData/Local/UnrealEngine/Common/DerivedDataCache/Buckets/LegacySTREAMEDAUDIO/69/48/53664520c137e9b9677eeb6667f50bf9490d.udd" 4395
"C:/Users/pduli/AppData/Local/UnrealEngine/Common/DerivedDataCache/Buckets/LegacySTREAMEDAUDIO/db/f3/bec361727f6d11d828cc6d2d1a9a67839968.udd" 4396
"C:/Users/pduli/AppData/Local/UnrealEngine/Common/DerivedDataCache/Buckets/LegacySTREAMEDAUDIO/7e/cd/e5c209ea13cd0eece9975c982e9cbfc1ab54.udd" 4397
"C:/Users/pduli/AppData/Local/UnrealEngine/Common/DerivedDataCache/Buckets/LegacySTREAMEDAUDIO/66/9b/1b8086352b62019156873cf4dc6a8f4d4849.udd" 4398
"C:/Users/pduli/AppData/Local/UnrealEngine/Common/DerivedDataCache/Buckets/LegacySTREAMEDAUDIO/3f/01/01d6aff2cc46f0885bd3946fd23d1ddc2787.udd" 4399
"C:/Users/pduli/AppData/Local/UnrealEngine/Common/DerivedDataCache/Buckets/LegacySTREAMEDAUDIO/04/57/19a8b0abef35b77dd408fc659d4802461288.udd" 4400
"C:/Users/pduli/AppData/Local/UnrealEngine/Common/DerivedDataCache/Buckets/LegacySTREAMEDAUDIO/2c/83/c9f0f9c76aded49372bbc9f1fb43b057d52b.udd" 4401
"C:/Users/pduli/AppData/Local/UnrealEngine/Common/DerivedDataCache/Buckets/LegacySTREAMEDAUDIO/2b/4a/328b4eec46d6381d6bebc65ec5c033747dda.udd" 4402
"C:/Users/pduli/AppData/Local/UnrealEngine/Common/DerivedDataCache/Buckets/LegacySTREAMEDAUDIO/ba/09/ea1f6204438bc5b4aaa74381c3e4f1ae5a30.udd" 4403
"C:/Users/pduli/AppData/Local/UnrealEngine/Common/DerivedDataCache/Buckets/LegacySTREAMEDAUDIO/63/55/261c952adf1114c445b37dfc5d7c06f97b81.udd" 4404
"C:/Users/pduli/AppData/Local/UnrealEngine/Common/DerivedDataCache/Buckets/LegacySTREAMEDAUDIO/89/3b/2582fb6426eb103c15956e0bb9f7d343446c.udd" 4405
"C:/Users/pduli/AppData/Local/UnrealEngine/Common/DerivedDataCache/Buckets/LegacySTREAMEDAUDIO/d8/39/7efc29379805d6d06868ce05b7255454c221.udd" 4406
"C:/Users/pduli/AppData/Local/UnrealEngine/Common/DerivedDataCache/Buckets/LegacySTREAMEDAUDIO/8b/7e/4fac60233486d51f8cb57f26ae2645fffba1.udd" 4407
"C:/Users/pduli/AppData/Local/UnrealEngine/Common/DerivedDataCache/Buckets/LegacySTREAMEDAUDIO/f0/52/ffbb243b93dba118bd174c037cddf817024d.udd" 4408
"C:/Users/pduli/AppData/Local/UnrealEngine/Common/DerivedDataCache/Buckets/LegacySTREAMEDAUDIO/3a/77/28478a43f2ec1249e6e941d509d59bd2cd35.udd" 4409
"C:/Users/pduli/AppData/Local/UnrealEngine/Common/DerivedDataCache/Buckets/LegacySTREAMEDAUDIO/20/3e/7a6857025ef94dbfdbf13f1ad855c60f85f8.udd" 4410
"C:/Users/pduli/AppData/Local/UnrealEngine/Common/DerivedDataCache/Buckets/LegacySTREAMEDAUDIO/c9/a1/8052c8fa120428a6388c1d1391186c26fa9a.udd" 4411
"C:/Users/pduli/AppData/Local/UnrealEngine/Common/DerivedDataCache/Buckets/LegacySTREAMEDAUDIO/01/e6/d4f814b81860585264de34fa11b5b0a72480.udd" 4412
"C:/Users/pduli/AppData/Local/UnrealEngine/Common/DerivedDataCache/Buckets/LegacySTREAMEDAUDIO/99/39/13fab408ea03e2ac91f3038214b60531754a.udd" 4413
"C:/Users/pduli/AppData/Local/UnrealEngine/Common/DerivedDataCache/Buckets/LegacySTREAMEDAUDIO/84/79/48e75fda57c5bf10229a3047db93ee9fcb7a.udd" 4414
"C:/Users/pduli/AppData/Local/UnrealEngine/Common/DerivedDataCache/Buckets/LegacySTREAMEDAUDIO/cb/77/3799c8bcc7c935e10dae4e1ea8809ffd8523.udd" 4415
"C:/Users/pduli/AppData/Local/UnrealEngine/Common/DerivedDataCache/Buckets/LegacySTREAMEDAUDIO/ad/1c/692004e06ad0a13c4e1a8dcb8f765d55ffb1.udd" 4416
"C:/Users/pduli/AppData/Local/UnrealEngine/Common/DerivedDataCache/Buckets/LegacySTREAMEDAUDIO/8f/7a/558956c8e4789454e5f2e6709daf6a0f71a7.udd" 4417
"C:/Users/pduli/AppData/Local/UnrealEngine/Common/DerivedDataCache/Buckets/LegacySTREAMEDAUDIO/19/d8/54010a758b2e9e7ad9b032abca9736d66b84.udd" 4418
"C:/Users/pduli/AppData/Local/UnrealEngine/Common/DerivedDataCache/Buckets/LegacySTREAMEDAUDIO/42/d7/1104a1e1a97895880c2317d7811f73bccb2f.udd" 4419
"C:/Users/pduli/AppData/Local/UnrealEngine/Common/DerivedDataCache/Buckets/LegacySTREAMEDAUDIO/ad/34/74be82a52de755a32f51fb74a4de3e937d71.udd" 4420
"C:/Users/pduli/AppData/Local/UnrealEngine/Common/DerivedDataCache/Buckets/LegacySTREAMEDAUDIO/83/13/4093c0383b214ddae1c8a718cdbd782d56c7.udd" 4421
"C:/Users/pduli/AppData/Local/UnrealEngine/Common/DerivedDataCache/Buckets/LegacySTREAMEDAUDIO/8e/dd/93cc379686d83e78f875f14d8e6bc3687148.udd" 4422
"C:/Users/pduli/AppData/Local/UnrealEngine/Common/DerivedDataCache/Buckets/LegacySTREAMEDAUDIO/59/a3/c82dd491382dac5afab81db7a0d6993547bf.udd" 4423
"C:/Users/pduli/AppData/Local/UnrealEngine/Common/DerivedDataCache/Buckets/LegacySTREAMEDAUDIO/a5/24/1a2655761687ff134c7a9cb5ee7af9c062f9.udd" 4424
"C:/Users/pduli/AppData/Local/UnrealEngine/Common/DerivedDataCache/Buckets/LegacySTREAMEDAUDIO/45/4b/aa665c97c43a5f316709ff89da7039c4e3a1.udd" 4425
"C:/Users/pduli/AppData/Local/UnrealEngine/Common/DerivedDataCache/Buckets/LegacySTREAMEDAUDIO/77/13/ee2381243222e25a90107d1e616023696291.udd" 4426
"C:/Users/pduli/AppData/Local/UnrealEngine/Common/DerivedDataCache/Buckets/LegacySTREAMEDAUDIO/39/ab/4f4c1e963c56af9397b7f5874ebb286d6d2e.udd" 4427
"C:/Users/pduli/AppData/Local/UnrealEngine/Common/DerivedDataCache/Buckets/LegacySTREAMEDAUDIO/f1/fb/b5b221b7932d184e2909ccf77dd2b7019851.udd" 4428
"C:/Users/pduli/AppData/Local/UnrealEngine/Common/DerivedDataCache/Buckets/LegacySTREAMEDAUDIO/be/83/f298e115b6777c45a71a31564f36ad6d5d25.udd" 4429
"C:/Users/pduli/AppData/Local/UnrealEngine/Common/DerivedDataCache/Buckets/LegacySTREAMEDAUDIO/55/b8/caab1e26073ede64369f7dca555a78044bbe.udd" 4430
"C:/Users/pduli/AppData/Local/UnrealEngine/Common/DerivedDataCache/Buckets/LegacySTREAMEDAUDIO/92/a5/073b3df1ac9e41c15bf0f13644e7ecf7b91b.udd" 4431
"C:/Users/pduli/AppData/Local/UnrealEngine/Common/DerivedDataCache/Buckets/LegacySTREAMEDAUDIO/09/df/901f3512a9f63f8c39a4f1fde5d8a4fa8128.udd" 4432
"C:/Users/pduli/AppData/Local/UnrealEngine/Common/DerivedDataCache/Buckets/LegacySTREAMEDAUDIO/49/d5/4ff710b3d20e432a41ca3868b968f8820b51.udd" 4433
"C:/Users/pduli/AppData/Local/UnrealEngine/Common/DerivedDataCache/Buckets/LegacySTREAMEDAUDIO/1f/79/817a5d00f8605ad2cd13b77af77132151a42.udd" 4434
"C:/Users/pduli/AppData/Local/UnrealEngine/Common/DerivedDataCache/Buckets/LegacySTREAMEDAUDIO/42/b0/450ef6db63b5b1585d7cb4539ca37a4bf02d.udd" 4435
"C:/Users/pduli/AppData/Local/UnrealEngine/Common/DerivedDataCache/Buckets/LegacySTREAMEDAUDIO/25/a2/91b1d148cf6d473f048234c64747b225bfa5.udd" 4436
"C:/Users/pduli/AppData/Local/UnrealEngine/Common/DerivedDataCache/Buckets/LegacySTREAMEDAUDIO/3a/76/e3eb6924078d333d7d534cbfa5c153c1106a.udd" 4437
"C:/Users/pduli/AppData/Local/UnrealEngine/Common/DerivedDataCache/Buckets/LegacySTREAMEDAUDIO/0d/b3/467548ac1169e50a2d60afd4aea271a56e60.udd" 4438
"C:/Users/pduli/AppData/Local/UnrealEngine/Common/DerivedDataCache/Buckets/LegacySTREAMEDAUDIO/64/09/e9a637dca961a8f7dd2282a99f475da87c17.udd" 4439
"C:/Users/pduli/AppData/Local/UnrealEngine/Common/DerivedDataCache/Buckets/LegacySTREAMEDAUDIO/ed/d9/3173a666b023a83abdefb4dfbe13e76afd5b.udd" 4440
"C:/Users/pduli/AppData/Local/UnrealEngine/Common/DerivedDataCache/Buckets/LegacySTREAMEDAUDIO/f0/a2/183b994ed9641d2a2112390fb4a9e823c90b.udd" 4441
"C:/Users/pduli/AppData/Local/UnrealEngine/Common/DerivedDataCache/Buckets/LegacySTREAMEDAUDIO/9a/3c/86fc7956d46a93fdf52fd75c6f82df8e9e6b.udd" 4442
"C:/Users/pduli/AppData/Local/UnrealEngine/Common/DerivedDataCache/Buckets/LegacySTREAMEDAUDIO/60/b3/3db85a85fe60b22768beca20956b665e5a99.udd" 4443
"C:/Users/pduli/AppData/Local/UnrealEngine/Common/DerivedDataCache/Buckets/LegacySTREAMEDAUDIO/ef/cc/f59f14de532ff889f3d58a48a2a84fbacc97.udd" 4444
"C:/Users/pduli/AppData/Local/UnrealEngine/Common/DerivedDataCache/Buckets/LegacySTREAMEDAUDIO/8d/41/4e5a66806be03bc511f056bb14742ee687b4.udd" 4445
"C:/Users/pduli/AppData/Local/UnrealEngine/Common/DerivedDataCache/Buckets/LegacySTREAMEDAUDIO/b9/63/14b420a0c137beffbc216a723a582f938ab6.udd" 4446
"C:/Users/pduli/AppData/Local/UnrealEngine/Common/DerivedDataCache/Buckets/LegacySTREAMEDAUDIO/c7/2b/e8e04d7588d3bb061e92eb2162fc3dcd65a7.udd" 4447
"C:/Users/pduli/AppData/Local/UnrealEngine/Common/DerivedDataCache/Buckets/LegacySTREAMEDAUDIO/eb/e5/736d2e4cade6289bf479f5a81165ba1559d7.udd" 4448
"C:/Users/pduli/AppData/Local/UnrealEngine/Common/DerivedDataCache/Buckets/LegacySTREAMEDAUDIO/d6/82/b7eadb719cecc9e87b39db4aca180f57c221.udd" 4449
"C:/Users/pduli/AppData/Local/UnrealEngine/Common/DerivedDataCache/Buckets/LegacySTREAMEDAUDIO/a5/83/939abec7cc69ebc3bbf77f325462b7bb6dcd.udd" 4450
"C:/Users/pduli/AppData/Local/UnrealEngine/Common/DerivedDataCache/Buckets/LegacySTREAMEDAUDIO/a1/2a/de2fceaf29e398abe4ab979527eb3a0980b6.udd" 4451
"C:/Users/pduli/AppData/Local/UnrealEngine/Common/DerivedDataCache/Buckets/LegacySTREAMEDAUDIO/d9/03/1b04392ba1580c6fedb04fbdf533d7901e44.udd" 4452
"C:/Users/pduli/AppData/Local/UnrealEngine/Common/DerivedDataCache/Buckets/LegacySTREAMEDAUDIO/fc/cd/56331a7865f2d79346f39ebc96083f374fd1.udd" 4453
"C:/Users/pduli/AppData/Local/UnrealEngine/Common/DerivedDataCache/Buckets/LegacySTREAMEDAUDIO/0b/cc/a99bb56b0ae5da5bb6866e4bf80118b6bcb9.udd" 4454
"C:/Users/pduli/AppData/Local/UnrealEngine/Common/DerivedDataCache/Buckets/LegacySTREAMEDAUDIO/1f/1f/8809d39e85149e5ef6f5330248305c806e17.udd" 4455
"C:/Users/pduli/AppData/Local/UnrealEngine/Common/DerivedDataCache/Buckets/LegacySTREAMEDAUDIO/c3/8e/2c0f9af98431667de24a760c87b00eddb538.udd" 4456
"C:/Users/pduli/AppData/Local/UnrealEngine/Common/DerivedDataCache/Buckets/LegacySTREAMEDAUDIO/9e/10/357c39ca3552aee266c7925f6170f2cefeea.udd" 4457
"C:/Users/pduli/AppData/Local/UnrealEngine/Common/DerivedDataCache/Buckets/LegacySTREAMEDAUDIO/28/37/c4b983b14a3b26419530c5151de4f283b8dc.udd" 4458
"C:/Users/pduli/AppData/Local/UnrealEngine/Common/DerivedDataCache/Buckets/LegacySTREAMEDAUDIO/5e/9a/d74ea595812cba413216effee8be5b5bdec9.udd" 4459
"C:/Users/pduli/AppData/Local/UnrealEngine/Common/DerivedDataCache/Buckets/LegacySTREAMEDAUDIO/92/c0/57879cc071bece232b783b814618ea59f90b.udd" 4460
"C:/Users/pduli/AppData/Local/UnrealEngine/Common/DerivedDataCache/Buckets/LegacySTREAMEDAUDIO/85/d4/128cfb1dab2af3c22fdbd2d1706527122767.udd" 4461
"C:/Users/pduli/AppData/Local/UnrealEngine/Common/DerivedDataCache/Buckets/LegacySTREAMEDAUDIO/b8/3f/0838201c274d4632a7e9e6677aabc8757879.udd" 4462
"C:/Users/pduli/AppData/Local/UnrealEngine/Common/DerivedDataCache/Buckets/LegacySTREAMEDAUDIO/90/36/e4c66264f574f4340f8f7e51060c0f85e499.udd" 4463
"C:/Users/pduli/AppData/Local/UnrealEngine/Common/DerivedDataCache/Buckets/LegacySTREAMEDAUDIO/48/70/ca11da5f17cb258b3ed2ad78ea08f313e9e0.udd" 4464
"C:/Users/pduli/AppData/Local/UnrealEngine/Common/DerivedDataCache/Buckets/LegacySTREAMEDAUDIO/35/b1/97f6c97edd2435d6e441bb552ad9128306d8.udd" 4465
"C:/Users/pduli/AppData/Local/UnrealEngine/Common/DerivedDataCache/Buckets/LegacySTREAMEDAUDIO/5a/8d/2ea1948b22f365037ed7b741e5baff63aaa5.udd" 4466
"C:/Users/pduli/AppData/Local/UnrealEngine/Common/DerivedDataCache/Buckets/LegacySTREAMEDAUDIO/90/b5/e2e217f9badf580403eba1bb5742fcf08014.udd" 4467
"C:/Users/pduli/AppData/Local/UnrealEngine/Common/DerivedDataCache/Buckets/LegacySTREAMEDAUDIO/d3/46/7b0a28f52dede4619785aa3f89c6b771ece6.udd" 4468
"C:/Users/pduli/AppData/Local/UnrealEngine/Common/DerivedDataCache/Buckets/LegacySTREAMEDAUDIO/92/57/7d51f1de4876f9bd74dca8e029fd7ae7d7ff.udd" 4469
"C:/Users/pduli/AppData/Local/UnrealEngine/Common/DerivedDataCache/Buckets/LegacySTREAMEDAUDIO/ee/a8/f3f5103e1aa9ff676380010a871954abfe17.udd" 4470
"C:/Users/pduli/AppData/Local/UnrealEngine/Common/DerivedDataCache/Buckets/LegacySTREAMEDAUDIO/33/af/4f251127786c066f8620767cd961ffbb176e.udd" 4471
"C:/Users/pduli/AppData/Local/UnrealEngine/Common/DerivedDataCache/Buckets/LegacySTREAMEDAUDIO/60/4e/4b4338a401c7b2f4ef40ece7429c057b6184.udd" 4472
"C:/Users/pduli/AppData/Local/UnrealEngine/Common/DerivedDataCache/Buckets/LegacySTREAMEDAUDIO/f0/96/0af05a6aec4b939adfbfbe9ef2a13f1c2ea3.udd" 4473
"C:/Users/pduli/AppData/Local/UnrealEngine/Common/DerivedDataCache/Buckets/LegacySTREAMEDAUDIO/85/93/c84e39bc6e4a4e98f621e0bbecd99efd7e07.udd" 4474
"C:/Users/pduli/AppData/Local/UnrealEngine/Common/DerivedDataCache/Buckets/LegacySTREAMEDAUDIO/d8/96/b980e306c73e3c1f483b24d5a5aded05fedb.udd" 4475
"C:/Users/pduli/AppData/Local/UnrealEngine/Common/DerivedDataCache/Buckets/LegacySTREAMEDAUDIO/00/24/5b8c9361ee409a5066c87c4d6923504d2d8c.udd" 4476
"C:/Users/pduli/AppData/Local/UnrealEngine/Common/DerivedDataCache/Buckets/LegacySTREAMEDAUDIO/d8/5e/8ae7dcc7a32b8955b4b7ee2f953c8fed4692.udd" 4477
"C:/Users/pduli/AppData/Local/UnrealEngine/Common/DerivedDataCache/Buckets/LegacySTREAMEDAUDIO/a5/7c/b364309ee413b5852cd3405686a6e0ba07a3.udd" 4478
"C:/Users/pduli/AppData/Local/UnrealEngine/Common/DerivedDataCache/Buckets/LegacySTREAMEDAUDIO/49/69/33b0e15fb355bed73331d0a659579f46322b.udd" 4479
"C:/Users/pduli/AppData/Local/UnrealEngine/Common/DerivedDataCache/Buckets/LegacySTREAMEDAUDIO/d0/48/62f26e4ee10d5c8b0bd73c987d2cdba63ec3.udd" 4480
"C:/Users/pduli/AppData/Local/UnrealEngine/Common/DerivedDataCache/Buckets/LegacySTREAMEDAUDIO/23/96/15618b0710b3badab8dbdd461edbc1ed00f7.udd" 4481
"C:/Users/pduli/AppData/Local/UnrealEngine/Common/DerivedDataCache/Buckets/LegacySTREAMEDAUDIO/9d/84/56044999ccc3f746ff14adfb4ff92c7a469b.udd" 4482
"C:/Users/pduli/AppData/Local/UnrealEngine/Common/DerivedDataCache/Buckets/LegacySTREAMEDAUDIO/28/cf/1776f14aa6d0524c00f27607609029c33cc6.udd" 4483
"C:/Users/pduli/AppData/Local/UnrealEngine/Common/DerivedDataCache/Buckets/LegacySTREAMEDAUDIO/70/47/e4ce2b8c23d226062b875c03ab9338a25282.udd" 4484
"C:/Users/pduli/AppData/Local/UnrealEngine/Common/DerivedDataCache/Buckets/LegacySTREAMEDAUDIO/76/e6/7283ffe48f09d9c604bbf8ddb2b0044695c0.udd" 4485
"C:/Users/pduli/AppData/Local/UnrealEngine/Common/DerivedDataCache/Buckets/LegacySTREAMEDAUDIO/44/d5/21c89c6bc7cbff4bae4d90fc1f5afa2d7d52.udd" 4486
"C:/Users/pduli/AppData/Local/UnrealEngine/Common/DerivedDataCache/Buckets/LegacySTREAMEDAUDIO/89/30/2fa822742f5e77c921b28abb33c0ea9b43e8.udd" 4487
"C:/Users/pduli/AppData/Local/UnrealEngine/Common/DerivedDataCache/Buckets/LegacySTREAMEDAUDIO/12/5d/e63022ebf4f5b4803131009c9e42a6f84f52.udd" 4488
"C:/Users/pduli/AppData/Local/UnrealEngine/Common/DerivedDataCache/Buckets/LegacySTREAMEDAUDIO/c4/11/13df4cfe05be211735db24a38c18a8152537.udd" 4489
"C:/Users/pduli/AppData/Local/UnrealEngine/Common/DerivedDataCache/Buckets/LegacySTREAMEDAUDIO/c9/dc/d682d39857107809ebae2e78d1c4eec04208.udd" 4490
"C:/Users/pduli/AppData/Local/UnrealEngine/Common/DerivedDataCache/Buckets/LegacySTREAMEDAUDIO/98/46/a087591089411357865f759194eea84816ce.udd" 4491
"C:/Users/pduli/AppData/Local/UnrealEngine/Common/DerivedDataCache/Buckets/LegacySTREAMEDAUDIO/a6/a7/d36664ca4b3a02641b18176e0d02e01ffb3f.udd" 4492
"C:/Users/pduli/AppData/Local/UnrealEngine/Common/DerivedDataCache/Buckets/LegacySTREAMEDAUDIO/e5/ff/b61284c41091ac582c916b61b48aebffafce.udd" 4493
"C:/Users/pduli/AppData/Local/UnrealEngine/Common/DerivedDataCache/Buckets/LegacySTREAMEDAUDIO/80/20/6a04960b9d536d0260862369d49b9ec76b4d.udd" 4494
"C:/Users/pduli/AppData/Local/UnrealEngine/Common/DerivedDataCache/Buckets/LegacySTREAMEDAUDIO/58/2e/9a0434aa02a116f27b33616e5f6f52d34493.udd" 4495
"C:/Users/pduli/AppData/Local/UnrealEngine/Common/DerivedDataCache/Buckets/LegacySTREAMEDAUDIO/e6/75/ab399366beae36391d3d23b58d9694607690.udd" 4496
"C:/Users/pduli/AppData/Local/UnrealEngine/Common/DerivedDataCache/Buckets/LegacySTREAMEDAUDIO/c0/fe/257c4037569bb13c842d73c8768fc553f7e6.udd" 4497
"C:/Users/pduli/AppData/Local/UnrealEngine/Common/DerivedDataCache/Buckets/LegacySTREAMEDAUDIO/ea/67/ff324a5809b359763b4400f9cf9e6283a70f.udd" 4498
"C:/Users/pduli/AppData/Local/UnrealEngine/Common/DerivedDataCache/Buckets/LegacySTREAMEDAUDIO/19/77/d6dc4ad3305dd064fdced8f9e096b8ebd482.udd" 4499
"C:/Users/pduli/AppData/Local/UnrealEngine/Common/DerivedDataCache/Buckets/LegacySTREAMEDAUDIO/81/63/489e74cbc0ec4c61e3028b22ee1a682c6460.udd" 4500
"C:/Users/pduli/AppData/Local/UnrealEngine/Common/DerivedDataCache/Buckets/LegacySTREAMEDAUDIO/83/8c/4800cc3af6e83aa213ac29ceece62f3fb246.udd" 4501
"C:/Users/pduli/AppData/Local/UnrealEngine/Common/DerivedDataCache/Buckets/LegacySTREAMEDAUDIO/a4/ea/04035985edb9e93df66501e8a232389253e4.udd" 4502
"C:/Users/pduli/AppData/Local/UnrealEngine/Common/DerivedDataCache/Buckets/LegacySTREAMEDAUDIO/1a/12/9c8cdea3c3df2f42af36fa6bf7ab68c14f42.udd" 4503
"C:/Users/pduli/AppData/Local/UnrealEngine/Common/DerivedDataCache/Buckets/LegacySTREAMEDAUDIO/b3/78/37826aff2985d77e482898d3372089bedc16.udd" 4504
"C:/Users/pduli/AppData/Local/UnrealEngine/Common/DerivedDataCache/Buckets/LegacySTREAMEDAUDIO/c5/81/ed34efa129af54b15ee9569e6d60467e8e9e.udd" 4505
"C:/Users/pduli/AppData/Local/UnrealEngine/Common/DerivedDataCache/Buckets/LegacySTREAMEDAUDIO/85/b0/e5b8cc74bfd582259d08e69c4f3172cb4ef8.udd" 4506
"C:/Users/pduli/AppData/Local/UnrealEngine/Common/DerivedDataCache/Buckets/LegacySTREAMEDAUDIO/d5/37/207fd6a1d0f10d992c41ecf4ffb74be70a36.udd" 4507
"C:/Users/pduli/AppData/Local/UnrealEngine/Common/DerivedDataCache/Buckets/LegacySTREAMEDAUDIO/27/ad/ef38d15e2ffe175043d3a46c206f884970e7.udd" 4508
"C:/Users/pduli/AppData/Local/UnrealEngine/Common/DerivedDataCache/Buckets/LegacySTREAMEDAUDIO/fa/00/890d7762280bd36fabec2bf4b09b0a965ba1.udd" 4509
"C:/Users/pduli/AppData/Local/UnrealEngine/Common/DerivedDataCache/Buckets/LegacySTREAMEDAUDIO/68/9a/2c644591ce51cc4dfeed449b18770b13a325.udd" 4510
"C:/Users/pduli/AppData/Local/UnrealEngine/Common/DerivedDataCache/Buckets/LegacySTREAMEDAUDIO/86/b9/5565ebf33dc6a1841623163579c88f882df7.udd" 4511
"C:/Users/pduli/AppData/Local/UnrealEngine/Common/DerivedDataCache/Buckets/LegacySTREAMEDAUDIO/b9/33/4aaf32fbc31d56342c2dce4a18b044407b7b.udd" 4512
"C:/Users/pduli/AppData/Local/UnrealEngine/Common/DerivedDataCache/Buckets/LegacySTREAMEDAUDIO/3f/8a/58e29604f4c4f07a362e9c6ead51360909ea.udd" 4513
"C:/Users/pduli/AppData/Local/UnrealEngine/Common/DerivedDataCache/Buckets/LegacySTREAMEDAUDIO/a5/66/ea19f7cf9140c4618374daac5ce7dca570fb.udd" 4514
"C:/Users/pduli/AppData/Local/UnrealEngine/Common/DerivedDataCache/Buckets/LegacySTREAMEDAUDIO/39/4b/7eb634c73ac25347cb9cc7bb9945df6879ec.udd" 4515
"C:/Users/pduli/AppData/Local/UnrealEngine/Common/DerivedDataCache/Buckets/LegacySTREAMEDAUDIO/04/3b/9e507cfc1623260f96c20f38be79fd1cbbd2.udd" 4516
"C:/Users/pduli/AppData/Local/UnrealEngine/Common/DerivedDataCache/Buckets/LegacySTREAMEDAUDIO/fe/a2/10c3d43d8c626bbd1a47fb54fbee1258a924.udd" 4517
"C:/Users/pduli/AppData/Local/UnrealEngine/Common/DerivedDataCache/Buckets/LegacySTREAMEDAUDIO/6c/6a/127e6b7aff94a6dd2c8820c61b8154bbe432.udd" 4518
"C:/Users/pduli/AppData/Local/UnrealEngine/Common/DerivedDataCache/Buckets/LegacySTREAMEDAUDIO/10/0d/2c42f15ee8b075f8bcd17fa70177f4e1a6c7.udd" 4519
"C:/Users/pduli/AppData/Local/UnrealEngine/Common/DerivedDataCache/Buckets/LegacySTREAMEDAUDIO/53/8c/cdd2d780265b41d998ed6c75716e200be1ca.udd" 4520
"C:/Users/pduli/AppData/Local/UnrealEngine/Common/DerivedDataCache/Buckets/LegacySTREAMEDAUDIO/42/61/d7b2467dbf9af6d895ac27b1f4627c9fb181.udd" 4521
"C:/Users/pduli/AppData/Local/UnrealEngine/Common/DerivedDataCache/Buckets/LegacySTREAMEDAUDIO/a9/59/29d4b458705d7cc818f6847a4284c7134299.udd" 4522
"C:/Users/pduli/AppData/Local/UnrealEngine/Common/DerivedDataCache/Buckets/LegacySTREAMEDAUDIO/20/d7/6cd60673cea25841b62d6b0b388d912ff744.udd" 4523
"C:/Users/pduli/AppData/Local/UnrealEngine/Common/DerivedDataCache/Buckets/LegacySTREAMEDAUDIO/c3/fb/c6e1c16bf791240d94016d129862b8fa4fbe.udd" 4524
"C:/Users/pduli/AppData/Local/UnrealEngine/Common/DerivedDataCache/Buckets/LegacySTREAMEDAUDIO/eb/c4/1b272935e71297377eed028acc20c9091086.udd" 4525
"C:/Users/pduli/AppData/Local/UnrealEngine/Common/DerivedDataCache/Buckets/LegacySTREAMEDAUDIO/3c/a9/ef563f13c9e4e2e6e46745bdcb5131ff1772.udd" 4526
"C:/Users/pduli/AppData/Local/UnrealEngine/Common/DerivedDataCache/Buckets/LegacySTREAMEDAUDIO/d9/6c/0869617c2ae61d6d33b6d675fcd9e3af1656.udd" 4527
"C:/Users/pduli/AppData/Local/UnrealEngine/Common/DerivedDataCache/Buckets/LegacySTREAMEDAUDIO/6c/22/803d66060152284dc300d0d8e7627342e354.udd" 4528
"C:/Users/pduli/AppData/Local/UnrealEngine/Common/DerivedDataCache/Buckets/LegacySTREAMEDAUDIO/8f/d6/251b074d2a0ce38a60f3ae5a80a16ade3367.udd" 4529
"C:/Users/pduli/AppData/Local/UnrealEngine/Common/DerivedDataCache/Buckets/LegacySTREAMEDAUDIO/61/75/42811fcc3afc264ce91134bbbd0d9136ee63.udd" 4530
"C:/Users/pduli/AppData/Local/UnrealEngine/Common/DerivedDataCache/Buckets/LegacySTREAMEDAUDIO/47/16/18cb1e75f0a57664eb4ec8b3b3c2cc75bd8e.udd" 4531
"C:/Users/pduli/AppData/Local/UnrealEngine/Common/DerivedDataCache/Buckets/LegacySTREAMEDAUDIO/80/b9/ca2519a548ec4585ca2a97d225c460fc9d3c.udd" 4532
"C:/Users/pduli/AppData/Local/UnrealEngine/Common/DerivedDataCache/Buckets/LegacySTREAMEDAUDIO/20/f2/1633aa8f697573a3b3619dc21fe931ce7857.udd" 4533
"C:/Users/pduli/AppData/Local/UnrealEngine/Common/DerivedDataCache/Buckets/LegacySTREAMEDAUDIO/64/ca/5ad978f29f347224a6dbc32e6a6dc8521494.udd" 4534
"C:/Users/pduli/AppData/Local/UnrealEngine/Common/DerivedDataCache/Buckets/LegacySTREAMEDAUDIO/10/a7/fa07485be2689111fbe832051349a2b5a446.udd" 4535
"C:/Users/pduli/AppData/Local/UnrealEngine/Common/DerivedDataCache/Buckets/LegacySTREAMEDAUDIO/44/f3/5a1631e715c0a5c158c297ae2a934d9a53da.udd" 4536
"C:/Users/pduli/AppData/Local/UnrealEngine/Common/DerivedDataCache/Buckets/LegacySTREAMEDAUDIO/e9/7d/d408820b42f997cb251e3b3dd8bf9142c8de.udd" 4537
"C:/Users/pduli/AppData/Local/UnrealEngine/Common/DerivedDataCache/Buckets/LegacySTREAMEDAUDIO/cd/fd/5906bc6d0ad2ea535d94a814f0a9eea623e8.udd" 4538
"C:/Users/pduli/AppData/Local/UnrealEngine/Common/DerivedDataCache/Buckets/LegacySTREAMEDAUDIO/de/37/f257a8f4c67bb47e9574ac600fb6cc774b3f.udd" 4539
"C:/Users/pduli/AppData/Local/UnrealEngine/Common/DerivedDataCache/Buckets/LegacySTREAMEDAUDIO/40/00/53fdc7479363d6ec5f7294be33f5bea118c5.udd" 4540
"C:/Users/pduli/AppData/Local/UnrealEngine/Common/DerivedDataCache/Buckets/LegacySTREAMEDAUDIO/16/ba/8699c2e67ebe33dd23e455c941cd68d14913.udd" 4541
"C:/Users/pduli/AppData/Local/UnrealEngine/Common/DerivedDataCache/Buckets/LegacySTREAMEDAUDIO/69/01/d6ad1db9839d102d9b8c62aa015b53badd17.udd" 4542
"C:/Users/pduli/AppData/Local/UnrealEngine/Common/DerivedDataCache/Buckets/LegacySTREAMEDAUDIO/6c/33/fca011b5f637f8b583dd30f82188d0ff883a.udd" 4543
"C:/Users/pduli/AppData/Local/UnrealEngine/Common/DerivedDataCache/Buckets/LegacySTREAMEDAUDIO/17/1f/42ef53385c8a06969d332907a778a35930f0.udd" 4544
"C:/Users/pduli/AppData/Local/UnrealEngine/Common/DerivedDataCache/Buckets/LegacySTREAMEDAUDIO/da/cf/6c57c906d18611a7dd1f4d407411e9f6df7f.udd" 4545
"C:/Users/pduli/AppData/Local/UnrealEngine/Common/DerivedDataCache/Buckets/LegacySTREAMEDAUDIO/31/d5/98455d2dbe5af1a775377a359f819ff904c9.udd" 4546
"C:/Users/pduli/AppData/Local/UnrealEngine/Common/DerivedDataCache/Buckets/LegacySTREAMEDAUDIO/b9/00/448ebdf76d21a9213b641440b8b3d827f463.udd" 4547
"C:/Users/pduli/AppData/Local/UnrealEngine/Common/DerivedDataCache/Buckets/LegacyTEXTURE/7d/3b/2bb002719ab8cc0e65c005cb1bb96c1a0dd5.udd" 4548
"C:/Users/pduli/AppData/Local/UnrealEngine/Common/DerivedDataCache/Buckets/LegacyTEXTURE/87/41/58d9fe0bf18d3bd9e902ee854ef45437328e.udd" 4549
"C:/Users/pduli/AppData/Local/UnrealEngine/Common/DerivedDataCache/Buckets/LegacyTEXTURE/e6/b1/604322c83f3f16d438a4c68e42fdb976cf93.udd" 4550
"C:/Users/pduli/AppData/Local/UnrealEngine/Common/DerivedDataCache/Buckets/LegacyTEXTURE/46/e5/21a282437420993d55964c5af7bc6209beac.udd" 4551
"C:/Users/pduli/AppData/Local/UnrealEngine/Common/DerivedDataCache/Buckets/LegacyTEXTURE/a5/6a/7e50950f2507a4359c3f2702731907d8383f.udd" 4552
"C:/Users/pduli/AppData/Local/UnrealEngine/Common/DerivedDataCache/Buckets/LegacyTEXTURE/32/d6/6675bb9b86b89a8639f854dc0acdf3acd663.udd" 4553
"C:/Users/pduli/AppData/Local/UnrealEngine/Common/DerivedDataCache/Buckets/LegacyTEXTURE/c4/8e/a47f359cd35969a8d6b7ec5245b59d1ebf34.udd" 4554
"C:/Users/pduli/AppData/Local/UnrealEngine/Common/DerivedDataCache/Buckets/LegacyTEXTURE/ff/59/268c5c2af61a042bebc4925f9e3397f8bea6.udd" 4555
"C:/Users/pduli/AppData/Local/UnrealEngine/Common/DerivedDataCache/Buckets/LegacyTEXTURE/3f/8b/bf5a08a058e9449c99bd303f6a31aaedcfd2.udd" 4556
"C:/Users/pduli/AppData/Local/UnrealEngine/Common/DerivedDataCache/Buckets/LegacyTEXTURE/c4/c3/c9fbbccab9d410465d4027944e19bd1f2c27.udd" 4557
"C:/Users/pduli/AppData/Local/UnrealEngine/Common/DerivedDataCache/Buckets/LegacyTEXTURE/d9/8f/7ec8c7564aba79461d6846087ed87ff46714.udd" 4558
"C:/Users/pduli/AppData/Local/UnrealEngine/Common/DerivedDataCache/Buckets/LegacyTEXTURE/fa/3d/e6e68e72920536c2ba566622a14d88c80459.udd" 4559
"C:/Users/pduli/AppData/Local/UnrealEngine/Common/DerivedDataCache/Buckets/LegacySTREAMEDAUDIO/e1/8a/1155b64b1b484a4c01305119ddf0527a4116.udd" 4560
"C:/Users/pduli/AppData/Local/UnrealEngine/Common/DerivedDataCache/Buckets/LegacySTREAMEDAUDIO/fd/b2/8e072653b6741a622a280aa1f6a794f90ae5.udd" 4561
"C:/Users/pduli/AppData/Local/UnrealEngine/Common/DerivedDataCache/Buckets/LegacySTREAMEDAUDIO/02/5a/cb850480307650d094cc04ddda5b5c26044d.udd" 4562
"C:/Users/pduli/AppData/Local/UnrealEngine/Common/DerivedDataCache/Buckets/LegacySTREAMEDAUDIO/12/81/db12ef184ca9724802459e9fc436fcb9fc9f.udd" 4563
"C:/Users/pduli/AppData/Local/UnrealEngine/Common/DerivedDataCache/Buckets/LegacySTREAMEDAUDIO/72/25/62ce29a93623b16641c9712cbda26baf2b17.udd" 4564
"C:/Users/pduli/AppData/Local/UnrealEngine/Common/DerivedDataCache/Buckets/LegacySTREAMEDAUDIO/89/d1/f8a2b3fedbddbc30fb1361cb28be5f888132.udd" 4565
"C:/Users/pduli/AppData/Local/UnrealEngine/Common/DerivedDataCache/Buckets/LegacySTREAMEDAUDIO/e5/32/9e6dad849459db71ce48d0cce4ac0bb47910.udd" 4566
"C:/Users/pduli/AppData/Local/UnrealEngine/Common/DerivedDataCache/Buckets/LegacySTREAMEDAUDIO/5c/a3/7757c148e647d02a17db90e46cf9739e6931.udd" 4567
"C:/Users/pduli/AppData/Local/UnrealEngine/Common/DerivedDataCache/Buckets/LegacySTREAMEDAUDIO/ab/53/88bb5020851f744f54084ea6c3d5ac1f58e6.udd" 4568
"C:/Users/pduli/AppData/Local/UnrealEngine/Common/DerivedDataCache/Buckets/LegacySTREAMEDAUDIO/82/47/add23d0f8466a011b8c4a726a52ad3e6645d.udd" 4569
"C:/Users/pduli/AppData/Local/UnrealEngine/Common/DerivedDataCache/Buckets/LegacySTREAMEDAUDIO/98/5a/6df0b4286166c80e9abd6a04ed38f1fb8672.udd" 4570
"C:/Users/pduli/AppData/Local/UnrealEngine/Common/DerivedDataCache/Buckets/LegacySTREAMEDAUDIO/14/98/96a72a6ff5f3e8e1b903598624b7324103c7.udd" 4571
"C:/Users/pduli/AppData/Local/UnrealEngine/Common/DerivedDataCache/Buckets/LegacySTREAMEDAUDIO/9a/14/db9f2ac809fd5d9e92b449343f813ec50ac5.udd" 4572
"C:/Users/pduli/AppData/Local/UnrealEngine/Common/DerivedDataCache/Buckets/LegacySTREAMEDAUDIO/bc/8b/8283f6e5f862f5037c566430a088d8f612f9.udd" 4573
"C:/Users/pduli/AppData/Local/UnrealEngine/Common/DerivedDataCache/Buckets/LegacySTREAMEDAUDIO/7e/4f/70aa69c5015268e0fbbc00870f79bed0a557.udd" 4574
"C:/Users/pduli/AppData/Local/UnrealEngine/Common/DerivedDataCache/Buckets/LegacySTREAMEDAUDIO/f9/5f/2d36b28627d5427ed00de35c94f0245619d9.udd" 4575
"C:/Users/pduli/AppData/Local/UnrealEngine/Common/DerivedDataCache/Buckets/LegacySTREAMEDAUDIO/6b/b4/6274fa82415a6dfbb38bd73df617a2081318.udd" 4576
"C:/Users/pduli/AppData/Local/UnrealEngine/Common/DerivedDataCache/Buckets/LegacySTREAMEDAUDIO/77/73/71b92a3ae4cb9d68bd04cc81fbefd9fd4785.udd" 4577
"C:/Users/pduli/AppData/Local/UnrealEngine/Common/DerivedDataCache/Buckets/LegacyTEXTURE/ad/01/cd6892601e5e8c920471e7d4e2bf633ed4d3.udd" 4578
"C:/Users/pduli/AppData/Local/UnrealEngine/Common/DerivedDataCache/Buckets/LegacyTEXTURE/5e/53/99f0ce34cb4254b291eeb6cb98460cadc4f7.udd" 4579
"C:/Users/pduli/AppData/Local/UnrealEngine/Common/DerivedDataCache/Buckets/LegacyTEXTURE/c9/4c/9f5e0ab36c82db690214a78ace4136a8322d.udd" 4580
"C:/Users/pduli/AppData/Local/UnrealEngine/Common/DerivedDataCache/Buckets/LegacyTEXTURE/67/c4/4b9eaf0ae93aa5da3e8921bc72ebd1deaac0.udd" 4581
"C:/Users/pduli/AppData/Local/UnrealEngine/Common/DerivedDataCache/Buckets/LegacyTEXTURE/9d/64/165ea0da24b67bbc25a70371603f7dc3a25f.udd" 4582
"C:/Users/pduli/AppData/Local/UnrealEngine/Common/DerivedDataCache/Buckets/LegacyTEXTURE/0f/34/c1a4fdaf2a7d6cbfa8c4d283715153750cf2.udd" 4583
"C:/Users/pduli/AppData/Local/UnrealEngine/Common/DerivedDataCache/Buckets/LegacyTEXTURE/83/5b/b43a37b254b43e0142721af9df73d201f515.udd" 4584
"C:/Users/pduli/AppData/Local/UnrealEngine/Common/DerivedDataCache/Buckets/LegacyTEXTURE/2e/4a/59f78b51e3b9236146419d251e97403bb5a7.udd" 4585
"C:/Users/pduli/AppData/Local/UnrealEngine/Common/DerivedDataCache/Buckets/LegacySTREAMEDAUDIO/e7/c7/1d8010da39397f243814112e6356bcb10664.udd" 4586
"C:/Users/pduli/AppData/Local/UnrealEngine/Common/DerivedDataCache/Buckets/LegacySTREAMEDAUDIO/75/04/b6a57124e19f20c1d18bc2f33fb8f8341a9e.udd" 4587
"C:/Users/pduli/AppData/Local/UnrealEngine/Common/DerivedDataCache/Buckets/LegacySTREAMEDAUDIO/69/82/1626d99c7b24fc8897cc031ed955883680f1.udd" 4588
"C:/Users/pduli/AppData/Local/UnrealEngine/Common/DerivedDataCache/Buckets/LegacySTREAMEDAUDIO/32/29/ad5d55600674880add06da76d92ddc3fa1c7.udd" 4589
"C:/Users/pduli/AppData/Local/UnrealEngine/Common/DerivedDataCache/Buckets/LegacySTREAMEDAUDIO/21/2f/1435263f84a66e0bdf75176e6db0b6cd0195.udd" 4590
"C:/Users/pduli/AppData/Local/UnrealEngine/Common/DerivedDataCache/Buckets/LegacySTREAMEDAUDIO/5e/61/b752971258741a79e1a0308c11594bdf3d91.udd" 4591
"C:/Users/pduli/AppData/Local/UnrealEngine/Common/DerivedDataCache/Buckets/LegacySTREAMEDAUDIO/20/7a/f110cbce7cd3f4fc2a384cfc27e5f48074ec.udd" 4592
"C:/Users/pduli/AppData/Local/UnrealEngine/Common/DerivedDataCache/Buckets/LegacySTREAMEDAUDIO/c5/4f/88b08a4a29fa2dd357c1940b197d378dfd04.udd" 4593
"C:/Users/pduli/AppData/Local/UnrealEngine/Common/DerivedDataCache/Buckets/LegacySTREAMEDAUDIO/d7/90/59fc59b66372a6d8772627d2804b4c4ceee6.udd" 4594
"C:/Users/pduli/AppData/Local/UnrealEngine/Common/DerivedDataCache/Buckets/LegacySTREAMEDAUDIO/8d/f2/1a9f340fd88b845fe07f61ca7d7ac011519d.udd" 4595
"C:/Users/pduli/AppData/Local/UnrealEngine/Common/DerivedDataCache/Buckets/LegacySTREAMEDAUDIO/9b/64/35243140e4d90f3f771fc43e04e676b13196.udd" 4596
"C:/Users/pduli/AppData/Local/UnrealEngine/Common/DerivedDataCache/Buckets/LegacySTREAMEDAUDIO/83/54/d9e62ee53b324fe30c2c5a97e5d794498b00.udd" 4597
"C:/Users/pduli/AppData/Local/UnrealEngine/Common/DerivedDataCache/Buckets/LegacySTREAMEDAUDIO/25/35/502da733733fc31dfbd8e666282a5ac25650.udd" 4598
"C:/Users/pduli/AppData/Local/UnrealEngine/Common/DerivedDataCache/Buckets/LegacySTREAMEDAUDIO/f7/b0/7f97468544d63fb978cb08b488d2bb80342d.udd" 4599
"C:/Users/pduli/AppData/Local/UnrealEngine/Common/DerivedDataCache/Buckets/LegacySTREAMEDAUDIO/68/d2/092aa24c40cda99382023b1aedc93dd3972d.udd" 4600
"C:/Users/pduli/AppData/Local/UnrealEngine/Common/DerivedDataCache/Buckets/LegacySTREAMEDAUDIO/fb/be/b238ea8bae636444eb1cdae9845c54e36cf2.udd" 4601
"C:/Users/pduli/AppData/Local/UnrealEngine/Common/DerivedDataCache/Buckets/LegacySTREAMEDAUDIO/e5/e3/5a94aaf3acde68fd465923ee3fbe909df277.udd" 4602
"C:/Users/pduli/AppData/Local/UnrealEngine/Common/DerivedDataCache/Buckets/LegacySTREAMEDAUDIO/da/20/12d2f1fb5efcf4ae3ea440b2a256c92aeaf8.udd" 4603
"C:/Users/pduli/AppData/Local/UnrealEngine/Common/DerivedDataCache/Buckets/LegacySTREAMEDAUDIO/ef/bf/c28747b0b581b43a7369b3323548b675ee57.udd" 4604
"C:/Users/pduli/AppData/Local/UnrealEngine/Common/DerivedDataCache/Buckets/LegacySTREAMEDAUDIO/99/09/46ded7ad23f5953ef020482b0ca59be1f1cc.udd" 4605
"C:/Users/pduli/AppData/Local/UnrealEngine/Common/DerivedDataCache/Buckets/LegacySTREAMEDAUDIO/51/38/331173b755292971f6c426fbf84ad8e065ea.udd" 4606
"C:/Users/pduli/AppData/Local/UnrealEngine/Common/DerivedDataCache/Buckets/LegacySTREAMEDAUDIO/8b/9b/4e8c97d1da2066a919292843f206e0cc541d.udd" 4607
"C:/Users/pduli/AppData/Local/UnrealEngine/Common/DerivedDataCache/Buckets/LegacySTREAMEDAUDIO/87/bc/62538c4ee4b6d0a6a4dcd33880e86e25a6d5.udd" 4608
"C:/Users/pduli/AppData/Local/UnrealEngine/Common/DerivedDataCache/Buckets/LegacySTREAMEDAUDIO/8b/39/c356453fd6a28a505f145b781f1f45815e65.udd" 4609
"C:/Users/pduli/AppData/Local/UnrealEngine/Common/DerivedDataCache/Buckets/LegacySTREAMEDAUDIO/c5/ed/53724a2ba8e611f64eae5c95a13235bb545d.udd" 4610
"C:/Users/pduli/AppData/Local/UnrealEngine/Common/DerivedDataCache/Buckets/LegacySTREAMEDAUDIO/7e/e1/7732d8a767237b8db756d27fcd7e9292418c.udd" 4611
"C:/Users/pduli/AppData/Local/UnrealEngine/Common/DerivedDataCache/Buckets/LegacySTREAMEDAUDIO/32/e6/a94bf693e0e7d8d8f4705854b0cdd2c28c2f.udd" 4612
"C:/Users/pduli/AppData/Local/UnrealEngine/Common/DerivedDataCache/Buckets/LegacySTREAMEDAUDIO/b7/7e/46b4476d6881d94d67461f37baa293e5d834.udd" 4613
"C:/Users/pduli/AppData/Local/UnrealEngine/Common/DerivedDataCache/Buckets/LegacySTREAMEDAUDIO/fd/54/1b985d584d8ab99422417c190f63d793dd42.udd" 4614
"C:/Users/pduli/AppData/Local/UnrealEngine/Common/DerivedDataCache/Buckets/LegacySTREAMEDAUDIO/28/33/32dca509d97a9429e241860220e15c8724cf.udd" 4615
"C:/Users/pduli/AppData/Local/UnrealEngine/Common/DerivedDataCache/Buckets/LegacySTREAMEDAUDIO/55/41/b294d6a2c3aa82a6cf6fef2dd7e00f3c15b3.udd" 4616
"C:/Users/pduli/AppData/Local/UnrealEngine/Common/DerivedDataCache/Buckets/LegacySTREAMEDAUDIO/45/b0/4cc2ae275d86ba8e02bef7caacb71173612c.udd" 4617
"C:/Users/pduli/AppData/Local/UnrealEngine/Common/DerivedDataCache/Buckets/LegacySTREAMEDAUDIO/bc/0b/015882b910d89d09002220442be177e9466b.udd" 4618
"C:/Users/pduli/AppData/Local/UnrealEngine/Common/DerivedDataCache/Buckets/LegacySTREAMEDAUDIO/09/86/a6353e3c79391532c3c3fcfc6408cc9c5a9d.udd" 4619
"C:/Users/pduli/AppData/Local/UnrealEngine/Common/DerivedDataCache/Buckets/LegacySTREAMEDAUDIO/d6/37/634c9fd92bc4757ef3f62d2307042c0a3939.udd" 4620
"C:/Users/pduli/AppData/Local/UnrealEngine/Common/DerivedDataCache/Buckets/LegacySTREAMEDAUDIO/b6/4f/9e13d49e19dca0ebf53b04d164dd4bef9ea7.udd" 4621
"C:/Users/pduli/AppData/Local/UnrealEngine/Common/DerivedDataCache/Buckets/LegacySTREAMEDAUDIO/b2/75/bb84a18b670e48f05a8f048e3b70e6a4ec41.udd" 4622
"C:/Users/pduli/AppData/Local/UnrealEngine/Common/DerivedDataCache/Buckets/LegacySTREAMEDAUDIO/f3/13/7a807a02343fb250f2240c0011ad473ebd72.udd" 4623
"C:/Users/pduli/AppData/Local/UnrealEngine/Common/DerivedDataCache/Buckets/LegacySTREAMEDAUDIO/a6/2b/3073ad64a1491124370bf3b69a8747d965b9.udd" 4624
"C:/Users/pduli/AppData/Local/UnrealEngine/Common/DerivedDataCache/Buckets/LegacySTREAMEDAUDIO/84/6f/b729fd1523a75afbc9e59a2c90907dd2ffb6.udd" 4625
"C:/Users/pduli/AppData/Local/UnrealEngine/Common/DerivedDataCache/Buckets/LegacySTREAMEDAUDIO/d7/82/67b9499d91445c5ee8455d771f7ca3d13936.udd" 4626
"C:/Users/pduli/AppData/Local/UnrealEngine/Common/DerivedDataCache/Buckets/LegacySTREAMEDAUDIO/57/22/e34b49507c3c01f7d135e8f94b4ca0b1de94.udd" 4627
"C:/Users/pduli/AppData/Local/UnrealEngine/Common/DerivedDataCache/Buckets/LegacySTREAMEDAUDIO/bc/2e/ac8e1f8f954f30d9fd0ca406195700263ffc.udd" 4628
"C:/Users/pduli/AppData/Local/UnrealEngine/Common/DerivedDataCache/Buckets/LegacySTREAMEDAUDIO/d3/ed/ce4d92d6d4860330fdeae4c17f54e26783b3.udd" 4629
"C:/Users/pduli/AppData/Local/UnrealEngine/Common/DerivedDataCache/Buckets/LegacySTREAMEDAUDIO/26/a5/e66492f9d7aa9518634860fcdfdc19970884.udd" 4630
"C:/Users/pduli/AppData/Local/UnrealEngine/Common/DerivedDataCache/Buckets/LegacySTREAMEDAUDIO/69/b0/50ecf028de73a94b291db92f47b999b697a8.udd" 4631
"C:/Users/pduli/AppData/Local/UnrealEngine/Common/DerivedDataCache/Buckets/LegacySTREAMEDAUDIO/07/1d/09a213539fe00325cadaef81f40140d01d1c.udd" 4632
"C:/Users/pduli/AppData/Local/UnrealEngine/Common/DerivedDataCache/Buckets/LegacySTREAMEDAUDIO/be/67/d6936d1bae7eb2e25a7224dc953ba48de6f4.udd" 4633
"C:/Users/pduli/AppData/Local/UnrealEngine/Common/DerivedDataCache/Buckets/LegacySTREAMEDAUDIO/a9/43/95d4107147314720d9bc814b96cd5c742aa5.udd" 4634
"C:/Users/pduli/AppData/Local/UnrealEngine/Common/DerivedDataCache/Buckets/LegacySTREAMEDAUDIO/7b/62/dce6207fa3af55a10d4fa7e39dc2ecf1bee7.udd" 4635
"C:/Users/pduli/AppData/Local/UnrealEngine/Common/DerivedDataCache/Buckets/LegacySTREAMEDAUDIO/89/2e/b610c6450bca427a8755618ed1da8b88de22.udd" 4636
"C:/Users/pduli/AppData/Local/UnrealEngine/Common/DerivedDataCache/Buckets/LegacySTREAMEDAUDIO/44/72/e0540bd80728400a428c166e9c85781d6ac8.udd" 4637
"C:/Users/pduli/AppData/Local/UnrealEngine/Common/DerivedDataCache/Buckets/LegacySTREAMEDAUDIO/86/b6/e25d3408f08c17f48d8d8c9f87f49c7ab86c.udd" 4638
"C:/Users/pduli/AppData/Local/UnrealEngine/Common/DerivedDataCache/Buckets/LegacySTREAMEDAUDIO/34/32/487b10e49983da4f6fef7eb0e5c0d29dd0d0.udd" 4639
"C:/Users/pduli/AppData/Local/UnrealEngine/Common/DerivedDataCache/Buckets/LegacyTEXTURE/f0/36/b6c7a5ccab0bd2b9f2a382a17f2751f4c15c.udd" 4640
"C:/Users/pduli/AppData/Local/UnrealEngine/Common/DerivedDataCache/Buckets/LegacyTEXTURE/c6/91/46f9b436d9912eb3ecdcac5c02cfea480b1e.udd" 4641
"C:/Users/pduli/AppData/Local/UnrealEngine/Common/DerivedDataCache/Buckets/LegacyTEXTURE/a9/aa/cea8244400da65a36ac039bd0856ef0cda48.udd" 4642
"C:/Users/pduli/AppData/Local/UnrealEngine/Common/DerivedDataCache/Buckets/LegacyTEXTURE/8e/74/7a628abda837855e11436d05d3f4e29169c2.udd" 4643
"C:/Users/pduli/AppData/Local/UnrealEngine/Common/DerivedDataCache/Buckets/LegacyTEXTURE/d2/bd/2d49479e1098a1bb4e1e74e9f161452f609e.udd" 4644
"C:/Users/pduli/AppData/Local/UnrealEngine/Common/DerivedDataCache/Buckets/LegacyTEXTURE/e2/26/ba8ebd8f998e8ba016407074142680b3a3e7.udd" 4645
"C:/Users/pduli/AppData/Local/UnrealEngine/Common/DerivedDataCache/Buckets/LegacySTREAMEDAUDIO/f1/a6/c327e4b936ac4716ae802f1edf13bc313778.udd" 4646
"C:/Users/pduli/AppData/Local/UnrealEngine/Common/DerivedDataCache/Buckets/LegacySTREAMEDAUDIO/ec/d7/948b697a4a1d3a17645abc2717c25ef7e597.udd" 4647
"C:/Users/pduli/AppData/Local/UnrealEngine/Common/DerivedDataCache/Buckets/LegacySTREAMEDAUDIO/49/5a/a4bd9c148f740f7c58a1ac5f35bc03ff7220.udd" 4648
"C:/Users/pduli/AppData/Local/UnrealEngine/Common/DerivedDataCache/Buckets/LegacySTREAMEDAUDIO/d4/86/6b530b3aac60188b5e4336fbe3e09e7810f6.udd" 4649
"C:/Users/pduli/AppData/Local/UnrealEngine/Common/DerivedDataCache/Buckets/LegacySTREAMEDAUDIO/df/a4/0f4286c52dc61ef6235012d59e499d90e4ec.udd" 4650
"C:/Users/pduli/AppData/Local/UnrealEngine/Common/DerivedDataCache/Buckets/LegacySTREAMEDAUDIO/28/e8/980b1c19e2f9a322de3b20ea20ec9c19a5b6.udd" 4651
"C:/Users/pduli/AppData/Local/UnrealEngine/Common/DerivedDataCache/Buckets/LegacySTREAMEDAUDIO/73/58/d3677077a9a04b3a59f4a42dee513abe764b.udd" 4652
"C:/Users/pduli/AppData/Local/UnrealEngine/Common/DerivedDataCache/Buckets/LegacySTREAMEDAUDIO/e9/fa/7970c7c8463a25d6ee537fbb2f7453097eba.udd" 4653
"C:/Users/pduli/AppData/Local/UnrealEngine/Common/DerivedDataCache/Buckets/LegacySTREAMEDAUDIO/8c/d7/d68351ac276d5cc618102cec2d9ae05959db.udd" 4654
"C:/Users/pduli/AppData/Local/UnrealEngine/Common/DerivedDataCache/Buckets/LegacySTREAMEDAUDIO/77/00/402426579da9f1736b22a3f9903f50ac0648.udd" 4655
"C:/Users/pduli/AppData/Local/UnrealEngine/Common/DerivedDataCache/Buckets/LegacySTREAMEDAUDIO/e6/88/bb01b44a43f8c8aa0ed99d91f5491b3a099f.udd" 4656
"C:/Users/pduli/AppData/Local/UnrealEngine/Common/DerivedDataCache/Buckets/LegacySTREAMEDAUDIO/89/47/7c333628c39f16100402d695f08816ca2eb2.udd" 4657
"C:/Users/pduli/AppData/Local/UnrealEngine/Common/DerivedDataCache/Buckets/LegacySTREAMEDAUDIO/aa/8b/f5a0f7f3c28bc63d25e8dae430d792ca74eb.udd" 4658
"C:/Users/pduli/AppData/Local/UnrealEngine/Common/DerivedDataCache/Buckets/LegacySTREAMEDAUDIO/7d/f1/cccfb3ccedf3f997559cecd82103e84dba14.udd" 4659
"C:/Users/pduli/AppData/Local/UnrealEngine/Common/DerivedDataCache/Buckets/LegacySTREAMEDAUDIO/59/5c/56794fbef85a286fafe54d03021486d36c3d.udd" 4660
"C:/Users/pduli/AppData/Local/UnrealEngine/Common/DerivedDataCache/Buckets/LegacyTEXTURE/f5/52/d5d6a2ed84518f3eae2dd023c082159f74d6.udd" 4661
"C:/Users/pduli/AppData/Local/UnrealEngine/Common/DerivedDataCache/Buckets/LegacyTEXTURE/20/07/2adbba21cf1fbebb3553c70ffbacc460322e.udd" 4662
"C:/Users/pduli/AppData/Local/UnrealEngine/Common/DerivedDataCache/Buckets/LegacyTEXTURE/b0/6f/fc563be180d5baf85458c5debb8f600aef67.udd" 4663
"C:/Users/pduli/AppData/Local/UnrealEngine/Common/DerivedDataCache/Buckets/LegacyTEXTURE/1f/85/3df4fde9c89bd0689c0dc59ef1da8125846b.udd" 4664
"C:/Users/pduli/AppData/Local/UnrealEngine/Common/DerivedDataCache/Buckets/LegacyTEXTURE/6b/6c/629d639d5015880268510730ee499d0a1dba.udd" 4665
"C:/Users/pduli/AppData/Local/UnrealEngine/Common/DerivedDataCache/Buckets/LegacyTEXTURE/cc/ad/115fafe7355649be3f5deeb310e2bd754319.udd" 4666
"C:/Users/pduli/AppData/Local/UnrealEngine/Common/DerivedDataCache/Buckets/LegacyTEXTURE/e2/17/b29463b8ef4c40c732e88a01deccaf7219f1.udd" 4667
"C:/Users/pduli/AppData/Local/UnrealEngine/Common/DerivedDataCache/Buckets/LegacyTEXTURE/48/92/a3cab7b474068653447ae4f41afce8cae659.udd" 4668
"C:/Users/pduli/AppData/Local/UnrealEngine/Common/DerivedDataCache/Buckets/LegacyTEXTURE/9f/b9/2dc5f956a4b81ccfc7cf9264e9dde4a56271.udd" 4669
"C:/Users/pduli/AppData/Local/UnrealEngine/Common/DerivedDataCache/Buckets/LegacyTEXTURE/31/8d/d66d72bf1a4f2a3c853037dff51febf90c5e.udd" 4670
"C:/Users/pduli/AppData/Local/UnrealEngine/Common/DerivedDataCache/Buckets/LegacyTEXTURE/0f/b1/6a9c824284f14f7e00d9d4c011c179bbcb94.udd" 4671
"C:/Users/pduli/AppData/Local/UnrealEngine/Common/DerivedDataCache/Buckets/LegacyTEXTURE/02/de/b3af538e9b58ef619445d9381a200083f4b0.udd" 4672
"C:/Users/pduli/AppData/Local/UnrealEngine/Common/DerivedDataCache/Buckets/LegacySTREAMEDAUDIO/19/a8/087d3d058bfc31787b78045c1e36e3f76e4f.udd" 4673
"C:/Users/pduli/AppData/Local/UnrealEngine/Common/DerivedDataCache/Buckets/LegacySTREAMEDAUDIO/20/db/4039a6415b33a22c022ae63fce6e0b5399bb.udd" 4674
"C:/Users/pduli/AppData/Local/UnrealEngine/Common/DerivedDataCache/Buckets/LegacySTREAMEDAUDIO/03/44/16a7806640ad463860c405a45d49c1c0a16b.udd" 4675
"C:/Users/pduli/AppData/Local/UnrealEngine/Common/DerivedDataCache/Buckets/LegacySTREAMEDAUDIO/bd/0d/cb58780c24d70c70ee6ebc78286bef1acf2b.udd" 4676
"C:/Users/pduli/AppData/Local/UnrealEngine/Common/DerivedDataCache/Buckets/LegacySTREAMEDAUDIO/92/27/b43abc5efe1c9d4d12401b4211a26d5b5bcf.udd" 4677
"C:/Users/pduli/AppData/Local/UnrealEngine/Common/DerivedDataCache/Buckets/LegacySTREAMEDAUDIO/14/2e/2589b069bbf3bcc013f576ccfdb8f4a3ee43.udd" 4678
"C:/Users/pduli/AppData/Local/UnrealEngine/Common/DerivedDataCache/Buckets/LegacySTREAMEDAUDIO/fa/a8/9046ed6a115b73c75a5704a9be2b2fa271f6.udd" 4679
"C:/Users/pduli/AppData/Local/UnrealEngine/Common/DerivedDataCache/Buckets/LegacySTREAMEDAUDIO/8e/89/c8a96f0201972bf7daffd2d83f7919202b2c.udd" 4680
"C:/Users/pduli/AppData/Local/UnrealEngine/Common/DerivedDataCache/Buckets/LegacySTREAMEDAUDIO/c6/98/d03391c7c13f6690b28c426f08da9caad419.udd" 4681
"C:/Users/pduli/AppData/Local/UnrealEngine/Common/DerivedDataCache/Buckets/LegacySTREAMEDAUDIO/ba/70/786c545e609dacf39af26a5b64e0dc85ec96.udd" 4682
"C:/Users/pduli/AppData/Local/UnrealEngine/Common/DerivedDataCache/Buckets/LegacySTREAMEDAUDIO/19/83/af73528b38446d4b25419646b5e751a05c6d.udd" 4683
"C:/Users/pduli/AppData/Local/UnrealEngine/Common/DerivedDataCache/Buckets/LegacySTREAMEDAUDIO/ac/3f/47b73ccdad152b87aefa1664742ebccb4130.udd" 4684
"C:/Users/pduli/AppData/Local/UnrealEngine/Common/DerivedDataCache/Buckets/LegacySTREAMEDAUDIO/6c/59/6e45fc3381dda6dc21195ef0bb3abdfa80eb.udd" 4685
"C:/Users/pduli/AppData/Local/UnrealEngine/Common/DerivedDataCache/Buckets/LegacySTREAMEDAUDIO/b4/c9/7bae0f798134bfa27237871cbb5c14d0804f.udd" 4686
"C:/Users/pduli/AppData/Local/UnrealEngine/Common/DerivedDataCache/Buckets/LegacySTREAMEDAUDIO/00/d6/ae71f929663cfa87907efa598c90d1b29231.udd" 4687
"C:/Users/pduli/AppData/Local/UnrealEngine/Common/DerivedDataCache/Buckets/LegacySTREAMEDAUDIO/46/51/dc579e4d90b84ec8f7e6b12441b6b6eeea61.udd" 4688
"C:/Users/pduli/AppData/Local/UnrealEngine/Common/DerivedDataCache/Buckets/LegacySTREAMEDAUDIO/4c/23/9742493f82638bad32769ac15adf530b4b92.udd" 4689
"C:/Users/pduli/AppData/Local/UnrealEngine/Common/DerivedDataCache/Buckets/LegacySTREAMEDAUDIO/6a/64/32af25e62a3e96a0683f3d417e03d62da4e5.udd" 4690
"C:/Users/pduli/AppData/Local/UnrealEngine/Common/DerivedDataCache/Buckets/LegacySTREAMEDAUDIO/11/f9/d3ac16876188fa2be85a324048d39ec7f6c8.udd" 4691
"C:/Users/pduli/AppData/Local/UnrealEngine/Common/DerivedDataCache/Buckets/LegacySTREAMEDAUDIO/8b/d8/9c8ea0cb9abaf3eb1bb27692b8996fb1c02f.udd" 4692
"C:/Users/pduli/AppData/Local/UnrealEngine/Common/DerivedDataCache/Buckets/LegacySTREAMEDAUDIO/2e/0e/4f1584e077583d55162820a7cbbda0590fe2.udd" 4693
"C:/Users/pduli/AppData/Local/UnrealEngine/Common/DerivedDataCache/Buckets/LegacySTREAMEDAUDIO/b6/ee/a6b7461a645bb0c2be0f3be1ab5afa33b3b2.udd" 4694
"C:/Users/pduli/AppData/Local/UnrealEngine/Common/DerivedDataCache/Buckets/LegacySTREAMEDAUDIO/b0/b5/17d113c6c1c3d85a40d6bc15b3b0a65d0f52.udd" 4695
"C:/Users/pduli/AppData/Local/UnrealEngine/Common/DerivedDataCache/Buckets/LegacySTREAMEDAUDIO/c2/3a/3db561c2d43f7cd2b9a30db71882baddb11a.udd" 4696
"C:/Users/pduli/AppData/Local/UnrealEngine/Common/DerivedDataCache/Buckets/LegacySTREAMEDAUDIO/52/66/2ded68d68b807d1dc91c59aa419fb1b5172c.udd" 4697
"C:/Users/pduli/AppData/Local/UnrealEngine/Common/DerivedDataCache/Buckets/LegacySTREAMEDAUDIO/22/50/3b52d0c560a47b8b008b1854e4e740574da8.udd" 4698
"C:/Users/pduli/AppData/Local/UnrealEngine/Common/DerivedDataCache/Buckets/LegacySTREAMEDAUDIO/49/41/7f4306ccdbbbacac400f6f82c88704c11fff.udd" 4699
"C:/Users/pduli/AppData/Local/UnrealEngine/Common/DerivedDataCache/Buckets/LegacySTREAMEDAUDIO/99/18/58109f88ef42ac6e38ef43c95f76cfa60cbb.udd" 4700
"C:/Users/pduli/AppData/Local/UnrealEngine/Common/DerivedDataCache/Buckets/LegacySTREAMEDAUDIO/5f/9b/c61c34d10bc2cc87e028d78f851549bd235c.udd" 4701
"C:/Users/pduli/AppData/Local/UnrealEngine/Common/DerivedDataCache/Buckets/LegacySTREAMEDAUDIO/5c/66/584f20c799aa36842e73e4d58ea92fb5bf97.udd" 4702
"C:/Users/pduli/AppData/Local/UnrealEngine/Common/DerivedDataCache/Buckets/LegacySTREAMEDAUDIO/ce/94/aedf3c3c076b673e3f5403afdfed219ec310.udd" 4703
"C:/Users/pduli/AppData/Local/UnrealEngine/Common/DerivedDataCache/Buckets/LegacySTREAMEDAUDIO/e0/cf/86fe2845371c7cf31a7b637b4b582631a942.udd" 4704
"C:/Users/pduli/AppData/Local/UnrealEngine/Common/DerivedDataCache/Buckets/LegacySTREAMEDAUDIO/31/e1/70872c142ba6a853c14860277041828dc64a.udd" 4705
"C:/Users/pduli/AppData/Local/UnrealEngine/Common/DerivedDataCache/Buckets/LegacySTREAMEDAUDIO/08/bc/db6ffae0d7609c4c795ea1bf2bed336e9f39.udd" 4706
"C:/Users/pduli/AppData/Local/UnrealEngine/Common/DerivedDataCache/Buckets/LegacySTREAMEDAUDIO/8e/a7/72f3e30b81c71b91849ae4c5595a6442a0b0.udd" 4707
"C:/Users/pduli/AppData/Local/UnrealEngine/Common/DerivedDataCache/Buckets/LegacySTREAMEDAUDIO/79/e0/61cd25c8eb1693ece8a8ea8c08989890b7c5.udd" 4708
"C:/Users/pduli/AppData/Local/UnrealEngine/Common/DerivedDataCache/Buckets/LegacySTREAMEDAUDIO/80/cb/2e734a943e8048e51da1731dcb8630a215e3.udd" 4709
"C:/Users/pduli/AppData/Local/UnrealEngine/Common/DerivedDataCache/Buckets/LegacySTREAMEDAUDIO/81/04/c415bc55895f262a8208c2b6a9aaf93f3c99.udd" 4710
"C:/Users/pduli/AppData/Local/UnrealEngine/Common/DerivedDataCache/Buckets/LegacySTREAMEDAUDIO/79/19/a7d89e3501f612047587fd7e055589c3f0c0.udd" 4711
"C:/Users/pduli/AppData/Local/UnrealEngine/Common/DerivedDataCache/Buckets/LegacySTREAMEDAUDIO/cf/94/aebbbbf3271cc60a5d74e0a3cdd01b29685a.udd" 4712
"C:/Users/pduli/AppData/Local/UnrealEngine/Common/DerivedDataCache/Buckets/LegacySTREAMEDAUDIO/1d/75/1233f032ca428f7730745e61be1eff08bb13.udd" 4713
"C:/Users/pduli/AppData/Local/UnrealEngine/Common/DerivedDataCache/Buckets/LegacySTREAMEDAUDIO/f9/98/ac34af7ea341739174e8bd15333aae4efbc9.udd" 4714
"E:/UE Projects/SixMinutesAtChonkers/Content/StarterContent/Particles/Materials/M_explosion_subUV.uasset" 4715
"E:/UE Projects/SixMinutesAtChonkers/Content/StarterContent/Particles/Materials/M_Dust_Particle.uasset" 4716
"C:/Users/pduli/AppData/Local/UnrealEngine/Common/DerivedDataCache/Buckets/LegacySTREAMEDAUDIO/20/37/765c637ef875c4d1232297ec99e9ba52c93f.udd" 4717
"C:/Users/pduli/AppData/Local/UnrealEngine/Common/DerivedDataCache/Buckets/LegacySTREAMEDAUDIO/9a/7d/a2bd32a2867383e3b27468a31923545cf3ae.udd" 4718
"C:/Users/pduli/AppData/Local/UnrealEngine/Common/DerivedDataCache/Buckets/LegacySTREAMEDAUDIO/82/84/1324fae14fb06dc8ab7f70d09469e49e5a6f.udd" 4719
"C:/Users/pduli/AppData/Local/UnrealEngine/Common/DerivedDataCache/Buckets/LegacySTREAMEDAUDIO/5d/ae/37fce1ad110439227d278ca2dc4b13a57542.udd" 4720
"C:/Users/pduli/AppData/Local/UnrealEngine/Common/DerivedDataCache/Buckets/LegacySTREAMEDAUDIO/83/1c/ec9d092502e0bc0c479a880a3e186d504230.udd" 4721
"C:/Users/pduli/AppData/Local/UnrealEngine/Common/DerivedDataCache/Buckets/LegacySTREAMEDAUDIO/27/5d/62903c25c7c963c622b5c78b0882f73bd596.udd" 4722
"C:/Users/pduli/AppData/Local/UnrealEngine/Common/DerivedDataCache/Buckets/LegacySTREAMEDAUDIO/ed/13/a5574a7dc9d82c1d0fde5e5e233652d0b717.udd" 4723
"C:/Users/pduli/AppData/Local/UnrealEngine/Common/DerivedDataCache/Buckets/LegacySTREAMEDAUDIO/70/3e/c7d23fa572dedf58de68f8d885ea45e54b64.udd" 4724
"C:/Users/pduli/AppData/Local/UnrealEngine/Common/DerivedDataCache/Buckets/LegacySTREAMEDAUDIO/c0/57/61f5111339a0083e319707a2546775c0f628.udd" 4725
"C:/Users/pduli/AppData/Local/UnrealEngine/Common/DerivedDataCache/Buckets/LegacySTREAMEDAUDIO/c5/19/5b855c6d9ac1df5c5ab27992ae1653128f52.udd" 4726
"C:/Users/pduli/AppData/Local/UnrealEngine/Common/DerivedDataCache/Buckets/LegacySTREAMEDAUDIO/58/47/d7a724f88a4605a5588ba1f3c781c33d529e.udd" 4727
"C:/Users/pduli/AppData/Local/UnrealEngine/Common/DerivedDataCache/Buckets/LegacySTREAMEDAUDIO/ab/e2/bcfd132931f7a7f3c0f84e7ec1fccbaf0f02.udd" 4728
"C:/Users/pduli/AppData/Local/UnrealEngine/Common/DerivedDataCache/Buckets/LegacySTREAMEDAUDIO/1c/b7/cf6341a22b52560ff73b78103e3590a59f80.udd" 4729
"C:/Users/pduli/AppData/Local/UnrealEngine/Common/DerivedDataCache/Buckets/LegacySTREAMEDAUDIO/8b/ad/3d8bd8e7e5f50b98d515ee3483d9b5902ef2.udd" 4730
"C:/Users/pduli/AppData/Local/UnrealEngine/Common/DerivedDataCache/Buckets/LegacySTREAMEDAUDIO/bd/3e/b663214ff670814288e81af47dc3ce422984.udd" 4731
"C:/Users/pduli/AppData/Local/UnrealEngine/Common/DerivedDataCache/Buckets/LegacySTREAMEDAUDIO/5b/67/798c406d9918b80de8546a4ab3f8533d9be1.udd" 4732
"C:/Users/pduli/AppData/Local/UnrealEngine/Common/DerivedDataCache/Buckets/LegacySTREAMEDAUDIO/0e/c4/74943d3fcf527022b1ea6c548215b43c46b8.udd" 4733
"C:/Users/pduli/AppData/Local/UnrealEngine/Common/DerivedDataCache/Buckets/LegacySTREAMEDAUDIO/40/1d/452eb9b56a157902f7dc0c88dc48fdb06216.udd" 4734
"C:/Users/pduli/AppData/Local/UnrealEngine/Common/DerivedDataCache/Buckets/LegacySTREAMEDAUDIO/71/0e/186309e6ef99d9e22fe948f670632232d856.udd" 4735
"C:/Users/pduli/AppData/Local/UnrealEngine/Common/DerivedDataCache/Buckets/LegacySTREAMEDAUDIO/96/4e/7610c129281893c4fe085fc068886e0117d0.udd" 4736
"C:/Users/pduli/AppData/Local/UnrealEngine/Common/DerivedDataCache/Buckets/LegacySTREAMEDAUDIO/f7/a6/ef3bbf3e34761527234f767b97d4ff4e4879.udd" 4737
"C:/Users/pduli/AppData/Local/UnrealEngine/Common/DerivedDataCache/Buckets/LegacySTREAMEDAUDIO/08/42/58043ae704a27ce129a22f51a443e0649576.udd" 4738
"C:/Users/pduli/AppData/Local/UnrealEngine/Common/DerivedDataCache/Buckets/LegacySTREAMEDAUDIO/7d/80/fe9aaeaaadb9c131b1e7e2531fc9a7f9a9e1.udd" 4739
"C:/Users/pduli/AppData/Local/UnrealEngine/Common/DerivedDataCache/Buckets/LegacySTREAMEDAUDIO/2a/5c/218c792181b694953933eb20f1136ae2d64d.udd" 4740
"C:/Users/pduli/AppData/Local/UnrealEngine/Common/DerivedDataCache/Buckets/LegacySTREAMEDAUDIO/37/5e/4bb71bdf5897066f634823404878bc705865.udd" 4741
"C:/Users/pduli/AppData/Local/UnrealEngine/Common/DerivedDataCache/Buckets/LegacySTREAMEDAUDIO/38/f1/2b393948a023d7237b35c3c1e6379cff8413.udd" 4742
"C:/Users/pduli/AppData/Local/UnrealEngine/Common/DerivedDataCache/Buckets/LegacySTREAMEDAUDIO/9d/34/b7bb6030841aa504217e1d2be7906f34e2a8.udd" 4743
"C:/Users/pduli/AppData/Local/UnrealEngine/Common/DerivedDataCache/Buckets/LegacySTREAMEDAUDIO/52/27/68a6c0afc56ed92252216c321269e1409d65.udd" 4744
"C:/Users/pduli/AppData/Local/UnrealEngine/Common/DerivedDataCache/Buckets/LegacySTREAMEDAUDIO/19/46/c79aa00c866a834c9024980d55001695c4de.udd" 4745
"C:/Users/pduli/AppData/Local/UnrealEngine/Common/DerivedDataCache/Buckets/LegacySTREAMEDAUDIO/d3/ee/9e0b7e3566cb4b74e289bd58813ba26bcc98.udd" 4746
"C:/Users/pduli/AppData/Local/UnrealEngine/Common/DerivedDataCache/Buckets/LegacySTREAMEDAUDIO/72/f8/8608e4bad33954a618f1eb15ca12e6581eee.udd" 4747
"C:/Users/pduli/AppData/Local/UnrealEngine/Common/DerivedDataCache/Buckets/LegacySTREAMEDAUDIO/23/66/2a912409604254d73478f59c29e0ba66520b.udd" 4748
"C:/Users/pduli/AppData/Local/UnrealEngine/Common/DerivedDataCache/Buckets/LegacySTREAMEDAUDIO/7e/0a/ec4be70c78d29a1c8509e97a0250ca53a3ff.udd" 4749
"C:/Users/pduli/AppData/Local/UnrealEngine/Common/DerivedDataCache/Buckets/LegacySTREAMEDAUDIO/e9/a4/156db943c53574a99ec802d9c9e746e258b2.udd" 4750
"C:/Users/pduli/AppData/Local/UnrealEngine/Common/DerivedDataCache/Buckets/LegacySTREAMEDAUDIO/a2/c7/50b7fb9f1193b65cb799e1bba902850e0389.udd" 4751
"C:/Users/pduli/AppData/Local/UnrealEngine/Common/DerivedDataCache/Buckets/LegacySTREAMEDAUDIO/ea/f9/eff0431a086ff3683f20c52524c7adfe1ec4.udd" 4752
"C:/Users/pduli/AppData/Local/UnrealEngine/Common/DerivedDataCache/Buckets/LegacySTREAMEDAUDIO/80/22/31ef7b300cb6c0a497ff6d8e6efa13e61850.udd" 4753
"C:/Users/pduli/AppData/Local/UnrealEngine/Common/DerivedDataCache/Buckets/LegacyTEXTURE/4c/d0/2e3fe8cd416ec5ff50992d50d4eea67fe84b.udd" 4754
"C:/Users/pduli/AppData/Local/UnrealEngine/Common/DerivedDataCache/Buckets/LegacyTEXTURE/06/64/8e09926ac3ed68976360f42a3ba9ca18f933.udd" 4755
"C:/Users/pduli/AppData/Local/UnrealEngine/Common/DerivedDataCache/Buckets/LegacyTEXTURE/a3/94/1c5a5af4c45e90380179a21dc6bd84997a6f.udd" 4756
"C:/Users/pduli/AppData/Local/UnrealEngine/Common/DerivedDataCache/Buckets/LegacyTEXTURE/4a/9b/5ece976b21992adfe331453450a6740933a0.udd" 4757
"C:/Users/pduli/AppData/Local/UnrealEngine/Common/DerivedDataCache/Buckets/LegacyTEXTURE/7a/56/5625cbff411f4faccaed5df8904498af1206.udd" 4758
"C:/Users/pduli/AppData/Local/UnrealEngine/Common/DerivedDataCache/Buckets/LegacyTEXTURE/ed/15/cab58c314a898f6e88b1503e397cdfcc54fa.udd" 4759
"C:/Users/pduli/AppData/Local/UnrealEngine/Common/DerivedDataCache/Buckets/LegacyTEXTURE/7c/fc/90ca84a732a229e09946d38d47a080542120.udd" 4760
"C:/Users/pduli/AppData/Local/UnrealEngine/Common/DerivedDataCache/Buckets/LegacyTEXTURE/7d/19/ae6023610f19e7b90178480fc6dd95400866.udd" 4761
"C:/Users/pduli/AppData/Local/UnrealEngine/Common/DerivedDataCache/Buckets/LegacyTEXTURE/21/4a/542020a9a0a149182be33e34608335e216c9.udd" 4762
"C:/Users/pduli/AppData/Local/UnrealEngine/Common/DerivedDataCache/Buckets/LegacyTEXTURE/be/79/67e6f019b6616f4ba8a64c1494bd21135cdc.udd" 4763
"C:/Users/pduli/AppData/Local/UnrealEngine/Common/DerivedDataCache/Buckets/LegacyTEXTURE/a6/e7/713046ee9ff5ecae8c90892c39fcb926d4ec.udd" 4764
"C:/Users/pduli/AppData/Local/UnrealEngine/Common/DerivedDataCache/Buckets/LegacyTEXTURE/94/11/f4350e890b36e8f3765616087d23719df1b4.udd" 4765
"C:/Users/pduli/AppData/Local/UnrealEngine/Common/DerivedDataCache/Buckets/LegacySTREAMEDAUDIO/c5/37/da10f5c064f7c8c03ebaee3219ad9ac07396.udd" 4766
"C:/Users/pduli/AppData/Local/UnrealEngine/Common/DerivedDataCache/Buckets/LegacySTREAMEDAUDIO/78/6f/fae629314e5fb5af5d954629b0fe7ad63891.udd" 4767
"C:/Users/pduli/AppData/Local/UnrealEngine/Common/DerivedDataCache/Buckets/LegacySTREAMEDAUDIO/41/e8/12f78ab29b64eb6c2c4b3c1ccaa3e8e5fdad.udd" 4768
"C:/Users/pduli/AppData/Local/UnrealEngine/Common/DerivedDataCache/Buckets/LegacySTREAMEDAUDIO/d4/b3/2fb831976eee34f955fce6d4d8a9be1ef691.udd" 4769
"C:/Users/pduli/AppData/Local/UnrealEngine/Common/DerivedDataCache/Buckets/LegacySTREAMEDAUDIO/c9/71/3232db060b09e3327b4e680a64d6d29da5ce.udd" 4770
"C:/Users/pduli/AppData/Local/UnrealEngine/Common/DerivedDataCache/Buckets/LegacySTREAMEDAUDIO/78/17/dcca121e8d606bf27123a8f93d7151bfc411.udd" 4771
"C:/Users/pduli/AppData/Local/UnrealEngine/Common/DerivedDataCache/Buckets/LegacySTREAMEDAUDIO/38/10/149826a73a69ed32f5b7040ebdb6cdbd4dc8.udd" 4772
"C:/Users/pduli/AppData/Local/UnrealEngine/Common/DerivedDataCache/Buckets/LegacySTREAMEDAUDIO/8f/dd/33a7c3024aa5b5a663721236c22a1efddcfd.udd" 4773
"C:/Users/pduli/AppData/Local/UnrealEngine/Common/DerivedDataCache/Buckets/LegacySTREAMEDAUDIO/a2/80/e70961fc28e16fd0c7417fc6941bf9d7b5be.udd" 4774
"C:/Users/pduli/AppData/Local/UnrealEngine/Common/DerivedDataCache/Buckets/LegacySTREAMEDAUDIO/bf/48/2bfe4ba07c49bfca540cfe27ae34fda4f27a.udd" 4775
"C:/Users/pduli/AppData/Local/UnrealEngine/Common/DerivedDataCache/Buckets/LegacySTREAMEDAUDIO/0e/69/48391222b4d4b75a4c16f2cdc433e255b876.udd" 4776
"C:/Users/pduli/AppData/Local/UnrealEngine/Common/DerivedDataCache/Buckets/LegacySTREAMEDAUDIO/f0/ed/75a2b38d7f198a53df0630e6c39bedd7d31d.udd" 4777
"C:/Users/pduli/AppData/Local/UnrealEngine/Common/DerivedDataCache/Buckets/LegacySTREAMEDAUDIO/f5/00/cd6b00d56af19c68b948915a0bb2209a3f15.udd" 4778
"C:/Users/pduli/AppData/Local/UnrealEngine/Common/DerivedDataCache/Buckets/LegacySTREAMEDAUDIO/84/51/b2f1b7bd024b0926b7623ba5a2a798865419.udd" 4779
"C:/Users/pduli/AppData/Local/UnrealEngine/Common/DerivedDataCache/Buckets/LegacySTREAMEDAUDIO/ac/3c/2234c995743354962b0d6c60c3e8ce1816c9.udd" 4780
"C:/Users/pduli/AppData/Local/UnrealEngine/Common/DerivedDataCache/Buckets/LegacySTREAMEDAUDIO/72/bf/c1f63ca00a07794b17a4579e90c5a018ec14.udd" 4781
"C:/Users/pduli/AppData/Local/UnrealEngine/Common/DerivedDataCache/Buckets/LegacySTREAMEDAUDIO/5c/d9/d47a5d19c2d6a2085671847ac16bd52a0ff4.udd" 4782
"C:/Users/pduli/AppData/Local/UnrealEngine/Common/DerivedDataCache/Buckets/LegacySTREAMEDAUDIO/f6/90/43baace96f63bc85e5e11dc877a3b197ea6d.udd" 4783
"C:/Users/pduli/AppData/Local/UnrealEngine/Common/DerivedDataCache/Buckets/LegacySTREAMEDAUDIO/bb/7c/d5ffe4744a674e111ecb0d24feba40abc882.udd" 4784
"C:/Users/pduli/AppData/Local/UnrealEngine/Common/DerivedDataCache/Buckets/LegacySTREAMEDAUDIO/99/69/bbae86a02827529ce07dc2a5efa0eab25804.udd" 4785
"C:/Users/pduli/AppData/Local/UnrealEngine/Common/DerivedDataCache/Buckets/LegacySTREAMEDAUDIO/92/50/ce9371b801be578b8c9df78093af0dc32c84.udd" 4786
"C:/Users/pduli/AppData/Local/UnrealEngine/Common/DerivedDataCache/Buckets/LegacySTREAMEDAUDIO/f9/5d/fc6e1f5dace0c1a3841216d0ec0c9d20730d.udd" 4787
"C:/Users/pduli/AppData/Local/UnrealEngine/Common/DerivedDataCache/Buckets/LegacySTREAMEDAUDIO/7f/6a/c291e57691fd85a489556324f05a851a15eb.udd" 4788
"C:/Users/pduli/AppData/Local/UnrealEngine/Common/DerivedDataCache/Buckets/LegacySTREAMEDAUDIO/bb/00/f877f5b2039387da107c480906efbeea3bb4.udd" 4789
"C:/Users/pduli/AppData/Local/UnrealEngine/Common/DerivedDataCache/Buckets/LegacySTREAMEDAUDIO/65/84/229ffdd1e5da66ed4d8e82440da578259fb3.udd" 4790
"C:/Users/pduli/AppData/Local/UnrealEngine/Common/DerivedDataCache/Buckets/LegacySTREAMEDAUDIO/37/d2/afdb3d384eb0ee64156b801350c5e1740d87.udd" 4791
"C:/Users/pduli/AppData/Local/UnrealEngine/Common/DerivedDataCache/Buckets/LegacySTREAMEDAUDIO/10/2c/cf89b264e441f6e04bf7dbcf9d033a40ae8d.udd" 4792
"C:/Users/pduli/AppData/Local/UnrealEngine/Common/DerivedDataCache/Buckets/LegacySTREAMEDAUDIO/ab/6e/a1bba3fca8dc75240b166da3b7f66e9ae391.udd" 4793
"C:/Users/pduli/AppData/Local/UnrealEngine/Common/DerivedDataCache/Buckets/LegacySTREAMEDAUDIO/1a/60/9a1ea830cddef6f96e126bfbcd944130ef09.udd" 4794
"C:/Users/pduli/AppData/Local/UnrealEngine/Common/DerivedDataCache/Buckets/LegacySTREAMEDAUDIO/6e/86/5fc1848bea0e8a0e2ff79f64e985882a5dae.udd" 4795
"C:/Users/pduli/AppData/Local/UnrealEngine/Common/DerivedDataCache/Buckets/LegacySTREAMEDAUDIO/1f/9f/269a6d022013c0605d778202ed05a38c9302.udd" 4796
"C:/Users/pduli/AppData/Local/UnrealEngine/Common/DerivedDataCache/Buckets/LegacySTREAMEDAUDIO/62/fa/5a4efff415c7f9ddb97b3de9f363a1919c5d.udd" 4797
"C:/Users/pduli/AppData/Local/UnrealEngine/Common/DerivedDataCache/Buckets/LegacySTREAMEDAUDIO/90/23/b54076c2856564bb7a29909f1caac6e3f280.udd" 4798
"C:/Users/pduli/AppData/Local/UnrealEngine/Common/DerivedDataCache/Buckets/LegacySTREAMEDAUDIO/56/ed/08f866848dc296e55d062fbe25987981dffa.udd" 4799
"C:/Users/pduli/AppData/Local/UnrealEngine/Common/DerivedDataCache/Buckets/LegacySTREAMEDAUDIO/94/17/5d30b0d9908e2bdd31370ba9fda400a637e6.udd" 4800
"C:/Users/pduli/AppData/Local/UnrealEngine/Common/DerivedDataCache/Buckets/LegacySTREAMEDAUDIO/ea/df/23eab3b159a185483743ebcad399242fe70d.udd" 4801
"C:/Users/pduli/AppData/Local/UnrealEngine/Common/DerivedDataCache/Buckets/LegacySTREAMEDAUDIO/67/62/cdccfd09112eb73de6ef18fb64c33f01df84.udd" 4802
"C:/Users/pduli/AppData/Local/UnrealEngine/Common/DerivedDataCache/Buckets/LegacySTREAMEDAUDIO/f5/bb/44d2904da2d569b6dfd155fdfd8d68a5741f.udd" 4803
"C:/Users/pduli/AppData/Local/UnrealEngine/Common/DerivedDataCache/Buckets/LegacySTREAMEDAUDIO/92/40/a9e2732c4d989c475afdf6334d162e80c7bd.udd" 4804
"C:/Users/pduli/AppData/Local/UnrealEngine/Common/DerivedDataCache/Buckets/LegacySTREAMEDAUDIO/4d/95/27c774db34acda8a674d8a9171171d1a364f.udd" 4805
"C:/Users/pduli/AppData/Local/UnrealEngine/Common/DerivedDataCache/Buckets/LegacySTREAMEDAUDIO/e5/84/e948c4e0e9b099a91a76090dcfd224a99670.udd" 4806
"C:/Users/pduli/AppData/Local/UnrealEngine/Common/DerivedDataCache/Buckets/LegacySTREAMEDAUDIO/11/01/17d6d7568893c1850bc30e4cf8c1dd218e39.udd" 4807
"C:/Users/pduli/AppData/Local/UnrealEngine/Common/DerivedDataCache/Buckets/LegacySTREAMEDAUDIO/69/67/0b92469d2a587aff0eabae57387d59fa14c0.udd" 4808
"C:/Users/pduli/AppData/Local/UnrealEngine/Common/DerivedDataCache/Buckets/LegacySTREAMEDAUDIO/e3/a1/80ef803ae711368e69cb5f09ef8f2ec7bdc2.udd" 4809
"C:/Users/pduli/AppData/Local/UnrealEngine/Common/DerivedDataCache/Buckets/LegacySTREAMEDAUDIO/e5/4f/e71d7bfeb186c7c6add0b7ed0b484b268e60.udd" 4810
"C:/Users/pduli/AppData/Local/UnrealEngine/Common/DerivedDataCache/Buckets/LegacySTREAMEDAUDIO/1f/00/5da30a87ac756231e985babb9ccc5eeee34b.udd" 4811
"C:/Users/pduli/AppData/Local/UnrealEngine/Common/DerivedDataCache/Buckets/LegacySTREAMEDAUDIO/0a/0a/5e21c2b46e0fbfef908e8164278f4cc0fc0b.udd" 4812
"C:/Users/pduli/AppData/Local/UnrealEngine/Common/DerivedDataCache/Buckets/LegacySTREAMEDAUDIO/ff/80/da09b989cc64f6de906874b9e1eaf2c8cd7e.udd" 4813
"C:/Users/pduli/AppData/Local/UnrealEngine/Common/DerivedDataCache/Buckets/LegacySTREAMEDAUDIO/43/14/abb7290639cd9695c668f0749c0d453fb64e.udd" 4814
"C:/Users/pduli/AppData/Local/UnrealEngine/Common/DerivedDataCache/Buckets/LegacySTREAMEDAUDIO/f8/3e/1b24e0d7db4d50538aa2518571fb44251278.udd" 4815
"C:/Users/pduli/AppData/Local/UnrealEngine/Common/DerivedDataCache/Buckets/LegacySTREAMEDAUDIO/90/96/bdd9efed2e1e4ebe2761c147b0d47110e762.udd" 4816
"C:/Users/pduli/AppData/Local/UnrealEngine/Common/DerivedDataCache/Buckets/LegacySTREAMEDAUDIO/a3/5a/aa355081d15f42171621b56618cc1fe0d456.udd" 4817
"C:/Users/pduli/AppData/Local/UnrealEngine/Common/DerivedDataCache/Buckets/LegacySTREAMEDAUDIO/d7/a3/f7c09ce42887cabb15856187ceedaf0643d4.udd" 4818
"C:/Users/pduli/AppData/Local/UnrealEngine/Common/DerivedDataCache/Buckets/LegacySTREAMEDAUDIO/04/ac/388df2826760e848316bd21daae8aa5c1311.udd" 4819
"C:/Users/pduli/AppData/Local/UnrealEngine/Common/DerivedDataCache/Buckets/LegacySTREAMEDAUDIO/83/e0/089d5ac6a11b4646bfae5e188cec1f3a76c5.udd" 4820
"C:/Users/pduli/AppData/Local/UnrealEngine/Common/DerivedDataCache/Buckets/LegacySTREAMEDAUDIO/9d/ca/e45c42da33fa75b48b6b2dfa787cf1ed6066.udd" 4821
"C:/Users/pduli/AppData/Local/UnrealEngine/Common/DerivedDataCache/Buckets/LegacySTREAMEDAUDIO/d3/78/b4b41ba444decbe2caedccb8b4bf7ada2f32.udd" 4822
"C:/Users/pduli/AppData/Local/UnrealEngine/Common/DerivedDataCache/Buckets/LegacySTREAMEDAUDIO/2a/32/4b0e5326daa9440bea5323be0320abca10c5.udd" 4823
"C:/Users/pduli/AppData/Local/UnrealEngine/Common/DerivedDataCache/Buckets/LegacySTREAMEDAUDIO/a9/88/5741b419b8826f96c87466324681cc2cfa21.udd" 4824
"C:/Users/pduli/AppData/Local/UnrealEngine/Common/DerivedDataCache/Buckets/LegacySTREAMEDAUDIO/5b/8e/b32140e0fbf7403cb98492323f348eae81d3.udd" 4825
"C:/Users/pduli/AppData/Local/UnrealEngine/Common/DerivedDataCache/Buckets/LegacySTREAMEDAUDIO/af/d8/5fc17e8f1d033623dbaae96647419b0e763c.udd" 4826
"C:/Users/pduli/AppData/Local/UnrealEngine/Common/DerivedDataCache/Buckets/LegacySTREAMEDAUDIO/ce/97/e236bc0fb580fbad846d01d0431af47f3457.udd" 4827
"C:/Users/pduli/AppData/Local/UnrealEngine/Common/DerivedDataCache/Buckets/LegacySTREAMEDAUDIO/55/2c/5988c8b373a4a79b0240769ad699fbd5d1f3.udd" 4828
"C:/Users/pduli/AppData/Local/UnrealEngine/Common/DerivedDataCache/Buckets/LegacySTREAMEDAUDIO/60/6e/24b5054569ecadbbd6ef1fe67edc1786f6ae.udd" 4829
"C:/Users/pduli/AppData/Local/UnrealEngine/Common/DerivedDataCache/Buckets/LegacySTREAMEDAUDIO/47/d8/2c924825c04e9cd4cbe1731f80c7781a1b02.udd" 4830
"C:/Users/pduli/AppData/Local/UnrealEngine/Common/DerivedDataCache/Buckets/LegacySTREAMEDAUDIO/f7/5b/22d49102343f94f337d9470fd5eded42f610.udd" 4831
"C:/Users/pduli/AppData/Local/UnrealEngine/Common/DerivedDataCache/Buckets/LegacySTREAMEDAUDIO/77/24/aface8c2dbfcb6fa95c35c93899638a01e83.udd" 4832
"C:/Users/pduli/AppData/Local/UnrealEngine/Common/DerivedDataCache/Buckets/LegacySTREAMEDAUDIO/bd/93/dbdc1d8dd0ef2974c594914f96f894651c48.udd" 4833
"C:/Users/pduli/AppData/Local/UnrealEngine/Common/DerivedDataCache/Buckets/LegacySTREAMEDAUDIO/bf/21/9172234b932852d952a64cf116796e1de800.udd" 4834
"C:/Users/pduli/AppData/Local/UnrealEngine/Common/DerivedDataCache/Buckets/LegacySTREAMEDAUDIO/b7/5e/1333e7bf441b45bbf16ff0b79dafbe264e66.udd" 4835
"C:/Users/pduli/AppData/Local/UnrealEngine/Common/DerivedDataCache/Buckets/LegacySTREAMEDAUDIO/bc/cf/d7a91b26bce6c3d7161f56849a1150a25fcb.udd" 4836
"C:/Users/pduli/AppData/Local/UnrealEngine/Common/DerivedDataCache/Buckets/LegacySTREAMEDAUDIO/e3/c8/55a4ca4683804bdccd7714ba73ed9b5c462e.udd" 4837
"C:/Users/pduli/AppData/Local/UnrealEngine/Common/DerivedDataCache/Buckets/LegacySTREAMEDAUDIO/64/3d/7fd97ccfcfadeb86e0855eab7935ca53cbb1.udd" 4838
"C:/Users/pduli/AppData/Local/UnrealEngine/Common/DerivedDataCache/Buckets/LegacySTREAMEDAUDIO/50/59/20c7b191297c53212af5ced85e7a793df75e.udd" 4839
"C:/Users/pduli/AppData/Local/UnrealEngine/Common/DerivedDataCache/Buckets/LegacySTREAMEDAUDIO/21/29/5f6ff5c0c54e2e5c8a4804418b7ac2257a77.udd" 4840
"C:/Users/pduli/AppData/Local/UnrealEngine/Common/DerivedDataCache/Buckets/LegacySTREAMEDAUDIO/7b/0c/acc2ae5009330b327f40ba1c76234b910fc8.udd" 4841
"C:/Users/pduli/AppData/Local/UnrealEngine/Common/DerivedDataCache/Buckets/LegacySTREAMEDAUDIO/9d/97/5fe1802fce6d77c3d3cbaaa783a469ac5764.udd" 4842
"C:/Users/pduli/AppData/Local/UnrealEngine/Common/DerivedDataCache/Buckets/LegacySTREAMEDAUDIO/b8/17/75babab3adbbb7bd5471eb73a8ad016a4a77.udd" 4843
"C:/Users/pduli/AppData/Local/UnrealEngine/Common/DerivedDataCache/Buckets/LegacySTREAMEDAUDIO/8e/96/4beba0c8a93663103b72fdaaaac6fffe08ba.udd" 4844
"C:/Users/pduli/AppData/Local/UnrealEngine/Common/DerivedDataCache/Buckets/LegacyTEXTURE/51/32/59e9069313d12d434eececc8f05bbe39d7f6.udd" 4845
"C:/Users/pduli/AppData/Local/UnrealEngine/Common/DerivedDataCache/Buckets/LegacyTEXTURE/c0/0f/cf96fe799cabcdb237c124602b9c27ccd6c6.udd" 4846
"C:/Users/pduli/AppData/Local/UnrealEngine/Common/DerivedDataCache/Buckets/LegacyTEXTURE/42/b9/723b567a3ec7450d08bb95ce0b9e54c18df1.udd" 4847
"C:/Users/pduli/AppData/Local/UnrealEngine/Common/DerivedDataCache/Buckets/LegacyTEXTURE/45/31/7b4247af0974fe828450f5aee678f804ddd6.udd" 4848
"C:/Users/pduli/AppData/Local/UnrealEngine/Common/DerivedDataCache/Buckets/LegacyTEXTURE/14/fe/2447e6165e52ccbf7bda85a4e9cf300c63ab.udd" 4849
"C:/Users/pduli/AppData/Local/UnrealEngine/Common/DerivedDataCache/Buckets/LegacyTEXTURE/47/02/687f1722d6481a638820d1a23ef8cd3611dc.udd" 4850
"C:/Users/pduli/AppData/Local/UnrealEngine/Common/DerivedDataCache/Buckets/LegacyTEXTURE/b3/d7/f0305cfde643f29f22e305f64fb2c1138b36.udd" 4851
"C:/Users/pduli/AppData/Local/UnrealEngine/Common/DerivedDataCache/Buckets/LegacyTEXTURE/a5/97/5906979c577558ff61510b8ec052547c0c96.udd" 4852
"C:/Users/pduli/AppData/Local/UnrealEngine/Common/DerivedDataCache/Buckets/LegacyTEXTURE/fd/4f/c43a880f5177e7754e1283c432e07865c345.udd" 4853
"C:/Users/pduli/AppData/Local/UnrealEngine/Common/DerivedDataCache/Buckets/LegacyTEXTURE/d5/f2/42c1fba27f8d5d2e1509c89752f2d6ecf317.udd" 4854
"C:/Users/pduli/AppData/Local/UnrealEngine/Common/DerivedDataCache/Buckets/LegacyTEXTURE/12/41/25366987b289281f191b823b92774df174fe.udd" 4855
"C:/Users/pduli/AppData/Local/UnrealEngine/Common/DerivedDataCache/Buckets/LegacyTEXTURE/c8/72/cf367f8ffc19632c5a2df37c16f3122f46cd.udd" 4856
"C:/Users/pduli/AppData/Local/UnrealEngine/Common/DerivedDataCache/Buckets/LegacyTEXTURE/58/5e/f3107e750e3832c903975f527b710ca9cc13.udd" 4857
"C:/Users/pduli/AppData/Local/UnrealEngine/Common/DerivedDataCache/Buckets/LegacyTEXTURE/45/e2/3e14462ac1a55c7285b24bcf679bfd19b8c6.udd" 4858
"C:/Users/pduli/AppData/Local/UnrealEngine/Common/DerivedDataCache/Buckets/LegacyTEXTURE/d9/ed/33529d5e2357177fbced064100a8ec885135.udd" 4859
"C:/Users/pduli/AppData/Local/UnrealEngine/Common/DerivedDataCache/Buckets/LegacyTEXTURE/e7/1c/021446b46b4ed49522ac72d622a35bde3127.udd" 4860
"C:/Users/pduli/AppData/Local/UnrealEngine/Common/DerivedDataCache/Buckets/LegacyTEXTURE/e2/64/aa873cbe0c3d2a84a5e81ccec6f928d2e005.udd" 4861
"C:/Users/pduli/AppData/Local/UnrealEngine/Common/DerivedDataCache/Buckets/LegacyTEXTURE/61/b4/04484ca656e8cd940a751aebe724f681a112.udd" 4862
"C:/Users/pduli/AppData/Local/UnrealEngine/Common/DerivedDataCache/Buckets/LegacyTEXTURE/30/f6/a13b87b553d26c864cc75ae59272aaa13d5a.udd" 4863
"C:/Users/pduli/AppData/Local/UnrealEngine/Common/DerivedDataCache/Buckets/LegacyTEXTURE/cd/6a/e84a882ce4d9c67f2861e5b5bf0125e32ef4.udd" 4864
"C:/Users/pduli/AppData/Local/UnrealEngine/Common/DerivedDataCache/Buckets/LegacyTEXTURE/ec/5c/9aa28e0e67b87ec995aeb3dd0eccdc74bb7c.udd" 4865
"C:/Users/pduli/AppData/Local/UnrealEngine/Common/DerivedDataCache/Buckets/LegacyTEXTURE/01/7a/dde948d25ffe6b5c02c4cec95bf5298c7778.udd" 4866
"C:/Users/pduli/AppData/Local/UnrealEngine/Common/DerivedDataCache/Buckets/LegacyTEXTURE/ef/f7/8b2987e14a5bb8d7fbfe0107b446ba554d9d.udd" 4867
"C:/Users/pduli/AppData/Local/UnrealEngine/Common/DerivedDataCache/Buckets/LegacyTEXTURE/c2/c2/74d9113372e71a66ae18ed7c35f1dd51da32.udd" 4868
"C:/Users/pduli/AppData/Local/UnrealEngine/Common/DerivedDataCache/Buckets/LegacyTEXTURE/40/06/12a5e9172f235dd0ae648fe57ef0a119b94e.udd" 4869
"C:/Users/pduli/AppData/Local/UnrealEngine/Common/DerivedDataCache/Buckets/LegacyTEXTURE/7c/f1/27a69349b42d5b0f72bf6ce261034c7af016.udd" 4870
"C:/Users/pduli/AppData/Local/UnrealEngine/Common/DerivedDataCache/Buckets/LegacyTEXTURE/32/d3/af675739b0fc9faac28cc0cb7bf78453b25e.udd" 4871
"C:/Users/pduli/AppData/Local/UnrealEngine/Common/DerivedDataCache/Buckets/LegacyTEXTURE/d1/ef/4f07fe105fda925bfd14905bd06280ab6af2.udd" 4872
"C:/Users/pduli/AppData/Local/UnrealEngine/Common/DerivedDataCache/Buckets/LegacyTEXTURE/17/b4/56357c8e58220bfd8ce43bab387810283232.udd" 4873
"C:/Users/pduli/AppData/Local/UnrealEngine/Common/DerivedDataCache/Buckets/LegacyTEXTURE/61/80/5fc65d06519fa6ceeabf0bebaeba98ccea13.udd" 4874
"C:/Users/pduli/AppData/Local/UnrealEngine/Common/DerivedDataCache/Buckets/LegacyTEXTURE/ca/f8/bd5d9636cfabd37c4e23ef1d1b1b0f15015f.udd" 4875
"C:/Users/pduli/AppData/Local/UnrealEngine/Common/DerivedDataCache/Buckets/LegacyTEXTURE/62/77/a0d7c9765b6c3be8920a5eb6985ab7dea010.udd" 4876
"C:/Users/pduli/AppData/Local/UnrealEngine/Common/DerivedDataCache/Buckets/LegacyTEXTURE/a3/ee/7f267bd8258d2f1eb29a772379d507c69830.udd" 4877
"C:/Users/pduli/AppData/Local/UnrealEngine/Common/DerivedDataCache/Buckets/LegacyTEXTURE/57/98/397a9a2d94fc662ff71015e2fd0e5085e4fe.udd" 4878
"C:/Users/pduli/AppData/Local/UnrealEngine/Common/DerivedDataCache/Buckets/LegacyTEXTURE/14/be/f7426335607334addb89f80965e9ecf9c6dd.udd" 4879
"C:/Users/pduli/AppData/Local/UnrealEngine/Common/DerivedDataCache/Buckets/LegacyTEXTURE/3e/a0/d8e14f7d3a93658857a08cc114b2b3547d3d.udd" 4880
"C:/Users/pduli/AppData/Local/UnrealEngine/Common/DerivedDataCache/Buckets/LegacyTEXTURE/4c/fd/94105eb26e7e5807898e40bdead574c94e82.udd" 4881
"C:/Users/pduli/AppData/Local/UnrealEngine/Common/DerivedDataCache/Content/0f/98/7fe48b8df7c16f31f998cafcfb1b5a05a807.udd" 4882
"C:/Users/pduli/AppData/Local/UnrealEngine/Common/DerivedDataCache/Buckets/LegacyTEXTURE/24/43/7bbcd661568d85304f736acc4116a6f4f286.udd" 4883
"C:/Users/pduli/AppData/Local/UnrealEngine/Common/DerivedDataCache/Buckets/LegacyTEXTURE/40/d3/ec1e12b7148794a149716b64022493fb2a9e.udd" 4884
"C:/Users/pduli/AppData/Local/UnrealEngine/Common/DerivedDataCache/Buckets/LegacyTEXTURE/f2/b8/fd0026e483a44533ddbfbc8edbf6feb4a83f.udd" 4885
"C:/Users/pduli/AppData/Local/UnrealEngine/Common/DerivedDataCache/Buckets/LegacyTEXTURE/c3/af/23409c7934cbdd87c9b422a1d58140966d88.udd" 4886
"C:/Users/pduli/AppData/Local/UnrealEngine/Common/DerivedDataCache/Buckets/LegacyTEXTURE/80/6e/adfee43acaa4a6bbf4c1e9c9df864b3612c7.udd" 4887
"C:/Users/pduli/AppData/Local/UnrealEngine/Common/DerivedDataCache/Buckets/LegacyTEXTURE/b9/73/ec88a02c61035dc34e43f337aecd60caa0d2.udd" 4888
"C:/Users/pduli/AppData/Local/UnrealEngine/Common/DerivedDataCache/Buckets/LegacyTEXTURE/1c/16/7b0db76881f4e11a2969c02af86516cf3972.udd" 4889
"C:/Users/pduli/AppData/Local/UnrealEngine/Common/DerivedDataCache/Buckets/LegacyTEXTURE/91/b9/bf0ae441d601f096cdaaaa4ef746cf212a6b.udd" 4890
"C:/Users/pduli/AppData/Local/UnrealEngine/Common/DerivedDataCache/Buckets/LegacyTEXTURE/b3/db/aa248d039be58db04d778008d80846dd719f.udd" 4891
"C:/Users/pduli/AppData/Local/UnrealEngine/Common/DerivedDataCache/Buckets/LegacyTEXTURE/38/59/3b209ce0401db92f2990efff27ef9f86decf.udd" 4892
"C:/Users/pduli/AppData/Local/UnrealEngine/Common/DerivedDataCache/Buckets/LegacyTEXTURE/5f/d6/3aeb3b163abc1505bdc0bcb39a3628276ab1.udd" 4893
"C:/Users/pduli/AppData/Local/UnrealEngine/Common/DerivedDataCache/Buckets/LegacyTEXTURE/28/76/e3d292a7051bf9632e3acb5fa51c1da4a978.udd" 4894
"C:/Users/pduli/AppData/Local/UnrealEngine/Common/DerivedDataCache/Buckets/LegacyTEXTURE/56/69/ca4d65b33d37d5975f6c9169c55ffc9acfea.udd" 4895
"C:/Users/pduli/AppData/Local/UnrealEngine/Common/DerivedDataCache/Buckets/LegacyTEXTURE/bc/29/eb007a9470f69ce15e18a545f2e83e006676.udd" 4896
"C:/Users/pduli/AppData/Local/UnrealEngine/Common/DerivedDataCache/Buckets/LegacyTEXTURE/df/7e/0430900a033c4c39e344bf7a65442ef20b56.udd" 4897
"C:/Users/pduli/AppData/Local/UnrealEngine/Common/DerivedDataCache/Content/ca/f4/18a3f0ab20ed72ffc54703531187ab380c69.udd" 4898
"C:/Users/pduli/AppData/Local/UnrealEngine/Common/DerivedDataCache/Buckets/LegacyTEXTURE/5f/4c/b637ac42f1f32d4326ea5497067f1de41763.udd" 4899
"C:/Users/pduli/AppData/Local/UnrealEngine/Common/DerivedDataCache/Buckets/LegacyTEXTURE/75/6e/f8b45f8635a1350f0647b8a27743b0c4c903.udd" 4900
"C:/Users/pduli/AppData/Local/UnrealEngine/Common/DerivedDataCache/Buckets/LegacyTEXTURE/e6/6b/9c00fe7ec03716ccaa3d809c69cfc48576f9.udd" 4901
"C:/Users/pduli/AppData/Local/UnrealEngine/Common/DerivedDataCache/Buckets/LegacyTEXTURE/92/f9/8077c2437783ec4e2910262ec0ca37174cec.udd" 4902
"C:/Users/pduli/AppData/Local/UnrealEngine/Common/DerivedDataCache/Buckets/LegacyTEXTURE/cf/ca/5cf24a07df6c64bc990e96f99eff1622ec6e.udd" 4903
"C:/Users/pduli/AppData/Local/UnrealEngine/Common/DerivedDataCache/Buckets/LegacyTEXTURE/db/5d/9647ddf3dc1d357667fe1e4979757360013e.udd" 4904
"C:/Users/pduli/AppData/Local/UnrealEngine/Common/DerivedDataCache/Buckets/LegacyTEXTURE/5e/f0/8eb087595d8c016c740424c49cd686852d90.udd" 4905
"C:/Users/pduli/AppData/Local/UnrealEngine/Common/DerivedDataCache/Buckets/LegacyTEXTURE/e5/ca/8614f10763e75ef1f4a1ba00e4f40ffb7b5e.udd" 4906
"C:/Users/pduli/AppData/Local/UnrealEngine/Common/DerivedDataCache/Buckets/LegacyTEXTURE/92/21/b1825410147809b7412dbf3b35e2e6cf6505.udd" 4907
"C:/Users/pduli/AppData/Local/UnrealEngine/Common/DerivedDataCache/Buckets/LegacyTEXTURE/63/39/2bb4b3c8fbb1c29f83bfbc2b6c4b53163346.udd" 4908
"C:/Users/pduli/AppData/Local/UnrealEngine/Common/DerivedDataCache/Buckets/LegacyTEXTURE/13/46/2666625151313ca0927c9b33295d4143f2e6.udd" 4909
"C:/Users/pduli/AppData/Local/UnrealEngine/Common/DerivedDataCache/Buckets/LegacyTEXTURE/16/84/749c30fdd3ac0eac7eac8a20903bd9d4eddd.udd" 4910
"C:/Users/pduli/AppData/Local/UnrealEngine/Common/DerivedDataCache/Buckets/LegacyTEXTURE/d6/e4/cb46dce702426ad3f2cb8e129c407011e1a7.udd" 4911
"C:/Users/pduli/AppData/Local/UnrealEngine/Common/DerivedDataCache/Buckets/LegacyTEXTURE/66/ab/2fa4c92061bd856fb19496bafe85d91d3761.udd" 4912
"C:/Users/pduli/AppData/Local/UnrealEngine/Common/DerivedDataCache/Buckets/LegacyTEXTURE/8f/32/0742cb5a034afe0b99c1e144b2085200a64d.udd" 4913
"C:/Users/pduli/AppData/Local/UnrealEngine/Common/DerivedDataCache/Buckets/LegacyTEXTURE/80/4c/7e5dd78e12f2e4b20e1885af0a7fea9ca9f7.udd" 4914
"C:/Users/pduli/AppData/Local/UnrealEngine/Common/DerivedDataCache/Buckets/LegacyTEXTURE/5a/c0/0044dc9dadc5ee2d58eaf8c413f9c6f429c8.udd" 4915
"C:/Users/pduli/AppData/Local/UnrealEngine/Common/DerivedDataCache/Buckets/LegacyTEXTURE/fc/0d/20e3bc90244f3791b17c4c0ae4d42256569e.udd" 4916
"C:/Users/pduli/AppData/Local/UnrealEngine/Common/DerivedDataCache/Buckets/LegacyTEXTURE/8a/39/df90f8e028f67a4a4d010cb077b8041eb0f5.udd" 4917
"C:/Users/pduli/AppData/Local/UnrealEngine/Common/DerivedDataCache/Buckets/LegacyTEXTURE/12/44/9ebddd2174aa9d107f6aafd6dcc6a5ac0717.udd" 4918
"C:/Users/pduli/AppData/Local/UnrealEngine/Common/DerivedDataCache/Buckets/LegacyTEXTURE/ee/a5/ab08f57e1bd8d987d5a888faf317215d0fb7.udd" 4919
"C:/Users/pduli/AppData/Local/UnrealEngine/Common/DerivedDataCache/Buckets/LegacyTEXTURE/22/e2/d8a2cf90074ba03f09a51ac7b45ea9e8a411.udd" 4920
"C:/Users/pduli/AppData/Local/UnrealEngine/Common/DerivedDataCache/Buckets/LegacyTEXTURE/8a/73/afdc97984156cf6fe94729c49dc5d691e92a.udd" 4921
"C:/Users/pduli/AppData/Local/UnrealEngine/Common/DerivedDataCache/Buckets/LegacyTEXTURE/e2/9a/9a971098ed73cc20584c1aa5bd51a137c29b.udd" 4922
"C:/Users/pduli/AppData/Local/UnrealEngine/Common/DerivedDataCache/Buckets/LegacyTEXTURE/22/21/c3937949ee2609d14f9a5811ff396ed77579.udd" 4923
"C:/Users/pduli/AppData/Local/UnrealEngine/Common/DerivedDataCache/Buckets/LegacyTEXTURE/d3/4c/0a59c540d4f9e2d1df4f9505d21af4926d9c.udd" 4924
"C:/Users/pduli/AppData/Local/UnrealEngine/Common/DerivedDataCache/Buckets/LegacyTEXTURE/1f/5b/ea4a3d64b0be074da4ba2dde563a1238abcd.udd" 4925
"C:/Users/pduli/AppData/Local/UnrealEngine/Common/DerivedDataCache/Buckets/LegacyTEXTURE/db/ee/cad096d0459e2381fca68517ecc0b2c37708.udd" 4926
"C:/Users/pduli/AppData/Local/UnrealEngine/Common/DerivedDataCache/Buckets/LegacyTEXTURE/7d/98/df7a469ac0f7c4b7c57b49482ff4fee72256.udd" 4927
"C:/Users/pduli/AppData/Local/UnrealEngine/Common/DerivedDataCache/Buckets/LegacyTEXTURE/98/9d/f8582f13933701e2ae3bf1fef5eb78834559.udd" 4928
"C:/Users/pduli/AppData/Local/UnrealEngine/Common/DerivedDataCache/Buckets/LegacyTEXTURE/11/d8/8bcc8211a34580f046bc847c6c1448dd07e8.udd" 4929
"C:/Users/pduli/AppData/Local/UnrealEngine/Common/DerivedDataCache/Buckets/LegacyTEXTURE/af/7f/d69a082e5adfd94aa67802a79d409cccd504.udd" 4930
"../../../../../UE Projects/SixMinutesAtChonkers/Content/ThirdPerson/Input/Actions/IA_Jump.uasset" 4931
"../../../../../UE Projects/SixMinutesAtChonkers/Content/ThirdPerson/Input/Actions/IA_Look.uasset" 4932
"../../../../../UE Projects/SixMinutesAtChonkers/Content/ThirdPerson/Input/Actions/IA_Move.uasset" 4933
"../../../../../UE Projects/SixMinutesAtChonkers/Content/StarterContent/Textures/T_Water_N.uasset" 4934
"E:/UE Projects/SixMinutesAtChonkers/Content/StarterContent/Props/Materials/M_Door.uasset" 4935
"E:/UE Projects/SixMinutesAtChonkers/Content/StarterContent/Materials/M_Concrete_Tiles.uasset" 4936
"E:/UE Projects/SixMinutesAtChonkers/Content/StarterContent/Materials/M_Concrete_Poured.uasset" 4937
"E:/UE Projects/SixMinutesAtChonkers/Content/StarterContent/Materials/M_Concrete_Panels.uasset" 4938
"E:/UE Projects/SixMinutesAtChonkers/Content/StarterContent/Materials/M_Concrete_Grime.uasset" 4939
"E:/UE Projects/SixMinutesAtChonkers/Content/StarterContent/Materials/M_CobbleStone_Smooth.uasset" 4940
"E:/UE Projects/SixMinutesAtChonkers/Content/StarterContent/Materials/M_CobbleStone_Rough.uasset" 4941
"../../../../../UE Projects/SixMinutesAtChonkers/Content/StarterContent/Textures/T_Wood_Floor_Walnut_D.uasset" 4942
"../../../../../UE Projects/SixMinutesAtChonkers/Content/StarterContent/Textures/T_Wood_Floor_Walnut_M.uasset" 4943
"../../../../../UE Projects/SixMinutesAtChonkers/Content/StarterContent/Textures/T_Wood_Floor_Walnut_N.uasset" 4944
"E:/UE Projects/SixMinutesAtChonkers/Content/StarterContent/Materials/M_CobbleStone_Pebble.uasset" 4945
"E:/UE Projects/SixMinutesAtChonkers/Content/StarterContent/Materials/M_Tech_Checker_Dot.uasset" 4946
"E:/UE Projects/SixMinutesAtChonkers/Content/StarterContent/Props/Materials/M_Chair.uasset" 4947
"../../../../../UE Projects/SixMinutesAtChonkers/Content/StarterContent/Textures/T_Wood_Walnut_D.uasset" 4948
"../../../../../UE Projects/SixMinutesAtChonkers/Content/StarterContent/Textures/T_Wood_Walnut_N.uasset" 4949
"E:/UE Projects/SixMinutesAtChonkers/Content/StarterContent/Materials/M_Ceramic_Tile_Checker.uasset" 4950
"../../../../../UE Projects/SixMinutesAtChonkers/Content/StarterContent/Textures/T_Wood_Pine_D.uasset" 4951
"../../../../../UE Projects/SixMinutesAtChonkers/Content/StarterContent/Textures/T_Wood_Pine_N.uasset" 4952
"E:/UE Projects/SixMinutesAtChonkers/Content/StarterContent/Props/Materials/M_Bush.uasset" 4953
"../../../../../UE Projects/SixMinutesAtChonkers/Content/StarterContent/Textures/T_Wood_Oak_D.uasset" 4954
"../../../../../UE Projects/SixMinutesAtChonkers/Content/StarterContent/Textures/T_Wood_Oak_N.uasset" 4955
"E:/UE Projects/SixMinutesAtChonkers/Content/StarterContent/Particles/Materials/M_Burst.uasset" 4956
"../../../../../UE Projects/SixMinutesAtChonkers/Content/StarterContent/Textures/T_Tech_Panel_M.uasset" 4957
"../../../../../UE Projects/SixMinutesAtChonkers/Content/StarterContent/Textures/T_Tech_Panel_N.uasset" 4958
"E:/UE Projects/SixMinutesAtChonkers/Content/StarterContent/Materials/M_Brick_Hewn_Stone.uasset" 4959
"E:/UE Projects/SixMinutesAtChonkers/Content/StarterContent/Materials/M_Brick_Cut_Stone.uasset" 4960
"E:/UE Projects/SixMinutesAtChonkers/Content/StarterContent/Materials/M_Brick_Clay_Old.uasset" 4961
"E:/UE Projects/SixMinutesAtChonkers/Content/Rooms/Office/Mats/TransculentBrick_Mat.uasset" 4962
"E:/UE Projects/SixMinutesAtChonkers/Content/StarterContent/Materials/M_Brick_Clay_New.uasset" 4963
"E:/UE Projects/SixMinutesAtChonkers/Content/StarterContent/Materials/M_Brick_Clay_Beveled.uasset" 4964
"E:/UE Projects/SixMinutesAtChonkers/Content/StarterContent/Props/SM_GlassWindow.uasset" 4965
"E:/UE Projects/SixMinutesAtChonkers/Content/StarterContent/Shapes/Shape_WideCapsule.uasset" 4966
"E:/UE Projects/SixMinutesAtChonkers/Content/StarterContent/Shapes/Shape_Wedge_B.uasset" 4967
"E:/UE Projects/SixMinutesAtChonkers/Content/StarterContent/Shapes/Shape_Wedge_A.uasset" 4968
"E:/UE Projects/SixMinutesAtChonkers/Content/StarterContent/Shapes/Shape_Tube.uasset" 4969
"E:/UE Projects/SixMinutesAtChonkers/Content/StarterContent/Shapes/Shape_TriPyramid.uasset" 4970
"E:/UE Projects/SixMinutesAtChonkers/Content/StarterContent/Shapes/Shape_Trim_90_Out.uasset" 4971
"E:/UE Projects/SixMinutesAtChonkers/Content/StarterContent/Shapes/Shape_Trim_90_In.uasset" 4972
"E:/UE Projects/SixMinutesAtChonkers/Content/StarterContent/Shapes/Shape_Trim.uasset" 4973
"E:/UE Projects/SixMinutesAtChonkers/Content/StarterContent/Shapes/Shape_Torus.uasset" 4974
"E:/UE Projects/SixMinutesAtChonkers/Content/StarterContent/Shapes/Shape_Sphere.uasset" 4975
"E:/UE Projects/SixMinutesAtChonkers/Content/StarterContent/Shapes/Shape_QuadPyramid.uasset" 4976
"E:/UE Projects/SixMinutesAtChonkers/Content/StarterContent/Shapes/Shape_Plane.uasset" 4977
"E:/UE Projects/SixMinutesAtChonkers/Content/StarterContent/Shapes/Shape_Pipe_90.uasset" 4978
"E:/UE Projects/SixMinutesAtChonkers/Content/StarterContent/Shapes/Shape_Pipe_180.uasset" 4979
"E:/UE Projects/SixMinutesAtChonkers/Content/StarterContent/Shapes/Shape_Pipe.uasset" 4980
"E:/UE Projects/SixMinutesAtChonkers/Content/StarterContent/Shapes/Shape_NarrowCapsule.uasset" 4981
"E:/UE Projects/SixMinutesAtChonkers/Content/StarterContent/Shapes/Shape_Cylinder.uasset" 4982
"E:/UE Projects/SixMinutesAtChonkers/Content/StarterContent/Shapes/Shape_Cube.uasset" 4983
"E:/UE Projects/SixMinutesAtChonkers/Content/StarterContent/Shapes/Shape_Cone.uasset" 4984
"E:/UE Projects/SixMinutesAtChonkers/Content/StarterContent/Architecture/Wall_Window_400x400.uasset" 4985
"E:/UE Projects/SixMinutesAtChonkers/Content/StarterContent/Architecture/Wall_Window_400x300.uasset" 4986
"E:/UE Projects/SixMinutesAtChonkers/Content/StarterContent/Architecture/Wall_Door_400x400.uasset" 4987
"E:/UE Projects/SixMinutesAtChonkers/Content/StarterContent/Architecture/Wall_Door_400x300.uasset" 4988
"E:/UE Projects/SixMinutesAtChonkers/Content/StarterContent/Architecture/Wall_500x500.uasset" 4989
"E:/UE Projects/SixMinutesAtChonkers/Content/StarterContent/Architecture/Wall_400x400.uasset" 4990
"E:/UE Projects/SixMinutesAtChonkers/Content/StarterContent/Architecture/Wall_400x300.uasset" 4991
"E:/UE Projects/SixMinutesAtChonkers/Content/StarterContent/Architecture/Wall_400x200.uasset" 4992
"E:/UE Projects/SixMinutesAtChonkers/Content/StarterContent/Architecture/Pillar_50x500.uasset" 4993
"E:/UE Projects/SixMinutesAtChonkers/Content/StarterContent/Props/SM_Stairs.uasset" 4994
"../../../../../UE Projects/SixMinutesAtChonkers/Content/StarterContent/Materials/M_Glass.uasset" 4995
"../../../../../UE Projects/SixMinutesAtChonkers/Content/StarterContent/Materials/M_Basic_Wall.uasset" 4996
"E:/UE Projects/SixMinutesAtChonkers/Content/StarterContent/Architecture/Floor_400x400.uasset" 4997
"E:/UE Projects/SixMinutesAtChonkers/Content/StarterContent/Architecture/SM_AssetPlatform.uasset" 4998
"E:/UE Projects/SixMinutesAtChonkers/Content/Security/Inputs/IMC_Camera.uasset" 4999
"E:/UE Projects/SixMinutesAtChonkers/Content/Security/CCTV/CCTV_CAM_1_Mat.uasset" 5000
"E:/UE Projects/SixMinutesAtChonkers/Content/Security/CCTV/BP_CCTV.uasset" 5001
"E:/UE Projects/SixMinutesAtChonkers/Content/Security/A_Camera.uasset" 5002
"E:/UE Projects/SixMinutesAtChonkers/Content/Rooms/Office/None_Mat.uasset" 5003
"E:/UE Projects/SixMinutesAtChonkers/Content/Rooms/Office/OfficeRightv2_REDEYES_Mat.uasset" 5004
"E:/UE Projects/SixMinutesAtChonkers/Content/Rooms/Office/OfficeRightv2_CHONKER_Mat.uasset" 5005
"E:/UE Projects/SixMinutesAtChonkers/Content/Rooms/Office/OfficeRightv2_Mat.uasset" 5006
"E:/UE Projects/SixMinutesAtChonkers/Content/Rooms/Office/Mats/OfficeFront_Mat.uasset" 5007
"E:/UE Projects/SixMinutesAtChonkers/Content/Rooms/Office/Mats/OfficeDoor_Door_Mat.uasset" 5008
"E:/UE Projects/SixMinutesAtChonkers/Content/Rooms/Office/Mats/OfficeDoor_BG_Mat.uasset" 5009
"E:/UE Projects/SixMinutesAtChonkers/Content/Rooms/Office/Mats/OfficeDoorv2_CHONKER_Mat.uasset" 5010
"E:/UE Projects/SixMinutesAtChonkers/Content/Rooms/Office/OfficeDoorv2_Mat.uasset" 5011
"E:/UE Projects/SixMinutesAtChonkers/Content/Rooms/Office/Mats/Monitor_Mat.uasset" 5012
"E:/UE Projects/SixMinutesAtChonkers/Content/Rooms/Office/Mats/Desk_Mat.uasset" 5013
"E:/UE Projects/SixMinutesAtChonkers/Content/Rooms/CAM4/Cam04_FG_Mat.uasset" 5014
"E:/UE Projects/SixMinutesAtChonkers/Content/Rooms/CAM4/Cam04_CHONKER_Mat.uasset" 5015
"E:/UE Projects/SixMinutesAtChonkers/Content/Rooms/CAM4/Cam04_BG_Mat.uasset" 5016
"E:/UE Projects/SixMinutesAtChonkers/Content/Rooms/CAM3/Cam03_FG_Mat.uasset" 5017
"E:/UE Projects/SixMinutesAtChonkers/Content/Rooms/CAM3/Cam03_CHONKER_Mat.uasset" 5018
"E:/UE Projects/SixMinutesAtChonkers/Content/Rooms/CAM3/Cam03_BGv2_Mat.uasset" 5019
"E:/UE Projects/SixMinutesAtChonkers/Content/Rooms/CAM3/Cam03_BG_Mat.uasset" 5020
"E:/UE Projects/SixMinutesAtChonkers/Content/Rooms/CAM2/Cam02_FGv4_Mat.uasset" 5021
"E:/UE Projects/SixMinutesAtChonkers/Content/Rooms/CAM2/Cam02_FGv3V2_Mat.uasset" 5022
"E:/UE Projects/SixMinutesAtChonkers/Content/Rooms/CAM2/Cam02_FGv3V1_Mat.uasset" 5023
"E:/UE Projects/SixMinutesAtChonkers/Content/Rooms/CAM2/Cam02_FGv2_Mat.uasset" 5024
"C:/Users/pduli/AppData/Local/UnrealEngine/Common/DerivedDataCache/Buckets/MaterialShaderMap/c5/58/aaaac7fa0a58672f2eb1688e2af97cfd86ef.udd" 5025
"C:/Users/pduli/AppData/Local/UnrealEngine/Common/DerivedDataCache/Buckets/MaterialShaderMap/b3/4a/1069f7f530a1cdf22e68cf6e66b7c76f33b9.udd" 5026
"E:/UE Projects/SixMinutesAtChonkers/Content/Rooms/CAM2/Cam02_FG_Mat.uasset" 5027
"E:/UE Projects/SixMinutesAtChonkers/Content/Rooms/CAM2/Cam02_CHONKER_Mat.uasset" 5028
"E:/UE Projects/SixMinutesAtChonkers/Content/Rooms/CAM2/Cam02_BG_Mat.uasset" 5029
"../../../../../UE Projects/SixMinutesAtChonkers/Content/StarterContent/Materials/M_Basic_Floor.uasset" 5030
"E:/UE Projects/SixMinutesAtChonkers/Content/Rooms/CAM1/Cam01_FG_Mat.uasset" 5031
"E:/UE Projects/SixMinutesAtChonkers/Content/Rooms/CAM1/Cam01_CHONKER_Mat.uasset" 5032
"../../../../../UE Projects/SixMinutesAtChonkers/Content/StarterContent/Materials/M_AssetPlatform.uasset" 5033
"../../../../../UE Projects/SixMinutesAtChonkers/Content/Security/Inputs/IA_ShowTablet.uasset" 5034
"E:/UE Projects/SixMinutesAtChonkers/Content/Rooms/CAM1/Cam01_BG_Mat.uasset" 5035
"E:/UE Projects/SixMinutesAtChonkers/Content/Rooms/CAM0/Cam0_FG_Mat.uasset" 5036
"../../../../../UE Projects/SixMinutesAtChonkers/Content/Security/CCTV/CCTV_CAM_1.uasset" 5037
"E:/UE Projects/SixMinutesAtChonkers/Content/Rooms/CAM0/Cam0_CHONKER_Mat.uasset" 5038
"E:/UE Projects/SixMinutesAtChonkers/Content/Rooms/CAM0/Cam0_BG_Mat.uasset" 5039
"../../../../../UE Projects/SixMinutesAtChonkers/Content/Security/Assets/RT_Camera.uasset" 5040
"E:/UE Projects/SixMinutesAtChonkers/Content/Rooms/wheel_Mat.uasset" 5041
"../../../../../UE Projects/SixMinutesAtChonkers/Content/Rooms/Office/Mats/None_Mat.uasset" 5042
"E:/UE Projects/SixMinutesAtChonkers/Content/Light/M_Flick.uasset" 5043
"../../../../../UE Projects/SixMinutesAtChonkers/Content/Rooms/Office/Graphics/OfficeRightv2_CHONKER.uasset" 5044
"../../../../../UE Projects/SixMinutesAtChonkers/Content/Rooms/Office/Graphics/OfficeRightv2.uasset" 5045
"E:/UE Projects/SixMinutesAtChonkers/Content/Light/M_FlickFast_Inst_8.uasset" 5046
"../../../../../UE Projects/SixMinutesAtChonkers/Content/Rooms/Office/Graphics/OfficeFront.uasset" 5047
"E:/UE Projects/SixMinutesAtChonkers/Content/Light/M_FlickFast_Inst_7.uasset" 5048
"E:/UE Projects/SixMinutesAtChonkers/Content/Light/M_FlickFast_Inst_6.uasset" 5049
"E:/UE Projects/SixMinutesAtChonkers/Content/LevelPrototyping/Materials/MI_Solid_Blue.uasset" 5050
"E:/UE Projects/SixMinutesAtChonkers/Content/Interface_And_Item_Sounds/Cues/Special_Powerup_10_Cue.uasset" 5051
"../../../../../UE Projects/SixMinutesAtChonkers/Content/Rooms/Office/Graphics/OfficeDoor_BG.uasset" 5052
"C:/Users/pduli/AppData/Local/UnrealEngine/Common/DerivedDataCache/Buckets/MaterialShaderMap/9d/5c/48e01aaa5af80778b06cca8d84b151313224.udd" 5053
"C:/Users/pduli/AppData/Local/UnrealEngine/Common/DerivedDataCache/Buckets/MaterialShaderMap/c4/95/7bc66f81909626bf0cf61178c1c96dc27e5c.udd" 5054
"E:/UE Projects/SixMinutesAtChonkers/Content/Interface_And_Item_Sounds/Cues/Special_Powerup_09_Cue.uasset" 5055
"../../../../../UE Projects/SixMinutesAtChonkers/Content/Rooms/Office/Graphics/OfficeDoorv2_CHONKER.uasset" 5056
"C:/Users/pduli/AppData/Local/UnrealEngine/Common/DerivedDataCache/Buckets/MaterialShaderMap/6f/fd/3339ada647a191aa3eee68ea97ec45abaaab.udd" 5057
"C:/Users/pduli/AppData/Local/UnrealEngine/Common/DerivedDataCache/Buckets/MaterialShaderMap/22/21/4c23ea5c67450ebd1ad98d3c1d59265af577.udd" 5058
"C:/Users/pduli/AppData/Local/UnrealEngine/Common/DerivedDataCache/Buckets/MaterialShaderMap/b5/70/1eb3271362cdbe755830d27a44ac885858b9.udd" 5059
"C:/Users/pduli/AppData/Local/UnrealEngine/Common/DerivedDataCache/Buckets/MaterialShaderMap/0d/22/bca310dfdb34c98ab8147e8940e6c297317b.udd" 5060
"E:/UE Projects/SixMinutesAtChonkers/Content/Interface_And_Item_Sounds/Cues/Special_Powerup_08_Cue.uasset" 5061
"../../../../../UE Projects/SixMinutesAtChonkers/Content/Rooms/Office/Graphics/OfficeDoorv2.uasset" 5062
"E:/UE Projects/SixMinutesAtChonkers/Content/Interface_And_Item_Sounds/Cues/Special_Powerup_07_Cue.uasset" 5063
"C:/Users/pduli/AppData/Local/UnrealEngine/Common/DerivedDataCache/Buckets/MaterialShaderMap/da/62/604d59c7ba1f3379f98cbe10f48bd4b9d56e.udd" 5064
"C:/Users/pduli/AppData/Local/UnrealEngine/Common/DerivedDataCache/Buckets/MaterialShaderMap/63/08/8648fd37686591b8de07f5334831c7cb86cd.udd" 5065
"E:/UE Projects/SixMinutesAtChonkers/Content/Interface_And_Item_Sounds/Cues/Special_Powerup_06_Cue.uasset" 5066
"C:/Users/pduli/AppData/Local/UnrealEngine/Common/DerivedDataCache/Buckets/MaterialShaderMap/12/54/de51d3072634a1f59dafed052c12db6de4f5.udd" 5067
"E:/UE Projects/SixMinutesAtChonkers/Content/Interface_And_Item_Sounds/Cues/Special_Powerup_05_Cue.uasset" 5068
"E:/UE Projects/SixMinutesAtChonkers/Content/Interface_And_Item_Sounds/Cues/Special_Powerup_04_Cue.uasset" 5069
"E:/UE Projects/SixMinutesAtChonkers/Content/Interface_And_Item_Sounds/Cues/Special_Powerup_03_Cue.uasset" 5070
"E:/UE Projects/SixMinutesAtChonkers/Content/Interface_And_Item_Sounds/Cues/Special_Powerup_02_Cue.uasset" 5071
"E:/UE Projects/SixMinutesAtChonkers/Content/Interface_And_Item_Sounds/Cues/Special_Powerup_01_Cue.uasset" 5072
"C:/Users/pduli/AppData/Local/UnrealEngine/Common/DerivedDataCache/Buckets/MaterialShaderMap/60/d6/7337370f410b1704d4f429005b096d8834b4.udd" 5073
"E:/UE Projects/SixMinutesAtChonkers/Content/Interface_And_Item_Sounds/Cues/Special_Musical_05_Cue.uasset" 5074
"E:/UE Projects/SixMinutesAtChonkers/Content/Interface_And_Item_Sounds/Cues/Special_Musical_04_Cue.uasset" 5075
"E:/UE Projects/SixMinutesAtChonkers/Content/Interface_And_Item_Sounds/Cues/Special_Musical_03_Cue.uasset" 5076
"E:/UE Projects/SixMinutesAtChonkers/Content/Interface_And_Item_Sounds/Cues/Special_Musical_02_Cue.uasset" 5077
"E:/UE Projects/SixMinutesAtChonkers/Content/Interface_And_Item_Sounds/Cues/Special_Musical_01_Cue.uasset" 5078
"E:/UE Projects/SixMinutesAtChonkers/Content/Interface_And_Item_Sounds/Cues/Ringtone_01_Cue.uasset" 5079
"E:/UE Projects/SixMinutesAtChonkers/Content/Interface_And_Item_Sounds/Cues/Pop_10_Cue.uasset" 5080
"C:/Users/pduli/AppData/Local/UnrealEngine/Common/DerivedDataCache/Buckets/MaterialShaderMap/d4/33/65e4ca28d9bb84482f8cd21ef168d6596af8.udd" 5081
"C:/Users/pduli/AppData/Local/UnrealEngine/Common/DerivedDataCache/Buckets/MaterialShaderMap/c4/b3/dfff691f4aac6fc60ac883f624092c74c42c.udd" 5082
"E:/UE Projects/SixMinutesAtChonkers/Content/Interface_And_Item_Sounds/Cues/Pop_09_Cue.uasset" 5083
"E:/UE Projects/SixMinutesAtChonkers/Content/Interface_And_Item_Sounds/Cues/Pop_08_Cue.uasset" 5084
"C:/Users/pduli/AppData/Local/UnrealEngine/Common/DerivedDataCache/Buckets/MaterialShaderMap/a3/d6/9fb58a34b44972887a33169556fa9d41dec8.udd" 5085
"C:/Users/pduli/AppData/Local/UnrealEngine/Common/DerivedDataCache/Buckets/MaterialShaderMap/be/0b/91061369d8dfe5c39e488fdff7c27750d560.udd" 5086
"E:/UE Projects/SixMinutesAtChonkers/Content/Interface_And_Item_Sounds/Cues/Pop_07_Cue.uasset" 5087
"E:/UE Projects/SixMinutesAtChonkers/Content/Interface_And_Item_Sounds/Cues/Pop_06_Cue.uasset" 5088
"E:/UE Projects/SixMinutesAtChonkers/Content/Interface_And_Item_Sounds/Cues/Pop_05_Cue.uasset" 5089
"C:/Users/pduli/AppData/Local/UnrealEngine/Common/DerivedDataCache/Buckets/MaterialShaderMap/82/d2/5710dc597ef4d6ed7c5977e1254403ea6823.udd" 5090
"E:/UE Projects/SixMinutesAtChonkers/Content/Interface_And_Item_Sounds/Cues/Pop_04_Cue.uasset" 5091
"C:/Users/pduli/AppData/Local/UnrealEngine/Common/DerivedDataCache/Buckets/MaterialShaderMap/3c/ac/278b3267e07b62ecf04e96a51d149e0889d8.udd" 5092
"E:/UE Projects/SixMinutesAtChonkers/Content/Interface_And_Item_Sounds/Cues/Pop_03_Cue.uasset" 5093
"../../../../../UE Projects/SixMinutesAtChonkers/Content/Light/M_FlickSlow.uasset" 5094
"../../../../../UE Projects/SixMinutesAtChonkers/Content/Light/M_FlickFast.uasset" 5095
"C:/Users/pduli/AppData/Local/UnrealEngine/Common/DerivedDataCache/Buckets/MaterialShaderMap/39/fb/53f1ac1ebdf192aec22c70e73408ee5fc195.udd" 5096
"C:/Users/pduli/AppData/Local/UnrealEngine/Common/DerivedDataCache/Buckets/MaterialShaderMap/72/58/c7c1de1e3891d37411bd3ecaab6b61bba8f3.udd" 5097
"../../../../../UE Projects/SixMinutesAtChonkers/Content/LevelPrototyping/Materials/M_Solid.uasset" 5098
"E:/UE Projects/SixMinutesAtChonkers/Content/Interface_And_Item_Sounds/Cues/Pop_02_Cue.uasset" 5099
"../../../../../UE Projects/SixMinutesAtChonkers/Content/Interface_And_Item_Sounds/WAV/Special_Powerup_10.uasset" 5100
"E:/UE Projects/SixMinutesAtChonkers/Content/Interface_And_Item_Sounds/Cues/Pop_01_Cue.uasset" 5101
"C:/Users/pduli/AppData/Local/UnrealEngine/Common/DerivedDataCache/Buckets/MaterialShaderMap/b1/bf/37b7ffa83c5f10d2858031312c754356f7da.udd" 5102
"C:/Users/pduli/AppData/Local/UnrealEngine/Common/DerivedDataCache/Buckets/MaterialShaderMap/22/60/caddf284609116e7428e5f206afc1e2fdab1.udd" 5103
"E:/UE Projects/SixMinutesAtChonkers/Content/Interface_And_Item_Sounds/Cues/Musical_Click_10_Cue.uasset" 5104
"E:/UE Projects/SixMinutesAtChonkers/Content/Interface_And_Item_Sounds/Cues/Musical_Click_09_Cue.uasset" 5105
"E:/UE Projects/SixMinutesAtChonkers/Content/Interface_And_Item_Sounds/Cues/Musical_Click_08_Cue.uasset" 5106
"E:/UE Projects/SixMinutesAtChonkers/Content/Interface_And_Item_Sounds/Cues/Musical_Click_07_Cue.uasset" 5107
"../../../../../UE Projects/SixMinutesAtChonkers/Content/Interface_And_Item_Sounds/WAV/Special_Powerup_09.uasset" 5108
"E:/UE Projects/SixMinutesAtChonkers/Content/Interface_And_Item_Sounds/Cues/Musical_Click_06_Cue.uasset" 5109
"E:/UE Projects/SixMinutesAtChonkers/Content/Interface_And_Item_Sounds/Cues/Musical_Click_05_Cue.uasset" 5110
"C:/Users/pduli/AppData/Local/UnrealEngine/Common/DerivedDataCache/Buckets/MaterialShaderMap/7b/3e/47cf561542f185a8e558a266bc0bfb0bd6af.udd" 5111
"C:/Users/pduli/AppData/Local/UnrealEngine/Common/DerivedDataCache/Buckets/MaterialShaderMap/cc/1c/326781108cf4bc6f0fc4b460048f3fe6e5ac.udd" 5112
"E:/UE Projects/SixMinutesAtChonkers/Content/Interface_And_Item_Sounds/Cues/Musical_Click_04_Cue.uasset" 5113
"C:/Users/pduli/AppData/Local/UnrealEngine/Common/DerivedDataCache/Buckets/MaterialShaderMap/e1/b5/7a75e8edc42d429d85a5a5af4e77a16d7e67.udd" 5114
"C:/Users/pduli/AppData/Local/UnrealEngine/Common/DerivedDataCache/Buckets/MaterialShaderMap/1e/8c/e512f4e75335168e9b6f4968f4f9eebe9f69.udd" 5115
"C:/Users/pduli/AppData/Local/UnrealEngine/Common/DerivedDataCache/Buckets/MaterialShaderMap/07/85/f1f1a62c73d483ead20eab4c48a0e86a3f6a.udd" 5116
"C:/Users/pduli/AppData/Local/UnrealEngine/Common/DerivedDataCache/Buckets/MaterialShaderMap/48/ce/0808dd02daf0ee8de6002e76ec44353e76fd.udd" 5117
"C:/Users/pduli/AppData/Local/UnrealEngine/Common/DerivedDataCache/Buckets/MaterialShaderMap/b7/73/b233d449ba994e6195241c4776f5025ef4da.udd" 5118
"C:/Users/pduli/AppData/Local/UnrealEngine/Common/DerivedDataCache/Buckets/MaterialShaderMap/29/58/93502a1194b40974500681df1077f0a9da71.udd" 5119
"C:/Users/pduli/AppData/Local/UnrealEngine/Common/DerivedDataCache/Buckets/MaterialShaderMap/9f/dd/f648831b6376ee62629290b2e020ce8e67a8.udd" 5120
"C:/Users/pduli/AppData/Local/UnrealEngine/Common/DerivedDataCache/Buckets/MaterialShaderMap/21/a3/2ea0922567c626c048c9ce88f02e8cb2581b.udd" 5121
"C:/Users/pduli/AppData/Local/UnrealEngine/Common/DerivedDataCache/Buckets/MaterialShaderMap/a9/ea/705e903790a8279c42b597fb2626766f9fdc.udd" 5122
"C:/Users/pduli/AppData/Local/UnrealEngine/Common/DerivedDataCache/Buckets/MaterialShaderMap/ca/c1/99db11233de8c3972182e5d54f4c44d9bcfb.udd" 5123
"C:/Users/pduli/AppData/Local/UnrealEngine/Common/DerivedDataCache/Buckets/MaterialShaderMap/5e/cd/b32db8d13b9cfe237361049a8e6fbf3ce507.udd" 5124
"C:/Users/pduli/AppData/Local/UnrealEngine/Common/DerivedDataCache/Buckets/MaterialShaderMap/df/85/1ce72ef42e95b2004ca08bd948d2a170c765.udd" 5125
"C:/Users/pduli/AppData/Local/UnrealEngine/Common/DerivedDataCache/Buckets/MaterialShaderMap/f4/55/53f53ab43565a28cd05e62989693f374927f.udd" 5126
"C:/Users/pduli/AppData/Local/UnrealEngine/Common/DerivedDataCache/Buckets/MaterialShaderMap/48/39/fed900a6b37ad92fd9bbf42b8e9188838e4a.udd" 5127
"C:/Users/pduli/AppData/Local/UnrealEngine/Common/DerivedDataCache/Buckets/MaterialShaderMap/64/74/3143a4fc3613e70c1780adb79bb03884e538.udd" 5128
"C:/Users/pduli/AppData/Local/UnrealEngine/Common/DerivedDataCache/Buckets/MaterialShaderMap/25/f3/2ddddeed26bb8904efc8b7bef406b482151e.udd" 5129
"C:/Users/pduli/AppData/Local/UnrealEngine/Common/DerivedDataCache/Buckets/MaterialShaderMap/8a/fb/011abb7a47a341c86fcd9402f8967a7c1878.udd" 5130
"C:/Users/pduli/AppData/Local/UnrealEngine/Common/DerivedDataCache/Buckets/MaterialShaderMap/6e/9c/086439fb744ae2f69621802fccdcb33d5f83.udd" 5131
"C:/Users/pduli/AppData/Local/UnrealEngine/Common/DerivedDataCache/Buckets/MaterialShaderMap/06/05/570d473d9927ad7d4405c2c8fbf7e29a668f.udd" 5132
"C:/Users/pduli/AppData/Local/UnrealEngine/Common/DerivedDataCache/Buckets/MaterialShaderMap/b6/38/ba6616b6d07a91c4b29136c061f58f575c95.udd" 5133
"C:/Users/pduli/AppData/Local/UnrealEngine/Common/DerivedDataCache/Buckets/MaterialShaderMap/49/3b/29ee7b896c06ef43fdf8c32a3058a06443fe.udd" 5134
"C:/Users/pduli/AppData/Local/UnrealEngine/Common/DerivedDataCache/Buckets/MaterialShaderMap/3e/ee/6ec68826da09ff845e02f4eed3ca69ee89f6.udd" 5135
"C:/Users/pduli/AppData/Local/UnrealEngine/Common/DerivedDataCache/Buckets/MaterialShaderMap/aa/45/337ac8c159eb81a432d283572406099ae5b9.udd" 5136
"C:/Users/pduli/AppData/Local/UnrealEngine/Common/DerivedDataCache/Buckets/MaterialShaderMap/f6/01/a833cdeee6e13232b3eacc7ec79707127c57.udd" 5137
"C:/Users/pduli/AppData/Local/UnrealEngine/Common/DerivedDataCache/Buckets/MaterialShaderMap/8f/46/455d59d700afb4a97a7e7da14769d906b14e.udd" 5138
"C:/Users/pduli/AppData/Local/UnrealEngine/Common/DerivedDataCache/Buckets/MaterialShaderMap/da/10/312c5e1e44cba825034c21b5195863a6c1aa.udd" 5139
"C:/Users/pduli/AppData/Local/UnrealEngine/Common/DerivedDataCache/Buckets/MaterialShaderMap/e8/39/98164e425040363296dc10f104164dee4509.udd" 5140
"C:/Users/pduli/AppData/Local/UnrealEngine/Common/DerivedDataCache/Buckets/MaterialShaderMap/a9/4f/1bef7e316043d7c443ddc61a92a3a2eb7325.udd" 5141
"C:/Users/pduli/AppData/Local/UnrealEngine/Common/DerivedDataCache/Buckets/MaterialShaderMap/ff/07/e2e5c978de171e21dfa70d802dc72f9520be.udd" 5142
"C:/Users/pduli/AppData/Local/UnrealEngine/Common/DerivedDataCache/Buckets/MaterialShaderMap/66/0d/bb9b1db92f9d2d431602c8946865bd3db789.udd" 5143
"C:/Users/pduli/AppData/Local/UnrealEngine/Common/DerivedDataCache/Buckets/MaterialShaderMap/2f/71/2e3c39927e6ad284386a79551506b09cad63.udd" 5144
"C:/Users/pduli/AppData/Local/UnrealEngine/Common/DerivedDataCache/Buckets/MaterialShaderMap/c6/88/295d1f9dbb7207f68179461b6aac35b53f60.udd" 5145
"C:/Users/pduli/AppData/Local/UnrealEngine/Common/DerivedDataCache/Buckets/MaterialShaderMap/4c/63/470b8f17c4eb6d54e1102f270899efc079d1.udd" 5146
"C:/Users/pduli/AppData/Local/UnrealEngine/Common/DerivedDataCache/Buckets/MaterialShaderMap/18/f2/1acef79bb3aed5ad2ab8f0f0f80181d6bb7e.udd" 5147
"C:/Users/pduli/AppData/Local/UnrealEngine/Common/DerivedDataCache/Buckets/MaterialShaderMap/fc/23/f2d5117b861fa935c03e0e5196d2934e8f77.udd" 5148
"C:/Users/pduli/AppData/Local/UnrealEngine/Common/DerivedDataCache/Buckets/MaterialShaderMap/3b/6a/65f525b5c3e15e5918745bf73346ae2b6ed4.udd" 5149
"C:/Users/pduli/AppData/Local/UnrealEngine/Common/DerivedDataCache/Buckets/MaterialShaderMap/a4/0c/16cbb97207a95f797ca5d64d3333b2d1a1d3.udd" 5150
"C:/Users/pduli/AppData/Local/UnrealEngine/Common/DerivedDataCache/Buckets/MaterialShaderMap/ea/88/956789a1c275a15f5a0acea049eb881b5889.udd" 5151
"E:/UE Projects/SixMinutesAtChonkers/Content/Interface_And_Item_Sounds/Cues/Musical_Click_03_Cue.uasset" 5152
"../../../../../UE Projects/SixMinutesAtChonkers/Content/Interface_And_Item_Sounds/WAV/Special_Powerup_08.uasset" 5153
"E:/UE Projects/SixMinutesAtChonkers/Content/Interface_And_Item_Sounds/Cues/Musical_Click_02_Cue.uasset" 5154
"../../../../../UE Projects/SixMinutesAtChonkers/Content/Interface_And_Item_Sounds/WAV/Special_Powerup_07.uasset" 5155
"E:/UE Projects/SixMinutesAtChonkers/Content/Interface_And_Item_Sounds/Cues/Musical_Click_01_Cue.uasset" 5156
"../../../../../UE Projects/SixMinutesAtChonkers/Content/Interface_And_Item_Sounds/WAV/Special_Powerup_06.uasset" 5157
"E:/UE Projects/SixMinutesAtChonkers/Content/Interface_And_Item_Sounds/Cues/Item_Sell_Purchase_05_Cue.uasset" 5158
"../../../../../UE Projects/SixMinutesAtChonkers/Content/Interface_And_Item_Sounds/WAV/Special_Powerup_05.uasset" 5159
"E:/UE Projects/SixMinutesAtChonkers/Content/Interface_And_Item_Sounds/Cues/Item_Sell_Purchase_04_Cue.uasset" 5160
"../../../../../UE Projects/SixMinutesAtChonkers/Content/Interface_And_Item_Sounds/WAV/Special_Powerup_04.uasset" 5161
"E:/UE Projects/SixMinutesAtChonkers/Content/Interface_And_Item_Sounds/Cues/Item_Sell_Purchase_03_Cue.uasset" 5162
"../../../../../UE Projects/SixMinutesAtChonkers/Content/Interface_And_Item_Sounds/WAV/Special_Powerup_03.uasset" 5163
"../../../../../UE Projects/SixMinutesAtChonkers/Content/Interface_And_Item_Sounds/WAV/Special_Powerup_02.uasset" 5164
"../../../../../UE Projects/SixMinutesAtChonkers/Content/Interface_And_Item_Sounds/WAV/Special_Powerup_01.uasset" 5165
"E:/UE Projects/SixMinutesAtChonkers/Content/Interface_And_Item_Sounds/Cues/Item_Sell_Purchase_02_Cue.uasset" 5166
"E:/UE Projects/SixMinutesAtChonkers/Content/Interface_And_Item_Sounds/Cues/Item_Sell_Purchase_01_Cue.uasset" 5167
"../../../../../UE Projects/SixMinutesAtChonkers/Content/Interface_And_Item_Sounds/WAV/Special_Musical_05.uasset" 5168
"E:/UE Projects/SixMinutesAtChonkers/Content/Interface_And_Item_Sounds/Cues/Gong_03_Cue.uasset" 5169
"E:/UE Projects/SixMinutesAtChonkers/Content/Interface_And_Item_Sounds/Cues/Gong_02_Cue.uasset" 5170
"../../../../../UE Projects/SixMinutesAtChonkers/Content/Interface_And_Item_Sounds/WAV/Special_Musical_04.uasset" 5171
"E:/UE Projects/SixMinutesAtChonkers/Content/Interface_And_Item_Sounds/Cues/Gong_01_Cue.uasset" 5172
"../../../../../UE Projects/SixMinutesAtChonkers/Content/Interface_And_Item_Sounds/WAV/Special_Musical_03.uasset" 5173
"E:/UE Projects/SixMinutesAtChonkers/Content/Interface_And_Item_Sounds/Cues/Futuristic_Click_11_Cue.uasset" 5174
"../../../../../UE Projects/SixMinutesAtChonkers/Content/Interface_And_Item_Sounds/WAV/Special_Musical_02.uasset" 5175
"E:/UE Projects/SixMinutesAtChonkers/Content/Interface_And_Item_Sounds/Cues/Futuristic_Click_10_Cue.uasset" 5176
"../../../../../UE Projects/SixMinutesAtChonkers/Content/Interface_And_Item_Sounds/WAV/Special_Musical_01.uasset" 5177
"E:/UE Projects/SixMinutesAtChonkers/Content/Interface_And_Item_Sounds/Cues/Futuristic_Click_09_Cue.uasset" 5178
"../../../../../UE Projects/SixMinutesAtChonkers/Content/Interface_And_Item_Sounds/WAV/Ringtone_01.uasset" 5179
"../../../../../UE Projects/SixMinutesAtChonkers/Content/Interface_And_Item_Sounds/WAV/Pop_10.uasset" 5180
"E:/UE Projects/SixMinutesAtChonkers/Content/Interface_And_Item_Sounds/Cues/Futuristic_Click_08_Cue.uasset" 5181
"E:/UE Projects/SixMinutesAtChonkers/Content/Interface_And_Item_Sounds/Cues/Futuristic_Click_07_Cue.uasset" 5182
"../../../../../UE Projects/SixMinutesAtChonkers/Content/Interface_And_Item_Sounds/WAV/Pop_09.uasset" 5183
"E:/UE Projects/SixMinutesAtChonkers/Content/Interface_And_Item_Sounds/Cues/Futuristic_Click_06_Cue.uasset" 5184
"../../../../../UE Projects/SixMinutesAtChonkers/Content/Interface_And_Item_Sounds/WAV/Pop_08.uasset" 5185
"E:/UE Projects/SixMinutesAtChonkers/Content/Interface_And_Item_Sounds/Cues/Futuristic_Click_05_Cue.uasset" 5186
"../../../../../UE Projects/SixMinutesAtChonkers/Content/Interface_And_Item_Sounds/WAV/Pop_07.uasset" 5187
"../../../../../UE Projects/SixMinutesAtChonkers/Content/Interface_And_Item_Sounds/WAV/Pop_06.uasset" 5188
"E:/UE Projects/SixMinutesAtChonkers/Content/Interface_And_Item_Sounds/Cues/Futuristic_Click_04_Cue.uasset" 5189
"../../../../../UE Projects/SixMinutesAtChonkers/Content/Interface_And_Item_Sounds/WAV/Pop_05.uasset" 5190
"E:/UE Projects/SixMinutesAtChonkers/Content/Interface_And_Item_Sounds/Cues/Futuristic_Click_03_Cue.uasset" 5191
"E:/UE Projects/SixMinutesAtChonkers/Content/Interface_And_Item_Sounds/Cues/Futuristic_Click_02_Cue.uasset" 5192
"../../../../../UE Projects/SixMinutesAtChonkers/Content/Interface_And_Item_Sounds/WAV/Pop_04.uasset" 5193
"E:/UE Projects/SixMinutesAtChonkers/Content/Interface_And_Item_Sounds/Cues/Futuristic_Click_01_Cue.uasset" 5194
"../../../../../UE Projects/SixMinutesAtChonkers/Content/Interface_And_Item_Sounds/WAV/Pop_03.uasset" 5195
"E:/UE Projects/SixMinutesAtChonkers/Content/Interface_And_Item_Sounds/Cues/Futuristic_Alarm_01_Cue.uasset" 5196
"../../../../../UE Projects/SixMinutesAtChonkers/Content/Interface_And_Item_Sounds/WAV/Pop_02.uasset" 5197
"../../../../../UE Projects/SixMinutesAtChonkers/Content/Interface_And_Item_Sounds/WAV/Pop_01.uasset" 5198
"E:/UE Projects/SixMinutesAtChonkers/Content/Interface_And_Item_Sounds/Cues/Flick_Switch_05_Cue.uasset" 5199
"../../../../../UE Projects/SixMinutesAtChonkers/Content/Interface_And_Item_Sounds/WAV/Musical_Click_10.uasset" 5200
"E:/UE Projects/SixMinutesAtChonkers/Content/Interface_And_Item_Sounds/Cues/Flick_Switch_04_Cue.uasset" 5201
"../../../../../UE Projects/SixMinutesAtChonkers/Content/Interface_And_Item_Sounds/WAV/Musical_Click_09.uasset" 5202
"../../../../../UE Projects/SixMinutesAtChonkers/Content/Interface_And_Item_Sounds/WAV/Musical_Click_08.uasset" 5203
"E:/UE Projects/SixMinutesAtChonkers/Content/Interface_And_Item_Sounds/Cues/Flick_Switch_03_Cue.uasset" 5204
"../../../../../UE Projects/SixMinutesAtChonkers/Content/Interface_And_Item_Sounds/WAV/Musical_Click_07.uasset" 5205
"../../../../../UE Projects/SixMinutesAtChonkers/Content/Interface_And_Item_Sounds/WAV/Musical_Click_06.uasset" 5206
"E:/UE Projects/SixMinutesAtChonkers/Content/Interface_And_Item_Sounds/Cues/Flick_Switch_02_Cue.uasset" 5207
"E:/UE Projects/SixMinutesAtChonkers/Content/Interface_And_Item_Sounds/Cues/Flick_Switch_01_Cue.uasset" 5208
"../../../../../UE Projects/SixMinutesAtChonkers/Content/Interface_And_Item_Sounds/WAV/Musical_Click_05.uasset" 5209
"E:/UE Projects/SixMinutesAtChonkers/Content/Interface_And_Item_Sounds/Cues/Error_Buzz_05_Cue.uasset" 5210
"../../../../../UE Projects/SixMinutesAtChonkers/Content/Interface_And_Item_Sounds/WAV/Musical_Click_04.uasset" 5211
"E:/UE Projects/SixMinutesAtChonkers/Content/Interface_And_Item_Sounds/Cues/Error_Buzz_04_Cue.uasset" 5212
"../../../../../UE Projects/SixMinutesAtChonkers/Content/Interface_And_Item_Sounds/WAV/Musical_Click_03.uasset" 5213
"E:/UE Projects/SixMinutesAtChonkers/Content/Interface_And_Item_Sounds/Cues/Error_Buzz_03_Cue.uasset" 5214
"E:/UE Projects/SixMinutesAtChonkers/Content/Interface_And_Item_Sounds/Cues/Error_Buzz_02_Cue.uasset" 5215
"../../../../../UE Projects/SixMinutesAtChonkers/Content/Interface_And_Item_Sounds/WAV/Musical_Click_02.uasset" 5216
"E:/UE Projects/SixMinutesAtChonkers/Content/Interface_And_Item_Sounds/Cues/Error_Buzz_01_Cue.uasset" 5217
"../../../../../UE Projects/SixMinutesAtChonkers/Content/Interface_And_Item_Sounds/WAV/Musical_Click_01.uasset" 5218
"E:/UE Projects/SixMinutesAtChonkers/Content/Interface_And_Item_Sounds/Cues/Discordant_GameOver_Musical_Short_Cue.uasset" 5219
"E:/UE Projects/SixMinutesAtChonkers/Content/Interface_And_Item_Sounds/Cues/Discordant_GameOver_Musical_Long_Cue.uasset" 5220
"../../../../../UE Projects/SixMinutesAtChonkers/Content/Interface_And_Item_Sounds/WAV/Item_Sell_Purchase_05.uasset" 5221
"E:/UE Projects/SixMinutesAtChonkers/Content/Interface_And_Item_Sounds/Cues/Coins_15_Cue.uasset" 5222
"../../../../../UE Projects/SixMinutesAtChonkers/Content/Interface_And_Item_Sounds/WAV/Item_Sell_Purchase_04.uasset" 5223
"E:/UE Projects/SixMinutesAtChonkers/Content/Interface_And_Item_Sounds/Cues/Coins_14_Cue.uasset" 5224
"../../../../../UE Projects/SixMinutesAtChonkers/Content/Interface_And_Item_Sounds/WAV/Item_Sell_Purchase_03.uasset" 5225
"E:/UE Projects/SixMinutesAtChonkers/Content/Interface_And_Item_Sounds/Cues/Coins_13_Cue.uasset" 5226
"../../../../../UE Projects/SixMinutesAtChonkers/Content/Interface_And_Item_Sounds/WAV/Item_Sell_Purchase_02.uasset" 5227
"E:/UE Projects/SixMinutesAtChonkers/Content/Interface_And_Item_Sounds/Cues/Coins_12_Cue.uasset" 5228
"../../../../../UE Projects/SixMinutesAtChonkers/Content/Interface_And_Item_Sounds/WAV/Item_Sell_Purchase_01.uasset" 5229
"E:/UE Projects/SixMinutesAtChonkers/Content/Interface_And_Item_Sounds/Cues/Coins_11_Cue.uasset" 5230
"../../../../../UE Projects/SixMinutesAtChonkers/Content/Interface_And_Item_Sounds/WAV/Gong_03.uasset" 5231
"E:/UE Projects/SixMinutesAtChonkers/Content/Interface_And_Item_Sounds/Cues/Coins_10_Cue.uasset" 5232
"../../../../../UE Projects/SixMinutesAtChonkers/Content/Interface_And_Item_Sounds/WAV/Gong_02.uasset" 5233
"E:/UE Projects/SixMinutesAtChonkers/Content/Interface_And_Item_Sounds/Cues/Coins_09_Cue.uasset" 5234
"../../../../../UE Projects/SixMinutesAtChonkers/Content/Interface_And_Item_Sounds/WAV/Futuristic_Click_11.uasset" 5235
"E:/UE Projects/SixMinutesAtChonkers/Content/Interface_And_Item_Sounds/Cues/Coins_08_Cue.uasset" 5236
"E:/UE Projects/SixMinutesAtChonkers/Content/Interface_And_Item_Sounds/Cues/Coins_07_Cue.uasset" 5237
"../../../../../UE Projects/SixMinutesAtChonkers/Content/Interface_And_Item_Sounds/WAV/Futuristic_Click_10.uasset" 5238
"E:/UE Projects/SixMinutesAtChonkers/Content/Interface_And_Item_Sounds/Cues/Coins_06_Cue.uasset" 5239
"../../../../../UE Projects/SixMinutesAtChonkers/Content/Interface_And_Item_Sounds/WAV/Futuristic_Click_09.uasset" 5240
"E:/UE Projects/SixMinutesAtChonkers/Content/Interface_And_Item_Sounds/Cues/Coins_05_Cue.uasset" 5241
"../../../../../UE Projects/SixMinutesAtChonkers/Content/Interface_And_Item_Sounds/WAV/Futuristic_Click_08.uasset" 5242
"../../../../../UE Projects/SixMinutesAtChonkers/Content/Interface_And_Item_Sounds/WAV/Futuristic_Click_07.uasset" 5243
"../../../../../UE Projects/SixMinutesAtChonkers/Content/Interface_And_Item_Sounds/WAV/Futuristic_Click_06.uasset" 5244
"E:/UE Projects/SixMinutesAtChonkers/Content/Interface_And_Item_Sounds/Cues/Coins_04_Cue.uasset" 5245
"E:/UE Projects/SixMinutesAtChonkers/Content/Interface_And_Item_Sounds/Cues/Coins_03_Cue.uasset" 5246
"E:/UE Projects/SixMinutesAtChonkers/Content/Interface_And_Item_Sounds/Cues/Coins_02_Cue.uasset" 5247
"../../../../../UE Projects/SixMinutesAtChonkers/Content/Interface_And_Item_Sounds/WAV/Futuristic_Click_05.uasset" 5248
"E:/UE Projects/SixMinutesAtChonkers/Content/Interface_And_Item_Sounds/Cues/Coins_01_Cue.uasset" 5249
"../../../../../UE Projects/SixMinutesAtChonkers/Content/Interface_And_Item_Sounds/WAV/Futuristic_Click_04.uasset" 5250
"E:/UE Projects/SixMinutesAtChonkers/Content/Interface_And_Item_Sounds/Cues/Click_11_Cue.uasset" 5251
"../../../../../UE Projects/SixMinutesAtChonkers/Content/Interface_And_Item_Sounds/WAV/Futuristic_Click_03.uasset" 5252
"E:/UE Projects/SixMinutesAtChonkers/Content/Interface_And_Item_Sounds/Cues/Click_10_Cue.uasset" 5253
"../../../../../UE Projects/SixMinutesAtChonkers/Content/Interface_And_Item_Sounds/WAV/Futuristic_Click_02.uasset" 5254
"E:/UE Projects/SixMinutesAtChonkers/Content/Interface_And_Item_Sounds/Cues/Click_09_Cue.uasset" 5255
"../../../../../UE Projects/SixMinutesAtChonkers/Content/Interface_And_Item_Sounds/WAV/Futuristic_Click_01.uasset" 5256
"E:/UE Projects/SixMinutesAtChonkers/Content/Interface_And_Item_Sounds/Cues/Click_08_Cue.uasset" 5257
"../../../../../UE Projects/SixMinutesAtChonkers/Content/Interface_And_Item_Sounds/WAV/Futuristic_Alarm_01.uasset" 5258
"E:/UE Projects/SixMinutesAtChonkers/Content/Interface_And_Item_Sounds/Cues/Click_07_Cue.uasset" 5259
"../../../../../UE Projects/SixMinutesAtChonkers/Content/Interface_And_Item_Sounds/WAV/Flick_Switch_05.uasset" 5260
"E:/UE Projects/SixMinutesAtChonkers/Content/Interface_And_Item_Sounds/Cues/Click_06_Cue.uasset" 5261
"../../../../../UE Projects/SixMinutesAtChonkers/Content/Interface_And_Item_Sounds/WAV/Flick_Switch_04.uasset" 5262
"E:/UE Projects/SixMinutesAtChonkers/Content/Interface_And_Item_Sounds/Cues/Click_05_Cue.uasset" 5263
"../../../../../UE Projects/SixMinutesAtChonkers/Content/Interface_And_Item_Sounds/WAV/Flick_Switch_02.uasset" 5264
"E:/UE Projects/SixMinutesAtChonkers/Content/Interface_And_Item_Sounds/Cues/Click_04_Cue.uasset" 5265
"../../../../../UE Projects/SixMinutesAtChonkers/Content/Interface_And_Item_Sounds/WAV/Flick_Switch_01.uasset" 5266
"../../../../../UE Projects/SixMinutesAtChonkers/Content/Interface_And_Item_Sounds/WAV/Error_Buzz_05.uasset" 5267
"E:/UE Projects/SixMinutesAtChonkers/Content/Interface_And_Item_Sounds/Cues/Click_03_Cue.uasset" 5268
"../../../../../UE Projects/SixMinutesAtChonkers/Content/Interface_And_Item_Sounds/WAV/Error_Buzz_04.uasset" 5269
"E:/UE Projects/SixMinutesAtChonkers/Content/Interface_And_Item_Sounds/Cues/Click_02_Cue.uasset" 5270
"E:/UE Projects/SixMinutesAtChonkers/Content/Interface_And_Item_Sounds/Cues/Click_01_Cue.uasset" 5271
"../../../../../UE Projects/SixMinutesAtChonkers/Content/Interface_And_Item_Sounds/WAV/Error_Buzz_03.uasset" 5272
"E:/UE Projects/SixMinutesAtChonkers/Content/Interface_And_Item_Sounds/Cues/Cartoon_Falling_05_Cue.uasset" 5273
"E:/UE Projects/SixMinutesAtChonkers/Content/Interface_And_Item_Sounds/Cues/Cartoon_Falling_04_Cue.uasset" 5274
"../../../../../UE Projects/SixMinutesAtChonkers/Content/Interface_And_Item_Sounds/WAV/Error_Buzz_02.uasset" 5275
"E:/UE Projects/SixMinutesAtChonkers/Content/Interface_And_Item_Sounds/Cues/Cartoon_Falling_03_Cue.uasset" 5276
"../../../../../UE Projects/SixMinutesAtChonkers/Content/Interface_And_Item_Sounds/WAV/Error_Buzz_01.uasset" 5277
"E:/UE Projects/SixMinutesAtChonkers/Content/Interface_And_Item_Sounds/Cues/Cartoon_Falling_02_Cue.uasset" 5278
"../../../../../UE Projects/SixMinutesAtChonkers/Content/Interface_And_Item_Sounds/WAV/Discordant_GameOver_Musical_Short.uasset" 5279
"E:/UE Projects/SixMinutesAtChonkers/Content/Interface_And_Item_Sounds/Cues/Cartoon_Falling_01_Cue.uasset" 5280
"../../../../../UE Projects/SixMinutesAtChonkers/Content/Interface_And_Item_Sounds/WAV/Discordant_GameOver_Musical_Long.uasset" 5281
"E:/UE Projects/SixMinutesAtChonkers/Content/Interface_And_Item_Sounds/Cues/Bar_Filling_02_Cue.uasset" 5282
"../../../../../UE Projects/SixMinutesAtChonkers/Content/Interface_And_Item_Sounds/WAV/Coins_15.uasset" 5283
"E:/UE Projects/SixMinutesAtChonkers/Content/Interface_And_Item_Sounds/Cues/Bar_Filling_01_Cue.uasset" 5284
"../../../../../UE Projects/SixMinutesAtChonkers/Content/Interface_And_Item_Sounds/WAV/Coins_14.uasset" 5285
"E:/UE Projects/SixMinutesAtChonkers/Content/Interface_And_Item_Sounds/Cues/Back_Click_11_Cue.uasset" 5286
"../../../../../UE Projects/SixMinutesAtChonkers/Content/Interface_And_Item_Sounds/WAV/Coins_13.uasset" 5287
"E:/UE Projects/SixMinutesAtChonkers/Content/Interface_And_Item_Sounds/Cues/Back_Click_10_Cue.uasset" 5288
"../../../../../UE Projects/SixMinutesAtChonkers/Content/Interface_And_Item_Sounds/WAV/Coins_12.uasset" 5289
"../../../../../UE Projects/SixMinutesAtChonkers/Content/Interface_And_Item_Sounds/WAV/Coins_11.uasset" 5290
"E:/UE Projects/SixMinutesAtChonkers/Content/Interface_And_Item_Sounds/Cues/Back_Click_09_Cue.uasset" 5291
"../../../../../UE Projects/SixMinutesAtChonkers/Content/Interface_And_Item_Sounds/WAV/Coins_10.uasset" 5292
"E:/UE Projects/SixMinutesAtChonkers/Content/Interface_And_Item_Sounds/Cues/Back_Click_08_Cue.uasset" 5293
"../../../../../UE Projects/SixMinutesAtChonkers/Content/Interface_And_Item_Sounds/WAV/Coins_09.uasset" 5294
"E:/UE Projects/SixMinutesAtChonkers/Content/Interface_And_Item_Sounds/Cues/Back_Click_07_Cue.uasset" 5295
"../../../../../UE Projects/SixMinutesAtChonkers/Content/Interface_And_Item_Sounds/WAV/Coins_08.uasset" 5296
"E:/UE Projects/SixMinutesAtChonkers/Content/Interface_And_Item_Sounds/Cues/Back_Click_06_Cue.uasset" 5297
"E:/UE Projects/SixMinutesAtChonkers/Content/Interface_And_Item_Sounds/Cues/Back_Click_05_Cue.uasset" 5298
"../../../../../UE Projects/SixMinutesAtChonkers/Content/Interface_And_Item_Sounds/WAV/Coins_07.uasset" 5299
"E:/UE Projects/SixMinutesAtChonkers/Content/Interface_And_Item_Sounds/Cues/Back_Click_04_Cue.uasset" 5300
"../../../../../UE Projects/SixMinutesAtChonkers/Content/Interface_And_Item_Sounds/WAV/Coins_06.uasset" 5301
"E:/UE Projects/SixMinutesAtChonkers/Content/Interface_And_Item_Sounds/Cues/Back_Click_03_Cue.uasset" 5302
"../../../../../UE Projects/SixMinutesAtChonkers/Content/Interface_And_Item_Sounds/WAV/Coins_05.uasset" 5303
"E:/UE Projects/SixMinutesAtChonkers/Content/Interface_And_Item_Sounds/Cues/Back_Click_02_Cue.uasset" 5304
"../../../../../UE Projects/SixMinutesAtChonkers/Content/Interface_And_Item_Sounds/WAV/Coins_04.uasset" 5305
"E:/UE Projects/SixMinutesAtChonkers/Content/Interface_And_Item_Sounds/Cues/Back_Click_01_Cue.uasset" 5306
"../../../../../UE Projects/SixMinutesAtChonkers/Content/Interface_And_Item_Sounds/WAV/Coins_03.uasset" 5307
"E:/UE Projects/SixMinutesAtChonkers/Content/Interface_And_Item_Sounds/Cues/Abstract_Pop_05_Cue.uasset" 5308
"../../../../../UE Projects/SixMinutesAtChonkers/Content/Interface_And_Item_Sounds/WAV/Coins_02.uasset" 5309
"E:/UE Projects/SixMinutesAtChonkers/Content/Interface_And_Item_Sounds/Cues/Abstract_Pop_04_Cue.uasset" 5310
"../../../../../UE Projects/SixMinutesAtChonkers/Content/Interface_And_Item_Sounds/WAV/Coins_01.uasset" 5311
"E:/UE Projects/SixMinutesAtChonkers/Content/Interface_And_Item_Sounds/Cues/Abstract_Pop_03_Cue.uasset" 5312
"../../../../../UE Projects/SixMinutesAtChonkers/Content/Interface_And_Item_Sounds/WAV/Click_11.uasset" 5313
"E:/UE Projects/SixMinutesAtChonkers/Content/Interface_And_Item_Sounds/Cues/Abstract_Pop_02_Cue.uasset" 5314
"../../../../../UE Projects/SixMinutesAtChonkers/Content/Interface_And_Item_Sounds/WAV/Click_10.uasset" 5315
"E:/UE Projects/SixMinutesAtChonkers/Content/Interface_And_Item_Sounds/Cues/Abstract_Pop_01_Cue.uasset" 5316
"../../../../../UE Projects/SixMinutesAtChonkers/Content/Interface_And_Item_Sounds/WAV/Click_09.uasset" 5317
"E:/UE Projects/SixMinutesAtChonkers/Content/FPWeapon/Materials/MaterialLayers/ML_GlossyBlack_Latex_UE4.uasset" 5318
"../../../../../UE Projects/SixMinutesAtChonkers/Content/Interface_And_Item_Sounds/WAV/Click_08.uasset" 5319
"E:/UE Projects/SixMinutesAtChonkers/Content/FPWeapon/Materials/MaterialLayers/ML_SoftMetal_UE4.uasset" 5320
"../../../../../UE Projects/SixMinutesAtChonkers/Content/Interface_And_Item_Sounds/WAV/Click_07.uasset" 5321
"../../../../../UE Projects/SixMinutesAtChonkers/Content/Interface_And_Item_Sounds/WAV/Click_06.uasset" 5322
"../../../../../UE Projects/SixMinutesAtChonkers/Content/Interface_And_Item_Sounds/WAV/Click_05.uasset" 5323
"../../../../../UE Projects/SixMinutesAtChonkers/Content/Interface_And_Item_Sounds/WAV/Click_04.uasset" 5324
"../../../../../UE Projects/SixMinutesAtChonkers/Content/Interface_And_Item_Sounds/WAV/Click_03.uasset" 5325
"E:/UE Projects/SixMinutesAtChonkers/Content/FPWeapon/Materials/FirstPersonProjectileMaterial.uasset" 5326
"../../../../../UE Projects/SixMinutesAtChonkers/Content/Interface_And_Item_Sounds/WAV/Click_02.uasset" 5327
"../../../../../UE Projects/SixMinutesAtChonkers/Content/Interface_And_Item_Sounds/WAV/Click_01.uasset" 5328
"E:/UE Projects/SixMinutesAtChonkers/Content/FirstPersonArms/Character/Materials/MaterialLayers/ML_Plastic_Shiny_Beige_LOGO.uasset" 5329
"../../../../../UE Projects/SixMinutesAtChonkers/Content/Interface_And_Item_Sounds/WAV/Cartoon_Falling_04.uasset" 5330
"../../../../../UE Projects/SixMinutesAtChonkers/Content/Interface_And_Item_Sounds/WAV/Cartoon_Falling_03.uasset" 5331
"../../../../../UE Projects/SixMinutesAtChonkers/Content/Interface_And_Item_Sounds/WAV/Cartoon_Falling_02.uasset" 5332
"E:/UE Projects/SixMinutesAtChonkers/Content/FirstPersonArms/Animations/FP_Walk_Fwd.uasset" 5333
"../../../../../UE Projects/SixMinutesAtChonkers/Content/Interface_And_Item_Sounds/WAV/Cartoon_Falling_01.uasset" 5334
"../../../../../UE Projects/SixMinutesAtChonkers/Content/Interface_And_Item_Sounds/WAV/Bar_Filling_02.uasset" 5335
"../../../../../UE Projects/SixMinutesAtChonkers/Content/Interface_And_Item_Sounds/WAV/Bar_Filling_01.uasset" 5336
"../../../../../UE Projects/SixMinutesAtChonkers/Content/Interface_And_Item_Sounds/WAV/Back_Click_11.uasset" 5337
"../../../../../UE Projects/SixMinutesAtChonkers/Content/Interface_And_Item_Sounds/WAV/Back_Click_10.uasset" 5338
"../../../../../UE Projects/SixMinutesAtChonkers/Content/Interface_And_Item_Sounds/WAV/Back_Click_09.uasset" 5339
"../../../../../UE Projects/SixMinutesAtChonkers/Content/Interface_And_Item_Sounds/WAV/Back_Click_08.uasset" 5340
"../../../../../UE Projects/SixMinutesAtChonkers/Content/Interface_And_Item_Sounds/WAV/Back_Click_07.uasset" 5341
"../../../../../UE Projects/SixMinutesAtChonkers/Content/Interface_And_Item_Sounds/WAV/Back_Click_06.uasset" 5342
"../../../../../UE Projects/SixMinutesAtChonkers/Content/Interface_And_Item_Sounds/WAV/Back_Click_05.uasset" 5343
"E:/UE Projects/SixMinutesAtChonkers/Content/FirstPersonArms/Animations/FP_Run_Fwd.uasset" 5344
"E:/UE Projects/SixMinutesAtChonkers/Content/FirstPersonArms/Animations/FP_Rifle_Run.uasset" 5345
"E:/UE Projects/SixMinutesAtChonkers/Content/FirstPersonArms/Animations/FP_Rifle_Land.uasset" 5346
"E:/UE Projects/SixMinutesAtChonkers/Content/FirstPersonArms/Animations/FP_Rifle_Jump.uasset" 5347
"E:/UE Projects/SixMinutesAtChonkers/Content/FirstPersonArms/Animations/FP_Rifle_Idle.uasset" 5348
"../../../../../UE Projects/SixMinutesAtChonkers/Content/FPWeapon/Materials/BaseMaterial.uasset" 5349
"E:/UE Projects/SixMinutesAtChonkers/Content/FirstPersonArms/Animations/FP_Rifle_Fire.uasset" 5350
"E:/UE Projects/SixMinutesAtChonkers/Content/FirstPersonArms/Animations/FP_Rifle_Falling.uasset" 5351
"E:/UE Projects/SixMinutesAtChonkers/Content/FirstPersonArms/Animations/FP_Land.uasset" 5352
"E:/UE Projects/SixMinutesAtChonkers/Content/FirstPersonArms/Animations/FP_Jump.uasset" 5353
"E:/UE Projects/SixMinutesAtChonkers/Content/FirstPersonArms/Animations/FP_Idle.uasset" 5354
"E:/UE Projects/SixMinutesAtChonkers/Content/FirstPersonArms/Animations/FP_Falling.uasset" 5355
"E:/UE Projects/SixMinutesAtChonkers/Content/FirstPersonArms/Character/Materials/MaterialLayers/ML_GlossyBlack_Latex_UE4.uasset" 5356
"E:/UE Projects/SixMinutesAtChonkers/Content/FirstPersonArms/Character/Materials/MaterialLayers/ML_SoftMetal_UE4.uasset" 5357
"E:/UE Projects/SixMinutesAtChonkers/Content/FirstPerson/Input/IMC_Weapons.uasset" 5358
"E:/UE Projects/SixMinutesAtChonkers/Content/FirstPerson/Input/IMC_Default.uasset" 5359
"../../../../../UE Projects/SixMinutesAtChonkers/Content/FirstPersonArms/Character/Mesh/SK_Mannequin_Arms_Skeleton.uasset" 5360
"E:/UE Projects/SixMinutesAtChonkers/Content/Characters/Mannequin_UE4/Materials/Layers/ML_ShinyPlastic_Beige_Logo.uasset" 5361
"E:/UE Projects/SixMinutesAtChonkers/Content/Characters/Mannequin_UE4/Materials/Layers/ML_Latex_Black.uasset" 5362
"E:/UE Projects/SixMinutesAtChonkers/Content/Characters/Mannequin_UE4/Materials/Layers/ML_SoftMetal.uasset" 5363
"E:/UE Projects/SixMinutesAtChonkers/Content/Characters/Mannequin_UE4/Animations/Jog_Fwd.uasset" 5364
"E:/UE Projects/SixMinutesAtChonkers/Content/Characters/Mannequins/Rigs/Poses/Quinn/Quinn_upperarm_r_pose.uasset" 5365
"E:/UE Projects/SixMinutesAtChonkers/Content/Characters/Mannequins/Rigs/Poses/Quinn/Quinn_upperarm_r_anim.uasset" 5366
"E:/UE Projects/SixMinutesAtChonkers/Content/Characters/Mannequins/Rigs/Poses/Quinn/Quinn_upperarm_l_pose.uasset" 5367
"E:/UE Projects/SixMinutesAtChonkers/Content/Characters/Mannequins/Rigs/Poses/Quinn/Quinn_upperarm_l_anim.uasset" 5368
"E:/UE Projects/SixMinutesAtChonkers/Content/Characters/Mannequins/Rigs/Poses/Quinn/Quinn_thigh_r_pose.uasset" 5369
"E:/UE Projects/SixMinutesAtChonkers/Content/Characters/Mannequins/Rigs/Poses/Quinn/Quinn_thigh_r_anim.uasset" 5370
"E:/UE Projects/SixMinutesAtChonkers/Content/Characters/Mannequins/Rigs/Poses/Quinn/Quinn_thigh_l_pose.uasset" 5371
"E:/UE Projects/SixMinutesAtChonkers/Content/Characters/Mannequins/Rigs/Poses/Quinn/Quinn_thigh_l_anim.uasset" 5372
"E:/UE Projects/SixMinutesAtChonkers/Content/Characters/Mannequins/Rigs/Poses/Quinn/Quinn_lowerarm_r_pose.uasset" 5373
"E:/UE Projects/SixMinutesAtChonkers/Content/Characters/Mannequins/Rigs/Poses/Quinn/Quinn_lowerarm_r_anim.uasset" 5374
"E:/UE Projects/SixMinutesAtChonkers/Content/Characters/Mannequins/Rigs/Poses/Quinn/Quinn_lowerarm_l_pose.uasset" 5375
"E:/UE Projects/SixMinutesAtChonkers/Content/Characters/Mannequins/Rigs/Poses/Quinn/Quinn_lowerarm_l_anim.uasset" 5376
"E:/UE Projects/SixMinutesAtChonkers/Content/Characters/Mannequins/Rigs/Poses/Quinn/Quinn_hand_r_pose.uasset" 5377
"E:/UE Projects/SixMinutesAtChonkers/Content/Characters/Mannequins/Rigs/Poses/Quinn/Quinn_hand_r_anim.uasset" 5378
"E:/UE Projects/SixMinutesAtChonkers/Content/Characters/Mannequins/Rigs/Poses/Quinn/Quinn_hand_l_pose.uasset" 5379
"E:/UE Projects/SixMinutesAtChonkers/Content/Characters/Mannequins/Rigs/Poses/Quinn/Quinn_hand_l_anim.uasset" 5380
"E:/UE Projects/SixMinutesAtChonkers/Content/Characters/Mannequins/Rigs/Poses/Quinn/Quinn_foot_r_pose.uasset" 5381
"E:/UE Projects/SixMinutesAtChonkers/Content/Characters/Mannequins/Rigs/Poses/Quinn/Quinn_foot_r_anim.uasset" 5382
"E:/UE Projects/SixMinutesAtChonkers/Content/Characters/Mannequins/Rigs/Poses/Quinn/Quinn_foot_l_pose.uasset" 5383
"E:/UE Projects/SixMinutesAtChonkers/Content/Characters/Mannequins/Rigs/Poses/Quinn/Quinn_foot_l_anim.uasset" 5384
"E:/UE Projects/SixMinutesAtChonkers/Content/Characters/Mannequins/Rigs/Poses/Quinn/Quinn_clavicle_r_pose.uasset" 5385
"E:/UE Projects/SixMinutesAtChonkers/Content/Characters/Mannequins/Rigs/Poses/Quinn/Quinn_clavicle_r_anim.uasset" 5386
"E:/UE Projects/SixMinutesAtChonkers/Content/Characters/Mannequins/Rigs/Poses/Quinn/Quinn_clavicle_l_pose.uasset" 5387
"E:/UE Projects/SixMinutesAtChonkers/Content/Characters/Mannequins/Rigs/Poses/Quinn/Quinn_clavicle_l_anim.uasset" 5388
"E:/UE Projects/SixMinutesAtChonkers/Content/Characters/Mannequins/Rigs/Poses/Quinn/Quinn_calf_r_pose.uasset" 5389
"E:/UE Projects/SixMinutesAtChonkers/Content/Characters/Mannequins/Rigs/Poses/Quinn/Quinn_calf_r_anim.uasset" 5390
"../../../../../UE Projects/SixMinutesAtChonkers/Content/FirstPerson/Input/Actions/IA_Shoot.uasset" 5391
"E:/UE Projects/SixMinutesAtChonkers/Content/Characters/Mannequins/Rigs/Poses/Quinn/Quinn_calf_l_pose.uasset" 5392
"../../../../../UE Projects/SixMinutesAtChonkers/Content/FirstPerson/Input/Actions/IA_Jump.uasset" 5393
"../../../../../UE Projects/SixMinutesAtChonkers/Content/FirstPerson/Input/Actions/IA_Look.uasset" 5394
"../../../../../UE Projects/SixMinutesAtChonkers/Content/FirstPerson/Input/Actions/IA_Move.uasset" 5395
"E:/UE Projects/SixMinutesAtChonkers/Content/Characters/Mannequins/Rigs/Poses/Quinn/Quinn_calf_l_anim.uasset" 5396
"E:/UE Projects/SixMinutesAtChonkers/Content/Characters/Mannequins/Rigs/Poses/Manny/Manny_upperarm_r_pose.uasset" 5397
"E:/UE Projects/SixMinutesAtChonkers/Content/Characters/Mannequins/Rigs/Poses/Manny/Manny_upperarm_r_anim.uasset" 5398
"E:/UE Projects/SixMinutesAtChonkers/Content/Characters/Mannequins/Rigs/Poses/Manny/Manny_upperarm_l_pose.uasset" 5399
"../../../../../UE Projects/SixMinutesAtChonkers/Content/Characters/Mannequin_UE4/Meshes/SK_Mannequin_Skeleton.uasset" 5400
"E:/UE Projects/SixMinutesAtChonkers/Content/Characters/Mannequins/Rigs/Poses/Manny/Manny_upperarm_l_anim.uasset" 5401
"E:/UE Projects/SixMinutesAtChonkers/Content/Characters/Mannequins/Rigs/Poses/Manny/Manny_thigh_r_pose.uasset" 5402
"E:/UE Projects/SixMinutesAtChonkers/Content/Characters/Mannequins/Rigs/Poses/Manny/Manny_thigh_r_anim.uasset" 5403
"E:/UE Projects/SixMinutesAtChonkers/Content/Characters/Mannequins/Rigs/Poses/Manny/Manny_thigh_l_anim.uasset" 5404
"E:/UE Projects/SixMinutesAtChonkers/Content/Characters/Mannequins/Rigs/Poses/Manny/Manny_thigh_l_pose.uasset" 5405
"E:/UE Projects/SixMinutesAtChonkers/Content/Characters/Mannequins/Rigs/Poses/Manny/Manny_lowerarm_r_pose.uasset" 5406
"E:/UE Projects/SixMinutesAtChonkers/Content/Characters/Mannequins/Rigs/Poses/Manny/Manny_lowerarm_r_anim.uasset" 5407
"E:/UE Projects/SixMinutesAtChonkers/Content/Characters/Mannequins/Rigs/Poses/Manny/Manny_lowerarm_l_pose.uasset" 5408
"E:/UE Projects/SixMinutesAtChonkers/Content/Characters/Mannequins/Rigs/Poses/Manny/Manny_lowerarm_l_anim.uasset" 5409
"E:/UE Projects/SixMinutesAtChonkers/Content/Characters/Mannequins/Rigs/Poses/Manny/Manny_hand_r_pose.uasset" 5410
"E:/UE Projects/SixMinutesAtChonkers/Content/Characters/Mannequins/Rigs/Poses/Manny/Manny_hand_r_anim.uasset" 5411
"E:/UE Projects/SixMinutesAtChonkers/Content/Characters/Mannequins/Rigs/Poses/Manny/Manny_hand_l_anim.uasset" 5412
"E:/UE Projects/SixMinutesAtChonkers/Content/Characters/Mannequins/Rigs/Poses/Manny/Manny_hand_l_pose.uasset" 5413
"E:/UE Projects/SixMinutesAtChonkers/Content/Characters/Mannequins/Rigs/Poses/Manny/Manny_foot_r_pose.uasset" 5414
"E:/UE Projects/SixMinutesAtChonkers/Content/Characters/Mannequins/Rigs/Poses/Manny/Manny_foot_r_anim.uasset" 5415
"E:/UE Projects/SixMinutesAtChonkers/Content/Characters/Mannequins/Rigs/Poses/Manny/Manny_foot_l_anim.uasset" 5416
"E:/UE Projects/SixMinutesAtChonkers/Content/Characters/Mannequins/Rigs/Poses/Manny/Manny_foot_l_pose.uasset" 5417
"E:/UE Projects/SixMinutesAtChonkers/Content/Characters/Mannequins/Rigs/Poses/Manny/Manny_clavicle_r_pose.uasset" 5418
"E:/UE Projects/SixMinutesAtChonkers/Content/Characters/Mannequins/Rigs/Poses/Manny/Manny_clavicle_r_anim.uasset" 5419
"E:/UE Projects/SixMinutesAtChonkers/Content/Characters/Mannequins/Rigs/Poses/Manny/Manny_clavicle_l_pose.uasset" 5420
"E:/UE Projects/SixMinutesAtChonkers/Content/Characters/Mannequins/Rigs/Poses/Manny/Manny_clavicle_l_anim.uasset" 5421
"E:/UE Projects/SixMinutesAtChonkers/Content/Characters/Mannequins/Rigs/Poses/Manny/Manny_calf_r_pose.uasset" 5422
"E:/UE Projects/SixMinutesAtChonkers/Content/Characters/Mannequins/Rigs/Poses/Manny/Manny_calf_r_anim.uasset" 5423
"E:/UE Projects/SixMinutesAtChonkers/Content/Characters/Mannequins/Rigs/Poses/Manny/Manny_calf_l_pose.uasset" 5424
"E:/UE Projects/SixMinutesAtChonkers/Content/Characters/Mannequins/Rigs/Poses/Manny/Manny_calf_l_anim.uasset" 5425
"E:/UE Projects/SixMinutesAtChonkers/Content/Characters/Mannequins/Animations/Quinn/MF_Walk_Fwd.uasset" 5426
"E:/UE Projects/SixMinutesAtChonkers/Content/Characters/Mannequins/Animations/Quinn/MF_Run_Fwd.uasset" 5427
"E:/UE Projects/SixMinutesAtChonkers/Content/Characters/Mannequins/Animations/Quinn/MF_Idle.uasset" 5428
"E:/UE Projects/SixMinutesAtChonkers/Content/Characters/Mannequins/Animations/Manny/MM_Walk_InPlace.uasset" 5429
"E:/UE Projects/SixMinutesAtChonkers/Content/Characters/Mannequins/Animations/Manny/MM_Walk_Fwd.uasset" 5430
"E:/UE Projects/SixMinutesAtChonkers/Content/Characters/Mannequins/Animations/Manny/MM_T_Pose.uasset" 5431
"E:/UE Projects/SixMinutesAtChonkers/Content/Characters/Mannequins/Animations/Manny/MM_Run_Fwd.uasset" 5432
"E:/UE Projects/SixMinutesAtChonkers/Content/Characters/Mannequins/Animations/Manny/MM_Land.uasset" 5433
"E:/UE Projects/SixMinutesAtChonkers/Content/Characters/Mannequins/Animations/Manny/MM_Jump.uasset" 5434
"E:/UE Projects/SixMinutesAtChonkers/Content/Characters/Mannequins/Animations/Manny/MM_Idle.uasset" 5435
"E:/UE Projects/SixMinutesAtChonkers/Content/Characters/Mannequins/Animations/Manny/MM_Fall_Loop.uasset" 5436
"E:/UE Projects/SixMinutesAtChonkers/Content/Characters/Mannequins/Materials/Functions/CA_Mannequin.uasset" 5437
"E:/UE Projects/SixMinutesAtChonkers/Content/Audiora_FreeMusic/cues/Themes/The_Enchanted_Highlands_Cue.uasset" 5438
"E:/UE Projects/SixMinutesAtChonkers/Content/Audiora_FreeMusic/cues/Themes/Surrounded_by_Darkness_Cue.uasset" 5439
"E:/UE Projects/SixMinutesAtChonkers/Content/Audiora_FreeMusic/cues/Themes/Sunlit_Peaks_Cue.uasset" 5440
"E:/UE Projects/SixMinutesAtChonkers/Content/Audiora_FreeMusic/cues/Themes/Rivers_of_Gold_Cue.uasset" 5441
"E:/UE Projects/SixMinutesAtChonkers/Content/Audiora_FreeMusic/cues/Themes/Last_Sound_in_the_Dust_Cue.uasset" 5442
"E:/UE Projects/SixMinutesAtChonkers/Content/Audiora_FreeMusic/cues/Themes/Hand_Bells_Cue.uasset" 5443
"E:/UE Projects/SixMinutesAtChonkers/Content/Audiora_FreeMusic/cues/Themes/Enchantment_of_Strings_Cue.uasset" 5444
"E:/UE Projects/SixMinutesAtChonkers/Content/Audiora_FreeMusic/cues/Themes/Brick_Song_Cue.uasset" 5445
"E:/UE Projects/SixMinutesAtChonkers/Content/Audiora_FreeMusic/cues/Themes/Ancient_Chimes_Cue.uasset" 5446
"E:/UE Projects/SixMinutesAtChonkers/Content/Audiora_FreeMusic/cues/Loops/The_Kingdom_Beyond_loop_Cue.uasset" 5447
"E:/UE Projects/SixMinutesAtChonkers/Content/Audiora_FreeMusic/cues/Loops/Surrounded_by_Darkness_Loop_Cue.uasset" 5448
"E:/UE Projects/SixMinutesAtChonkers/Content/Audiora_FreeMusic/cues/Loops/Last_Sound_in_the_Dust_Loop_Cue.uasset" 5449
"../../../Engine/Content/EngineMaterials/PPM_DefaultCalibrationGrayscale.uasset" 5450
"../../../Engine/Content/EngineMaterials/PPM_DefaultCalibrationColor.uasset" 5451
"../../../Engine/Content/MobileResources/HUD/DefaultVirtualJoysticks.uasset" 5452
"../../../Engine/Content/EditorMaterials/PreviewShadowIndicatorMaterial.uasset" 5453
"E:/UE Projects/SixMinutesAtChonkers/Content/Security/TimerWidget.uasset" 5454
"E:/UE Projects/SixMinutesAtChonkers/Content/StarterContent/Props/Materials/M_Rock.uasset" 5455
"E:/UE Projects/SixMinutesAtChonkers/Content/StarterContent/Materials/M_Water_Ocean.uasset" 5456
"E:/UE Projects/SixMinutesAtChonkers/Content/StarterContent/Materials/M_Tech_Hex_Tile.uasset" 5457
"E:/UE Projects/SixMinutesAtChonkers/Content/StarterContent/Materials/M_Metal_Rust.uasset" 5458
"C:/Users/pduli/AppData/Local/UnrealEngine/Common/DerivedDataCache/Buckets/AnimationSequence/49/eb/daf735cc8dd8f44dde9ef7caed9e27ab4ec4.udd" 5459
"C:/Users/pduli/AppData/Local/UnrealEngine/Common/DerivedDataCache/Buckets/AnimationSequence/cf/29/36a93df3e1f7133ba8946e7b8927b6d31bc0.udd" 5460
"C:/Users/pduli/AppData/Local/UnrealEngine/Common/DerivedDataCache/Buckets/AnimationSequence/8d/27/b7febe2994bdd41742ad9383e21cceb4b2c3.udd" 5461
"C:/Users/pduli/AppData/Local/UnrealEngine/Common/DerivedDataCache/Buckets/AnimationSequence/1f/42/c6702bdacc438ef866a882ed3fba7c9ec390.udd" 5462
"C:/Users/pduli/AppData/Local/UnrealEngine/Common/DerivedDataCache/Buckets/AnimationSequence/91/3f/739e5ddbb1d010d2f2e5f18555693fc15c6e.udd" 5463
"E:/UE Projects/SixMinutesAtChonkers/Content/StarterContent/Particles/Materials/M_radial_ramp.uasset" 5464
"E:/UE Projects/SixMinutesAtChonkers/Content/StarterContent/Particles/Materials/M_Radial_Gradient.uasset" 5465
"E:/UE Projects/SixMinutesAtChonkers/Content/StarterContent/Materials/M_Wood_Floor_Walnut_Worn.uasset" 5466
"E:/UE Projects/SixMinutesAtChonkers/Content/StarterContent/Materials/M_ColorGrid_LowSpec.uasset" 5467
"C:/Users/pduli/AppData/Local/UnrealEngine/Common/DerivedDataCache/Buckets/AnimationSequence/b0/a1/2cbe5c0ad8521390789dc277a28830d21dcd.udd" 5468
"C:/Users/pduli/AppData/Local/UnrealEngine/Common/DerivedDataCache/Buckets/AnimationSequence/15/f0/8247b9b7f15b78a122e436f72cda1011ccb1.udd" 5469
"C:/Users/pduli/AppData/Local/UnrealEngine/Common/DerivedDataCache/Buckets/AnimationSequence/1a/ac/77e09bdb3c97eb282161011727fb288512dc.udd" 5470
"C:/Users/pduli/AppData/Local/UnrealEngine/Common/DerivedDataCache/Buckets/AnimationSequence/ad/f2/85681516340d7399a50e1677bf43380bc455.udd" 5471
"E:/UE Projects/SixMinutesAtChonkers/Content/StarterContent/Blueprints/Assets/M_LightStage_Skybox_Master.uasset" 5472
"C:/Users/pduli/AppData/Local/UnrealEngine/Common/DerivedDataCache/Buckets/AnimationSequence/9e/4f/19fffafcd1500df4fdc4fe3df3681b85597b.udd" 5473
"C:/Users/pduli/AppData/Local/UnrealEngine/Common/DerivedDataCache/Buckets/AnimationSequence/6f/d0/49e0dcd91d0dcb6b7f9c96123c5635633c8a.udd" 5474
"C:/Users/pduli/AppData/Local/UnrealEngine/Common/DerivedDataCache/Buckets/AnimationSequence/37/42/84e8266b973432212a1b57b81bdc7907f3a9.udd" 5475
"C:/Users/pduli/AppData/Local/UnrealEngine/Common/DerivedDataCache/Buckets/AnimationSequence/f1/e3/4905e3c5d8c428fc41bbbbcfd28805848c46.udd" 5476
"C:/Users/pduli/AppData/Local/UnrealEngine/Common/DerivedDataCache/Buckets/AnimationSequence/81/ae/d7e454f463261af497906491e7e1ce332c52.udd" 5477
"E:/UE Projects/SixMinutesAtChonkers/Content/Security/Cameras/SecurityCamera_MAT.uasset" 5478
"C:/Users/pduli/AppData/Local/UnrealEngine/Common/DerivedDataCache/Buckets/AnimationSequence/99/ea/a927611031940ccde5fa4d08c9d74acae8dc.udd" 5479
"C:/Users/pduli/AppData/Local/UnrealEngine/Common/DerivedDataCache/Buckets/AnimationSequence/26/84/2a505021d1804e8308bd10aeeef39e05b663.udd" 5480
"E:/UE Projects/SixMinutesAtChonkers/Content/Security/Assets/M_Camera.uasset" 5481
"C:/Users/pduli/AppData/Local/UnrealEngine/Common/DerivedDataCache/Buckets/AnimationSequence/65/41/a71e729529fbbc71dc84f314bfd204eae0eb.udd" 5482
"../../../../../UE Projects/SixMinutesAtChonkers/Content/Audiora_FreeMusic/wav/Themes/The_Enchanted_Highlands.uasset" 5483
"../../../Engine/Content/EngineFonts/DroidSansMono.uasset" 5484
"../../../../../UE Projects/SixMinutesAtChonkers/Content/Audiora_FreeMusic/wav/Themes/Surrounded_by_Darkness.uasset" 5485
"../../../../../UE Projects/SixMinutesAtChonkers/Content/Audiora_FreeMusic/wav/Themes/Sunlit_Peaks.uasset" 5486
"../../../Engine/Content/EngineSky/M_Sky_Panning_Clouds2.uasset" 5487
"../../../../../UE Projects/SixMinutesAtChonkers/Content/Audiora_FreeMusic/wav/Themes/Rivers_of_Gold.uasset" 5488
"../../../../../UE Projects/SixMinutesAtChonkers/Content/Audiora_FreeMusic/wav/Themes/Last_Sound_in_the_Dust.uasset" 5489
"../../../Engine/Content/EngineMaterials/AntiAliasedTextMaterialTranslucent.uasset" 5490
"E:/UE Projects/SixMinutesAtChonkers/Content/Characters/Mannequins/Materials/Functions/MF_logo3layers.uasset" 5491
"../../../../../UE Projects/SixMinutesAtChonkers/Content/Audiora_FreeMusic/wav/Themes/Hand_Bells.uasset" 5492
"../../../Engine/Content/Functions/Engine_MaterialFunctions01/ImageAdjustment/CheapContrast.uasset" 5493
"../../../Engine/Content/EditorMeshes/ColorCalibrator/M_ColorGrid.uasset" 5494
"../../../Engine/Content/Functions/Engine_MaterialFunctions02/Texturing/ScreenAlignedUVs.uasset" 5495
"../../../../../UE Projects/SixMinutesAtChonkers/Content/Audiora_FreeMusic/wav/Themes/Enchantment_of_Strings.uasset" 5496
"../../../../../UE Projects/SixMinutesAtChonkers/Content/Audiora_FreeMusic/wav/Themes/Brick_Song.uasset" 5497
"../../../../../UE Projects/SixMinutesAtChonkers/Content/Audiora_FreeMusic/wav/Themes/Ancient_Chimes.uasset" 5498
"../../../../../UE Projects/SixMinutesAtChonkers/Content/Audiora_FreeMusic/wav/Loops/The_Kingdom_Beyond_loop.uasset" 5499
"../../../Engine/Content/Maps/Entry.umap" 5500
"../../../../../UE Projects/SixMinutesAtChonkers/Content/Audiora_FreeMusic/wav/Loops/Surrounded_by_Darkness_Loop.uasset" 5501
"../../../Engine/Content/MapTemplates/SM_Template_Map_Floor.uasset" 5502
"../../../../../UE Projects/SixMinutesAtChonkers/Content/Audiora_FreeMusic/wav/Loops/Last_Sound_in_the_Dust_Loop.uasset" 5503
"../../../Engine/Plugins/Animation/ControlRig/Content/Controls/ControlRig_Wedge_3mm.uasset" 5504
"../../../Engine/Plugins/Animation/ControlRig/Content/Controls/ControlRig_Wedge_solid.uasset" 5505
"../../../Engine/Plugins/Animation/ControlRig/Content/Controls/ControlRig_Triangle_3mm.uasset" 5506
"../../../Engine/Plugins/Animation/ControlRig/Content/Controls/ControlRig_Triangle_solid.uasset" 5507
"../../../Engine/Plugins/Animation/ControlRig/Content/Controls/ControlRig_Wedge_1mm.uasset" 5508
"../../../../../UE Projects/SixMinutesAtChonkers/Content/StarterContent/Textures/T_Water_M.uasset" 5509
"../../../Engine/Plugins/Animation/ControlRig/Content/Controls/ControlRig_Triangle_1mm.uasset" 5510
"../../../Engine/Plugins/Animation/ControlRig/Content/Controls/ControlRig_Star4_solid.uasset" 5511
"../../../Engine/Plugins/Animation/ControlRig/Content/Controls/ControlRig_Star4_3mm.uasset" 5512
"../../../Engine/Plugins/Animation/ControlRig/Content/Controls/ControlRig_Star4_1mm.uasset" 5513
"../../../Engine/Plugins/Animation/ControlRig/Content/Controls/ControlRig_Square_solid.uasset" 5514
"../../../Engine/Plugins/Animation/ControlRig/Content/Controls/ControlRig_Square_3mm.uasset" 5515
"../../../Engine/Plugins/Animation/ControlRig/Content/Controls/ControlRig_Square_1mm.uasset" 5516
"../../../Engine/Plugins/Animation/ControlRig/Content/Controls/ControlRig_Sphere_3mm.uasset" 5517
"../../../Engine/Plugins/Animation/ControlRig/Content/Controls/ControlRig_Sphere_1mm.uasset" 5518
"../../../Engine/Plugins/Animation/ControlRig/Content/Controls/ControlRig_RoundedTriangle_solid.uasset" 5519
"../../../Engine/Plugins/Animation/ControlRig/Content/Controls/ControlRig_RoundedTriangle_3mm.uasset" 5520
"../../../Engine/Plugins/Animation/ControlRig/Content/Controls/ControlRig_RoundedTriangle_1mm.uasset" 5521
"../../../Engine/Plugins/Animation/ControlRig/Content/Controls/ControlRig_RoundedSquare_solid.uasset" 5522
"../../../Engine/Plugins/Animation/ControlRig/Content/Controls/ControlRig_RoundedSquare_3mm.uasset" 5523
"../../../Engine/Plugins/Animation/ControlRig/Content/Controls/ControlRig_QuarterCircle_solid.uasset" 5524
"../../../Engine/Plugins/Animation/ControlRig/Content/Controls/ControlRig_RoundedSquare_1mm.uasset" 5525
"../../../Engine/Plugins/Animation/ControlRig/Content/Controls/ControlRig_QuarterCircle_3mm.uasset" 5526
"../../../Engine/Plugins/Animation/ControlRig/Content/Controls/ControlRig_QuarterCircle_1mm.uasset" 5527
"../../../Engine/Plugins/Animation/ControlRig/Content/Controls/ControlRig_Pyramid_solid.uasset" 5528
"../../../Engine/Plugins/Animation/ControlRig/Content/Controls/ControlRig_Pyramid_3mm.uasset" 5529
"C:/Users/pduli/AppData/Local/UnrealEngine/Common/DerivedDataCache/Buckets/MaterialShaderMap/66/79/7f05ba5e732d1a9e9ea6fdf00a0496b13ed9.udd" 5530
"C:/Users/pduli/AppData/Local/UnrealEngine/Common/DerivedDataCache/Buckets/MaterialShaderMap/08/52/609f712f286dbe3e85a02cce6227907da079.udd" 5531
"../../../Engine/Plugins/Animation/ControlRig/Content/Controls/ControlRig_Pyramid_1mm.uasset" 5532
"../../../Engine/Plugins/Animation/ControlRig/Content/Controls/ControlRig_Octagon_solid.uasset" 5533
"../../../Engine/Plugins/Animation/ControlRig/Content/Controls/ControlRig_Octagon_3mm.uasset" 5534
"../../../Engine/Plugins/Animation/ControlRig/Content/Controls/ControlRig_Octagon_1mm.uasset" 5535
"../../../Engine/Plugins/Animation/ControlRig/Content/Controls/ControlRig_Hexagon_solid.uasset" 5536
"../../../Engine/Plugins/Animation/ControlRig/Content/Controls/ControlRig_Hexagon_3mm.uasset" 5537
"../../../Engine/Plugins/Animation/ControlRig/Content/Controls/ControlRig_Hexagon_1mm.uasset" 5538
"../../../Engine/Plugins/Animation/ControlRig/Content/Controls/ControlRig_HalfCircle_3mm.uasset" 5539
"../../../Engine/Plugins/Animation/ControlRig/Content/Controls/ControlRig_HalfCircle_1mm.uasset" 5540
"../../../Engine/Plugins/Animation/ControlRig/Content/Controls/ControlRig_HalfCircle_solid.uasset" 5541
"../../../Engine/Plugins/Animation/ControlRig/Content/Controls/ControlRig_Diamond_1mm.uasset" 5542
"../../../Engine/Plugins/Animation/ControlRig/Content/Controls/ControlRig_Diamond_3mm.uasset" 5543
"../../../Engine/Plugins/Animation/ControlRig/Content/Controls/ControlRig_Diamond_solid.uasset" 5544
"../../../Engine/Plugins/Animation/ControlRig/Content/Controls/ControlRig_Circle_3mm.uasset" 5545
"../../../Engine/Plugins/Animation/ControlRig/Content/Controls/ControlRig_Circle_solid.uasset" 5546
"../../../Engine/Plugins/Animation/ControlRig/Content/Controls/ControlRig_Circle_1mm.uasset" 5547
"../../../Engine/Plugins/Animation/ControlRig/Content/Controls/ControlRig_Box_solid.uasset" 5548
"../../../Engine/Plugins/Animation/ControlRig/Content/Controls/ControlRig_Box_3mm.uasset" 5549
"../../../Engine/Plugins/Animation/ControlRig/Content/Controls/ControlRig_Box_1mm.uasset" 5550
"../../../Engine/Plugins/Animation/ControlRig/Content/Controls/ControlRig_Arrow_solid.uasset" 5551
"../../../Engine/Plugins/Animation/ControlRig/Content/Controls/ControlRig_Arrow_3mm.uasset" 5552
"../../../Engine/Plugins/Animation/ControlRig/Content/Controls/ControlRig_Arrow_1mm.uasset" 5553
"../../../Engine/Plugins/Animation/ControlRig/Content/Controls/ControlRig_Arrow4_solid.uasset" 5554
"../../../Engine/Plugins/Animation/ControlRig/Content/Controls/ControlRig_Arrow4_3mm.uasset" 5555
"../../../Engine/Plugins/Animation/ControlRig/Content/Controls/ControlRig_Arrow4_1mm.uasset" 5556
"../../../Engine/Plugins/Animation/ControlRig/Content/Controls/ControlRig_Arrow2_solid.uasset" 5557
"../../../Engine/Plugins/Animation/ControlRig/Content/Controls/ControlRig_Arrow2_3mm.uasset" 5558
"E:/UE Projects/SixMinutesAtChonkers/Content/StarterContent/Props/MaterialSphere.uasset" 5559
"../../../Engine/Plugins/Animation/ControlRig/Content/Controls/ControlRig_Arrow2_1mm.uasset" 5560
"E:/UE Projects/SixMinutesAtChonkers/Content/StarterContent/Blueprints/Assets/SM_Arrows.uasset" 5561
"E:/UE Projects/SixMinutesAtChonkers/Content/StarterContent/Props/SM_TableRound.uasset" 5562
"E:/UE Projects/SixMinutesAtChonkers/Content/StarterContent/Props/SM_Statue.uasset" 5563
"E:/UE Projects/SixMinutesAtChonkers/Content/StarterContent/Particles/P_Steam_Lit.uasset" 5564
"E:/UE Projects/SixMinutesAtChonkers/Content/StarterContent/Particles/P_Smoke.uasset" 5565
"E:/UE Projects/SixMinutesAtChonkers/Content/StarterContent/Props/SM_Shelf.uasset" 5566
"../../../Engine/Plugins/Animation/ControlRig/Content/Controls/ControlRig_Sphere_solid.uasset" 5567
"E:/UE Projects/SixMinutesAtChonkers/Content/StarterContent/Props/SM_Lamp_Wall.uasset" 5568
"E:/UE Projects/SixMinutesAtChonkers/Content/StarterContent/Props/SM_Lamp_Ceiling.uasset" 5569
"E:/UE Projects/SixMinutesAtChonkers/Content/StarterContent/Props/SM_WindowFrame.uasset" 5570
"E:/UE Projects/SixMinutesAtChonkers/Content/StarterContent/Props/SM_PillarFrame300.uasset" 5571
"E:/UE Projects/SixMinutesAtChonkers/Content/StarterContent/Props/SM_PillarFrame.uasset" 5572
"E:/UE Projects/SixMinutesAtChonkers/Content/StarterContent/Props/SM_DoorFrame.uasset" 5573
"E:/UE Projects/SixMinutesAtChonkers/Content/StarterContent/Props/SM_CornerFrame.uasset" 5574
"E:/UE Projects/SixMinutesAtChonkers/Content/StarterContent/Particles/P_Ambient_Dust.uasset" 5575
"E:/UE Projects/SixMinutesAtChonkers/Content/StarterContent/Props/SM_Door.uasset" 5576
"E:/UE Projects/SixMinutesAtChonkers/Content/StarterContent/Props/SM_Couch.uasset" 5577
"E:/UE Projects/SixMinutesAtChonkers/Content/StarterContent/Props/SM_Chair.uasset" 5578
"E:/UE Projects/SixMinutesAtChonkers/Content/StarterContent/Props/SM_Bush.uasset" 5579
"E:/UE Projects/SixMinutesAtChonkers/Content/Rooms/Office/TransculentBrick_Mat.uasset" 5580
"E:/UE Projects/SixMinutesAtChonkers/Content/Rooms/Office/OfficeFront_Mat.uasset" 5581
"E:/UE Projects/SixMinutesAtChonkers/Content/Rooms/Office/OfficeDoor_BG_Mat.uasset" 5582
"E:/UE Projects/SixMinutesAtChonkers/Content/Rooms/Office/Monitor_Mat.uasset" 5583
"E:/UE Projects/SixMinutesAtChonkers/Content/Rooms/Office/Desk_Mat.uasset" 5584
"E:/UE Projects/SixMinutesAtChonkers/Content/Rooms/Cam01_FG_Mat.uasset" 5585
"E:/UE Projects/SixMinutesAtChonkers/Content/Rooms/Cam01_BG_Mat.uasset" 5586
"E:/UE Projects/SixMinutesAtChonkers/Content/LevelPrototyping/Meshes/SM_ChamferCube.uasset" 5587
"E:/UE Projects/SixMinutesAtChonkers/Content/FPWeapon/Mesh/FirstPersonProjectileMesh.uasset" 5588
"E:/UE Projects/SixMinutesAtChonkers/Content/FirstPersonArms/Animations/FP_Rifle_Shoot_Montage.uasset" 5589
"E:/UE Projects/SixMinutesAtChonkers/Content/Characters/Mannequins/Animations/Quinn/BS_MF_Unarmed_WalkRun.uasset" 5590
"E:/UE Projects/SixMinutesAtChonkers/Content/Characters/Mannequins/Animations/Manny/BS_MM_WalkRun.uasset" 5591
"E:/UE Projects/SixMinutesAtChonkers/Content/Characters/Mannequins/Materials/Functions/MF_Diffraction.uasset" 5592
"E:/UE Projects/SixMinutesAtChonkers/Content/StarterContent/Props/SM_Rock.uasset" 5593
"E:/UE Projects/SixMinutesAtChonkers/Content/FPWeapon/Materials/M_FPGun.uasset" 5594
"E:/UE Projects/SixMinutesAtChonkers/Content/FirstPersonArms/Character/Materials/M_UE4Man_Body.uasset" 5595
"E:/UE Projects/SixMinutesAtChonkers/Content/Characters/Mannequin_UE4/Materials/M_MannequinUE4_Body.uasset" 5596
"E:/UE Projects/SixMinutesAtChonkers/Content/StarterContent/Particles/P_Explosion.uasset" 5597
"E:/UE Projects/SixMinutesAtChonkers/Content/StarterContent/Particles/P_Sparks.uasset" 5598
"E:/UE Projects/SixMinutesAtChonkers/Content/StarterContent/Particles/P_Fire.uasset" 5599
"E:/UE Projects/SixMinutesAtChonkers/Content/StarterContent/Blueprints/Assets/M_LightStage_Skybox_HDRI.uasset" 5600
"E:/UE Projects/SixMinutesAtChonkers/Content/StarterContent/Blueprints/Assets/M_LightStage_Skybox_Black.uasset" 5601
"E:/UE Projects/SixMinutesAtChonkers/Content/Characters/Mannequins/Rigs/ABP_Quinn_PostProcess.uasset" 5602
"E:/UE Projects/SixMinutesAtChonkers/Content/Characters/Mannequins/Rigs/ABP_Manny_PostProcess.uasset" 5603
"E:/UE Projects/SixMinutesAtChonkers/Content/Security/UMG_Room.uasset" 5604
"E:/UE Projects/SixMinutesAtChonkers/Content/LevelPrototyping/Materials/MF_ProcGrid.uasset" 5605
"../../../Engine/Content/EngineSky/SM_SkySphere.uasset" 5606
"../../../Engine/Content/EditorMaterials/Thumbnails/SkySphereMaterial.uasset" 5607
"E:/UE Projects/SixMinutesAtChonkers/Content/Security/Cameras/SecurityCamera_BP.uasset" 5608
"E:/UE Projects/SixMinutesAtChonkers/Content/Security/CCTV/BP_Monitor.uasset" 5609
"../../../Engine/Content/EditorMeshes/ColorCalibrator/SM_ColorCalibrator.uasset" 5610
"E:/UE Projects/SixMinutesAtChonkers/Content/Security/BP_Door.uasset" 5611
"E:/UE Projects/SixMinutesAtChonkers/Content/StarterContent/Blueprints/Blueprint_Effect_Steam.uasset" 5612
"E:/UE Projects/SixMinutesAtChonkers/Content/StarterContent/Blueprints/Blueprint_Effect_Smoke.uasset" 5613
"E:/UE Projects/SixMinutesAtChonkers/Content/StarterContent/Blueprints/Blueprint_WallSconce.uasset" 5614
"E:/UE Projects/SixMinutesAtChonkers/Content/StarterContent/Blueprints/Blueprint_CeilingLight.uasset" 5615
"E:/UE Projects/SixMinutesAtChonkers/Content/Rooms/OfficeFront_Mat.uasset" 5616
"E:/UE Projects/SixMinutesAtChonkers/Content/FirstPerson/Blueprints/BP_FirstPersonProjectile.uasset" 5617
"E:/UE Projects/SixMinutesAtChonkers/Content/Characters/Mannequins/Animations/ABP_Manny.uasset" 5618
"E:/UE Projects/SixMinutesAtChonkers/Content/Characters/Mannequins/Materials/M_Mannequin.uasset" 5619
"E:/UE Projects/SixMinutesAtChonkers/Content/FPWeapon/Mesh/SK_FPGun.uasset" 5620
"E:/UE Projects/SixMinutesAtChonkers/Content/FirstPersonArms/Character/Mesh/SK_Mannequin_Arms.uasset" 5621
"E:/UE Projects/SixMinutesAtChonkers/Content/Characters/Mannequin_UE4/Materials/M_MannequinUE4_ChestLogo.uasset" 5622
"E:/UE Projects/SixMinutesAtChonkers/Content/StarterContent/Blueprints/Blueprint_Effect_Explosion.uasset" 5623
"E:/UE Projects/SixMinutesAtChonkers/Content/StarterContent/Blueprints/Blueprint_Effect_Sparks.uasset" 5624
"E:/UE Projects/SixMinutesAtChonkers/Content/StarterContent/Blueprints/Blueprint_Effect_Fire.uasset" 5625
"../../../../../UE Projects/SixMinutesAtChonkers/Content/FPWeapon/Materials/MaterialLayers/ML_Plastic_Shiny_Beige.uasset" 5626
"../../../../../UE Projects/SixMinutesAtChonkers/Content/FPWeapon/Materials/MaterialLayers/ML_Screen.uasset" 5627
"E:/UE Projects/SixMinutesAtChonkers/Content/Security/UMG_Tablet.uasset" 5628
"../../../../../UE Projects/SixMinutesAtChonkers/Content/FirstPersonArms/Character/Materials/MaterialLayers/ML_Plastic_Shiny_Beige.uasset" 5629
"E:/UE Projects/SixMinutesAtChonkers/Content/LevelPrototyping/Materials/M_PrototypeGrid.uasset" 5630
"E:/UE Projects/SixMinutesAtChonkers/Content/StarterContent/Maps/Minimal_Default.umap" 5631
"../../../../../UE Projects/SixMinutesAtChonkers/Content/StarterContent/Particles/Materials/m_flare_01.uasset" 5632
"E:/UE Projects/SixMinutesAtChonkers/Content/StarterContent/Blueprints/Assets/Skybox.uasset" 5633
"E:/UE Projects/SixMinutesAtChonkers/Content/Security/Cameras/SecurityMonitor_BP.uasset" 5634
"E:/UE Projects/SixMinutesAtChonkers/Content/Characters/Mannequins/Animations/ABP_Quinn.uasset" 5635
"E:/UE Projects/SixMinutesAtChonkers/Content/Characters/Mannequins/Materials/Instances/Quinn/MI_Quinn_01.uasset" 5636
"E:/UE Projects/SixMinutesAtChonkers/Content/Characters/Mannequins/Materials/Instances/Manny/MI_Manny_01.uasset" 5637
"E:/UE Projects/SixMinutesAtChonkers/Content/Characters/Mannequin_UE4/Meshes/SK_Mannequin.uasset" 5638
"E:/UE Projects/SixMinutesAtChonkers/Content/StarterContent/Maps/StarterMap.umap" 5639
"E:/UE Projects/SixMinutesAtChonkers/Content/Security/A_Tablet.uasset" 5640
"E:/UE Projects/SixMinutesAtChonkers/Content/LevelPrototyping/Materials/MI_PrototypeGrid_TopDark.uasset" 5641
"E:/UE Projects/SixMinutesAtChonkers/Content/LevelPrototyping/Materials/MI_PrototypeGrid_Gray_02.uasset" 5642
"C:/Users/pduli/AppData/Local/UnrealEngine/Common/DerivedDataCache/Buckets/MaterialShaderMap/da/96/19aaf3217bce5f731ccad387495192ced2c1.udd" 5643
"C:/Users/pduli/AppData/Local/UnrealEngine/Common/DerivedDataCache/Buckets/MaterialShaderMap/3c/a7/37b8f6615f669ac7c4ec984e2daf97050001.udd" 5644
"E:/UE Projects/SixMinutesAtChonkers/Content/LevelPrototyping/Materials/MI_PrototypeGrid_Gray.uasset" 5645
"E:/UE Projects/SixMinutesAtChonkers/Content/StarterContent/Blueprints/BP_LightStudio.uasset" 5646
"E:/UE Projects/SixMinutesAtChonkers/Content/Characters/Mannequins/Materials/Instances/Quinn/MI_Quinn_02.uasset" 5647
"E:/UE Projects/SixMinutesAtChonkers/Content/Characters/Mannequins/Materials/Instances/Manny/MI_Manny_02.uasset" 5648
"../../../../../UE Projects/SixMinutesAtChonkers/Content/StarterContent/Audio/Steam01_Cue.uasset" 5649
"../../../../../UE Projects/SixMinutesAtChonkers/Content/StarterContent/Audio/Steam01.uasset" 5650
"E:/UE Projects/SixMinutesAtChonkers/Content/LevelPrototyping/Meshes/SM_Ramp.uasset" 5651
"../../../../../UE Projects/SixMinutesAtChonkers/Content/StarterContent/Audio/Smoke01_Cue.uasset" 5652
"../../../../../UE Projects/SixMinutesAtChonkers/Content/StarterContent/Audio/Smoke01.uasset" 5653
"E:/UE Projects/SixMinutesAtChonkers/Content/LevelPrototyping/Meshes/SM_QuarterCylinder.uasset" 5654
"E:/UE Projects/SixMinutesAtChonkers/Content/LevelPrototyping/Meshes/SM_Cylinder.uasset" 5655
"E:/UE Projects/SixMinutesAtChonkers/Content/LevelPrototyping/Meshes/SM_Cube.uasset" 5656
"E:/UE Projects/SixMinutesAtChonkers/Content/StarterContent/Maps/Advanced_Lighting.umap" 5657
"E:/UE Projects/SixMinutesAtChonkers/Content/FirstPerson/Blueprints/BP_FirstPersonGameMode.uasset" 5658
"E:/UE Projects/SixMinutesAtChonkers/Content/ThirdPerson/Blueprints/BP_ThirdPersonGameMode.uasset" 5659
"E:/UE Projects/SixMinutesAtChonkers/Content/Characters/Mannequins/Meshes/SKM_Quinn_Simple.uasset" 5660
"../../../../../UE Projects/SixMinutesAtChonkers/Content/FPWeapon/Mesh/SK_FPGun_Physics.uasset" 5661
"../../../../../UE Projects/SixMinutesAtChonkers/Content/FPWeapon/Mesh/SK_FPGun_Skeleton.uasset" 5662
"../../../../../UE Projects/SixMinutesAtChonkers/Content/FPWeapon/Mesh/SK_FPGun.uasset" 5663
"E:/UE Projects/SixMinutesAtChonkers/Content/Characters/Mannequins/Meshes/SKM_Quinn.uasset" 5664
"../../../../../UE Projects/SixMinutesAtChonkers/Content/FirstPersonArms/Character/Mesh/SK_Mannequin_Arms_PhysicsAsset.uasset" 5665
"../../../../../UE Projects/SixMinutesAtChonkers/Content/FirstPersonArms/Character/Mesh/SK_Mannequin_Arms.uasset" 5666
"E:/UE Projects/SixMinutesAtChonkers/Content/Characters/Mannequins/Meshes/SKM_Manny_Simple.uasset" 5667
"E:/UE Projects/SixMinutesAtChonkers/Content/Characters/Mannequins/Meshes/SKM_Manny.uasset" 5668
"../../../../../UE Projects/SixMinutesAtChonkers/Content/StarterContent/Audio/Explosion_Cue.uasset" 5669
"../../../../../UE Projects/SixMinutesAtChonkers/Content/StarterContent/Audio/Explosion01.uasset" 5670
"../../../../../UE Projects/SixMinutesAtChonkers/Content/StarterContent/Audio/Explosion02.uasset" 5671
"E:/UE Projects/SixMinutesAtChonkers/Content/Security/L_Security_Office.umap" 5672
"../../../../../UE Projects/SixMinutesAtChonkers/Content/StarterContent/Audio/Fire_Sparks01_Cue.uasset" 5673
"../../../../../UE Projects/SixMinutesAtChonkers/Content/StarterContent/Audio/Fire_Sparks01.uasset" 5674
"E:/UE Projects/SixMinutesAtChonkers/Content/FirstPerson/Maps/FirstPersonMap.umap" 5675
"../../../../../UE Projects/SixMinutesAtChonkers/Content/StarterContent/Audio/Fire01_Cue.uasset" 5676
"../../../../../UE Projects/SixMinutesAtChonkers/Content/StarterContent/Audio/Fire01.uasset" 5677
"E:/UE Projects/SixMinutesAtChonkers/Content/ThirdPerson/Maps/ThirdPersonMap.umap" 5678
"E:/UE Projects/SixMinutesAtChonkers/Content/ThirdPerson/Blueprints/BP_ThirdPersonCharacter.uasset" 5679
"../../../Engine/Content/EngineSounds/Submixes/MasterEQSubmixDefault.uasset" 5680
"../../../../../UE Projects/SixMinutesAtChonkers/Content/StarterContent/Audio/Starter_Background_Cue.uasset" 5681
"../../../../../UE Projects/SixMinutesAtChonkers/Content/StarterContent/Audio/Starter_Wind05.uasset" 5682
"../../../../../UE Projects/SixMinutesAtChonkers/Content/StarterContent/Audio/Starter_Birds01.uasset" 5683
"../../../../../UE Projects/SixMinutesAtChonkers/Content/StarterContent/Audio/Starter_Wind06.uasset" 5684
"../../../../../UE Projects/SixMinutesAtChonkers/Content/StarterContent/Maps/Minimal_Default.umap" 5685
"../../../Engine/Content/EngineSounds/Submixes/MasterSubmixDefault.uasset" 5686
"../../../Engine/Content/EngineSounds/Submixes/MasterReverbSubmixDefault.uasset" 5687
"E:/UE Projects/SixMinutesAtChonkers/Content/FirstPerson/Blueprints/BP_FirstPersonCharacter.uasset" 5688
"E:/UE Projects/SixMinutesAtChonkers/Content/FirstPersonArms/Animations/FirstPerson_AnimBP.uasset" 5689
"E:/UE Projects/SixMinutesAtChonkers/Content/Security/FPS_SecurityGuard.uasset" 5690
"E:/UE Projects/SixMinutesAtChonkers/Content/FirstPerson/Blueprints/BP_Weapon_Component.uasset" 5691
"E:/UE Projects/SixMinutesAtChonkers/Content/FirstPerson/Blueprints/BP_Pickup_Rifle.uasset" 5692
"../../../../../UE Projects/SixMinutesAtChonkers/Content/StarterContent/Audio/Collapse_Cue.uasset" 5693
"../../../../../UE Projects/SixMinutesAtChonkers/Content/StarterContent/Audio/Starter_Music_Cue.uasset" 5694
"../../../../../UE Projects/SixMinutesAtChonkers/Content/StarterContent/Audio/Collapse01.uasset" 5695
"../../../../../UE Projects/SixMinutesAtChonkers/Content/StarterContent/Audio/Collapse02.uasset" 5696
"../../../../../UE Projects/SixMinutesAtChonkers/Content/StarterContent/Audio/Starter_Music01.uasset" 5697
"../../../../../UE Projects/SixMinutesAtChonkers/Content/StarterContent/Maps/StarterMap.umap" 5698
"C:/Users/pduli/AppData/Local/UnrealEngine/Common/DerivedDataCache/Buckets/MaterialShaderMap/2c/8e/9a9e1ae54c9ace608152dfa61d914301e3f5.udd" 5699
"C:/Users/pduli/AppData/Local/UnrealEngine/Common/DerivedDataCache/Buckets/MaterialShaderMap/a8/df/d401ff75d39d2adabe802af5693b95eb247c.udd" 5700
"../../../Engine/Content/EditorResources/EmptyActor.uasset" 5701
"C:/Users/pduli/AppData/Local/UnrealEngine/Common/DerivedDataCache/Buckets/BulkDataList/c7/af/daec1d0f7372786ee8cc769f57a4de379456.udd" 5702
"../../../Engine/Content/EditorResources/AudioIcons/S_AudioComponent_AutoActivate.uasset" 5703
"C:/Users/pduli/AppData/Local/UnrealEngine/Common/DerivedDataCache/Buckets/BulkDataList/3f/ef/41004978428f8c11d6aa6a88026957cceb16.udd" 5704
"../../../Engine/Content/EditorResources/AudioIcons/S_AudioComponent.uasset" 5705
"C:/Users/pduli/AppData/Local/UnrealEngine/Common/DerivedDataCache/Buckets/BulkDataList/a7/01/b4297ea6f63aff2e87e70de4717944757216.udd" 5706
"../../../../../UE Projects/SixMinutesAtChonkers/Content/StarterContent/Blueprints/Assets/FogBrightnessLUT.uasset" 5707
"../../../../../UE Projects/SixMinutesAtChonkers/Content/StarterContent/Blueprints/Assets/SunlightColorLUT.uasset" 5708
"../../../../../UE Projects/SixMinutesAtChonkers/Content/StarterContent/Blueprints/Assets/M_LightStage_Arrows.uasset" 5709
"../../../../../UE Projects/SixMinutesAtChonkers/Content/StarterContent/Maps/Advanced_Lighting.umap" 5710
"../../../../../UE Projects/SixMinutesAtChonkers/Content/Characters/Mannequins/Meshes/SKM_Quinn.uasset" 5711
"C:/Users/pduli/AppData/Local/UnrealEngine/Common/DerivedDataCache/Buckets/LegacySKELETALMESH/57/89/a4df0fa796b35c572bcf78f8c9f43b445615.udd" 5712
"C:/Users/pduli/AppData/Local/UnrealEngine/Common/DerivedDataCache/Content/44/d7/405080739a6d4c5296b74eaea093e0529c70.udd" 5713
"../../../Engine/Content/EditorResources/LightIcons/S_LightError.uasset" 5714
"C:/Users/pduli/AppData/Local/UnrealEngine/Common/DerivedDataCache/Buckets/BulkDataList/2c/c7/f7ce5be95f6d0e6a70dd40fc6d93f6520088.udd" 5715
"../../../../../UE Projects/SixMinutesAtChonkers/Content/Security/L_Security_Office.umap" 5716
"../../../../../UE Projects/SixMinutesAtChonkers/Content/__ExternalActors__/FirstPerson/Maps/FirstPersonMap/0/0M/LYKU8MRWM4BO3O1FDZBG2U.uasset" 5717
"../../../../../UE Projects/SixMinutesAtChonkers/Content/__ExternalActors__/FirstPerson/Maps/FirstPersonMap/0/7P/QZX5AESKLO855EVPT5JU20.uasset" 5718
"../../../../../UE Projects/SixMinutesAtChonkers/Content/__ExternalActors__/FirstPerson/Maps/FirstPersonMap/0/CL/381LM03PFI8AF9NED1SEV2.uasset" 5719
"../../../../../UE Projects/SixMinutesAtChonkers/Content/__ExternalActors__/FirstPerson/Maps/FirstPersonMap/0/GO/I8WEFD3RY9V3NVQLSU6QM4.uasset" 5720
"../../../../../UE Projects/SixMinutesAtChonkers/Content/__ExternalActors__/FirstPerson/Maps/FirstPersonMap/0/NB/NWWEVRQSGT6ARVZ8HQLCM9.uasset" 5721
"../../../../../UE Projects/SixMinutesAtChonkers/Content/__ExternalActors__/FirstPerson/Maps/FirstPersonMap/0/WB/V4ALNTJYOVWM8BU452CKV5.uasset" 5722
"../../../../../UE Projects/SixMinutesAtChonkers/Content/__ExternalActors__/FirstPerson/Maps/FirstPersonMap/1/2J/R4MRTH8FEAO7ML1BCJFIZ2.uasset" 5723
"../../../../../UE Projects/SixMinutesAtChonkers/Content/__ExternalActors__/FirstPerson/Maps/FirstPersonMap/1/63/MG6FOV6QQX2CAZCGF7O9MM.uasset" 5724
"../../../../../UE Projects/SixMinutesAtChonkers/Content/__ExternalActors__/FirstPerson/Maps/FirstPersonMap/1/JT/XIHYQ8ZTVL6F9GCUZX1AQ2.uasset" 5725
"../../../../../UE Projects/SixMinutesAtChonkers/Content/__ExternalActors__/FirstPerson/Maps/FirstPersonMap/1/OD/YPSPM063O6XAJVKSDHY2JX.uasset" 5726
"../../../../../UE Projects/SixMinutesAtChonkers/Content/__ExternalActors__/FirstPerson/Maps/FirstPersonMap/1/QL/31H7DJTVWEX04CCMX5U1SN.uasset" 5727
"../../../../../UE Projects/SixMinutesAtChonkers/Content/__ExternalActors__/FirstPerson/Maps/FirstPersonMap/1/RN/55P1SMQLAF7OK6300D5I8N.uasset" 5728
"../../../../../UE Projects/SixMinutesAtChonkers/Content/__ExternalActors__/FirstPerson/Maps/FirstPersonMap/3/0O/4IRR0TBO7VGKMMYSZRQTB1.uasset" 5729
"../../../../../UE Projects/SixMinutesAtChonkers/Content/__ExternalActors__/FirstPerson/Maps/FirstPersonMap/3/AI/0XWE3RNM2XQC0ST1KXG02O.uasset" 5730
"../../../../../UE Projects/SixMinutesAtChonkers/Content/__ExternalActors__/FirstPerson/Maps/FirstPersonMap/3/C8/Z38FT77DKZLKDXTQ7PZNM4.uasset" 5731
"../../../../../UE Projects/SixMinutesAtChonkers/Content/__ExternalActors__/FirstPerson/Maps/FirstPersonMap/3/CP/XRLOR3HVYVHJA3N9PKGXZH.uasset" 5732
"../../../../../UE Projects/SixMinutesAtChonkers/Content/__ExternalActors__/FirstPerson/Maps/FirstPersonMap/3/YY/ZEL6NJUQJU43LAD9X3NXTT.uasset" 5733
"../../../../../UE Projects/SixMinutesAtChonkers/Content/__ExternalActors__/FirstPerson/Maps/FirstPersonMap/4/G2/DXY1ROMU8NVTUPH999VNGV.uasset" 5734
"../../../../../UE Projects/SixMinutesAtChonkers/Content/__ExternalActors__/FirstPerson/Maps/FirstPersonMap/4/PT/ZXUQMNLL9GZ2UNQ5D0R4A4.uasset" 5735
"../../../../../UE Projects/SixMinutesAtChonkers/Content/__ExternalActors__/FirstPerson/Maps/FirstPersonMap/5/80/QQN0UFFAA797E1UT4IMD29.uasset" 5736
"../../../../../UE Projects/SixMinutesAtChonkers/Content/__ExternalActors__/FirstPerson/Maps/FirstPersonMap/5/8C/EAHCBN229IT8APJO305AH5.uasset" 5737
"../../../../../UE Projects/SixMinutesAtChonkers/Content/__ExternalActors__/FirstPerson/Maps/FirstPersonMap/5/DI/1JZHHCOBVQ2F5XRUWSES1X.uasset" 5738
"../../../../../UE Projects/SixMinutesAtChonkers/Content/__ExternalActors__/FirstPerson/Maps/FirstPersonMap/6/0Z/5RQIHCZ9W3UXRGL4LTLQAK.uasset" 5739
"../../../../../UE Projects/SixMinutesAtChonkers/Content/__ExternalActors__/FirstPerson/Maps/FirstPersonMap/6/7Z/7EHFAZ5HVWXAWQ04QO5TH0.uasset" 5740
"../../../../../UE Projects/SixMinutesAtChonkers/Content/__ExternalActors__/FirstPerson/Maps/FirstPersonMap/6/AJ/2XZ3RUK0LFB63FVNQE7P5R.uasset" 5741
"../../../../../UE Projects/SixMinutesAtChonkers/Content/__ExternalActors__/FirstPerson/Maps/FirstPersonMap/6/HC/FI3CQDKJY4J00D2B21FYQZ.uasset" 5742
"../../../../../UE Projects/SixMinutesAtChonkers/Content/__ExternalActors__/FirstPerson/Maps/FirstPersonMap/7/5X/6EW8RE9VA2GGHRWK614FCI.uasset" 5743
"../../../../../UE Projects/SixMinutesAtChonkers/Content/__ExternalActors__/FirstPerson/Maps/FirstPersonMap/7/DF/1GID8P6B00XRWKYCXU7HT1.uasset" 5744
"../../../../../UE Projects/SixMinutesAtChonkers/Content/__ExternalActors__/FirstPerson/Maps/FirstPersonMap/7/GI/GZM47KS5FPIQH5TLSYC1ME.uasset" 5745
"../../../../../UE Projects/SixMinutesAtChonkers/Content/__ExternalActors__/FirstPerson/Maps/FirstPersonMap/7/L5/1ZJ54FMA0DAL3I2Q8RFAIB.uasset" 5746
"../../../../../UE Projects/SixMinutesAtChonkers/Content/__ExternalActors__/FirstPerson/Maps/FirstPersonMap/7/WS/X084A70TPBKFLJDCV2U5PN.uasset" 5747
"../../../../../UE Projects/SixMinutesAtChonkers/Content/__ExternalActors__/FirstPerson/Maps/FirstPersonMap/8/3M/4ATOKH0ZGPCVBS85MPKAXK.uasset" 5748
"../../../../../UE Projects/SixMinutesAtChonkers/Content/__ExternalActors__/FirstPerson/Maps/FirstPersonMap/8/80/RCXALNT3NG94XMV0V6D4XE.uasset" 5749
"../../../../../UE Projects/SixMinutesAtChonkers/Content/__ExternalActors__/FirstPerson/Maps/FirstPersonMap/8/CF/ZNIOCRD90Z70MMV9NMW778.uasset" 5750
"../../../../../UE Projects/SixMinutesAtChonkers/Content/__ExternalActors__/FirstPerson/Maps/FirstPersonMap/8/CW/6HT16P8P5RAXNJG3EVYWE9.uasset" 5751
"../../../../../UE Projects/SixMinutesAtChonkers/Content/__ExternalActors__/FirstPerson/Maps/FirstPersonMap/8/SZ/D1AHM62WL9TXSNPYQDXQMZ.uasset" 5752
"../../../../../UE Projects/SixMinutesAtChonkers/Content/__ExternalActors__/FirstPerson/Maps/FirstPersonMap/8/Y4/KY9ZXT77SAVGWBRTNCFCSC.uasset" 5753
"../../../../../UE Projects/SixMinutesAtChonkers/Content/__ExternalActors__/FirstPerson/Maps/FirstPersonMap/8/Z7/W1SXRCM1KAKBJOIZDLHZ47.uasset" 5754
"../../../../../UE Projects/SixMinutesAtChonkers/Content/__ExternalActors__/FirstPerson/Maps/FirstPersonMap/9/6K/53TOYTOLDEUBMS5SLUFP3V.uasset" 5755
"../../../../../UE Projects/SixMinutesAtChonkers/Content/__ExternalActors__/FirstPerson/Maps/FirstPersonMap/9/JW/IY5R6I5N0YWU9LYWKXFXH9.uasset" 5756
"../../../../../UE Projects/SixMinutesAtChonkers/Content/__ExternalActors__/FirstPerson/Maps/FirstPersonMap/9/OJ/9MHHMH0XHVZ04YDZ7NPC32.uasset" 5757
"../../../../../UE Projects/SixMinutesAtChonkers/Content/__ExternalActors__/FirstPerson/Maps/FirstPersonMap/9/Q2/TOKV0KMMZ7RIQ78R0UEDQL.uasset" 5758
"../../../../../UE Projects/SixMinutesAtChonkers/Content/__ExternalActors__/FirstPerson/Maps/FirstPersonMap/9/VP/FVTPO8KZ0WPMCSQLVJE6O9.uasset" 5759
"../../../../../UE Projects/SixMinutesAtChonkers/Content/__ExternalActors__/FirstPerson/Maps/FirstPersonMap/A/2W/U0XT0R08XQA6C15NK8ILFA.uasset" 5760
"../../../../../UE Projects/SixMinutesAtChonkers/Content/__ExternalActors__/FirstPerson/Maps/FirstPersonMap/A/91/64ROQWZ22CQVFJMU4XABML.uasset" 5761
"../../../../../UE Projects/SixMinutesAtChonkers/Content/__ExternalActors__/FirstPerson/Maps/FirstPersonMap/A/RJ/Z7CLKO8GGJ7RXH5PUAF4T4.uasset" 5762
"../../../../../UE Projects/SixMinutesAtChonkers/Content/__ExternalActors__/FirstPerson/Maps/FirstPersonMap/A/XJ/HL558UUAGCS9HVVOI0S7PX.uasset" 5763
"../../../../../UE Projects/SixMinutesAtChonkers/Content/__ExternalActors__/FirstPerson/Maps/FirstPersonMap/B/51/6JKB4DNGJP09QUHY23FHRV.uasset" 5764
"../../../../../UE Projects/SixMinutesAtChonkers/Content/__ExternalActors__/FirstPerson/Maps/FirstPersonMap/B/DD/654T6CAPVSXAN1LXEX71EI.uasset" 5765
"../../../../../UE Projects/SixMinutesAtChonkers/Content/__ExternalActors__/FirstPerson/Maps/FirstPersonMap/B/EF/G3O7YJR3QU51OHQGRYB635.uasset" 5766
"../../../../../UE Projects/SixMinutesAtChonkers/Content/__ExternalActors__/FirstPerson/Maps/FirstPersonMap/B/YQ/KT6JL4FVCNJJ9VFOCSF32J.uasset" 5767
"../../../../../UE Projects/SixMinutesAtChonkers/Content/__ExternalActors__/FirstPerson/Maps/FirstPersonMap/C/P8/0GJ9TLQE2YKOIFZ6YHG33H.uasset" 5768
"../../../../../UE Projects/SixMinutesAtChonkers/Content/__ExternalActors__/FirstPerson/Maps/FirstPersonMap/C/VO/VMN4G7K3NKKV6F8HTPHHDB.uasset" 5769
"../../../../../UE Projects/SixMinutesAtChonkers/Content/__ExternalActors__/FirstPerson/Maps/FirstPersonMap/C/ZU/PDQ0AB8RLNMVID876FD49G.uasset" 5770
"../../../../../UE Projects/SixMinutesAtChonkers/Content/__ExternalActors__/FirstPerson/Maps/FirstPersonMap/E/MX/R1GV431P5FDO08OFULRA01.uasset" 5771
"../../../../../UE Projects/SixMinutesAtChonkers/Content/__ExternalActors__/FirstPerson/Maps/FirstPersonMap/E/UE/YUZ9741T50O1SYRX90OB0S.uasset" 5772
"../../../../../UE Projects/SixMinutesAtChonkers/Content/__ExternalActors__/FirstPerson/Maps/FirstPersonMap/F/2F/0SPQG8P507LI9VUAFG20OA.uasset" 5773
"../../../../../UE Projects/SixMinutesAtChonkers/Content/__ExternalActors__/ThirdPerson/Maps/ThirdPersonMap/0/FG/C9C8NKPQ680JETAE5ROTT1.uasset" 5774
"../../../../../UE Projects/SixMinutesAtChonkers/Content/__ExternalActors__/ThirdPerson/Maps/ThirdPersonMap/1/AZ/A7GPT109Y6ZTTJD4A7TXER.uasset" 5775
"../../../../../UE Projects/SixMinutesAtChonkers/Content/__ExternalActors__/ThirdPerson/Maps/ThirdPersonMap/1/HL/XWFFRCIJ8QK4NRO30ALA6J.uasset" 5776
"../../../../../UE Projects/SixMinutesAtChonkers/Content/__ExternalActors__/ThirdPerson/Maps/ThirdPersonMap/1/WU/NB37RT5Q32Z8MJWD8BD2SO.uasset" 5777
"../../../../../UE Projects/SixMinutesAtChonkers/Content/__ExternalActors__/ThirdPerson/Maps/ThirdPersonMap/3/EY/87SHEJN5UBEAN2K5OV1G6R.uasset" 5778
"../../../../../UE Projects/SixMinutesAtChonkers/Content/__ExternalActors__/ThirdPerson/Maps/ThirdPersonMap/3/M3/7JQC72ZY37QM4IT43WD5CW.uasset" 5779
"../../../../../UE Projects/SixMinutesAtChonkers/Content/__ExternalActors__/ThirdPerson/Maps/ThirdPersonMap/3/P3/O43ETCZTFMLWWH1CJ941H2.uasset" 5780
"../../../../../UE Projects/SixMinutesAtChonkers/Content/__ExternalActors__/ThirdPerson/Maps/ThirdPersonMap/4/60/5PI42YRDC8HSSG6BVV2GRR.uasset" 5781
"../../../../../UE Projects/SixMinutesAtChonkers/Content/__ExternalActors__/ThirdPerson/Maps/ThirdPersonMap/4/LN/30UBDLYFFA5ZR7U4W4L4GG.uasset" 5782
"../../../../../UE Projects/SixMinutesAtChonkers/Content/__ExternalActors__/ThirdPerson/Maps/ThirdPersonMap/4/PN/2QISIGK5DJNQ05US8O8FXW.uasset" 5783
"../../../../../UE Projects/SixMinutesAtChonkers/Content/__ExternalActors__/ThirdPerson/Maps/ThirdPersonMap/5/11/IM858T68EBXCBX1T2FNR96.uasset" 5784
"../../../../../UE Projects/SixMinutesAtChonkers/Content/__ExternalActors__/ThirdPerson/Maps/ThirdPersonMap/5/7E/BEYC27T14FHBU6LF2F60RR.uasset" 5785
"../../../../../UE Projects/SixMinutesAtChonkers/Content/__ExternalActors__/ThirdPerson/Maps/ThirdPersonMap/5/9Q/U98KGKQ41NJYFOGFQM8ZDY.uasset" 5786
"../../../../../UE Projects/SixMinutesAtChonkers/Content/__ExternalActors__/ThirdPerson/Maps/ThirdPersonMap/5/QO/CO9MG7REJF8N8AQFYRCI06.uasset" 5787
"../../../../../UE Projects/SixMinutesAtChonkers/Content/__ExternalActors__/ThirdPerson/Maps/ThirdPersonMap/5/R1/TS5OQ5CRUWFZYL1ZQ7I416.uasset" 5788
"../../../../../UE Projects/SixMinutesAtChonkers/Content/__ExternalActors__/ThirdPerson/Maps/ThirdPersonMap/6/CZ/K2YM0JIRZ78IHGM8W2QBAF.uasset" 5789
"../../../../../UE Projects/SixMinutesAtChonkers/Content/__ExternalActors__/ThirdPerson/Maps/ThirdPersonMap/6/HF/9H7TKAXH9DD8KI3TIXGI2I.uasset" 5790
"../../../../../UE Projects/SixMinutesAtChonkers/Content/__ExternalActors__/ThirdPerson/Maps/ThirdPersonMap/6/IR/OTJMGDDXDV5TI7982YKZ5P.uasset" 5791
"../../../../../UE Projects/SixMinutesAtChonkers/Content/__ExternalActors__/ThirdPerson/Maps/ThirdPersonMap/6/J7/N10XDC9G27EMLS5AGZ6AVV.uasset" 5792
"../../../../../UE Projects/SixMinutesAtChonkers/Content/__ExternalActors__/ThirdPerson/Maps/ThirdPersonMap/6/NC/UUYHDUFQAXTRRN4RVOPIUF.uasset" 5793
"../../../../../UE Projects/SixMinutesAtChonkers/Content/__ExternalActors__/ThirdPerson/Maps/ThirdPersonMap/6/XB/9VVR39MG0K7W5GQIEFE7SO.uasset" 5794
"../../../../../UE Projects/SixMinutesAtChonkers/Content/__ExternalActors__/ThirdPerson/Maps/ThirdPersonMap/6/YO/NG2R9BPZVA7ZDN0Z4VSTG6.uasset" 5795
"../../../../../UE Projects/SixMinutesAtChonkers/Content/__ExternalActors__/ThirdPerson/Maps/ThirdPersonMap/8/3J/6B9RJI3FDPCETRKXUXCQ4C.uasset" 5796
"../../../../../UE Projects/SixMinutesAtChonkers/Content/__ExternalActors__/ThirdPerson/Maps/ThirdPersonMap/8/S1/DXUWD12MD3HRWVVXX076BY.uasset" 5797
"../../../../../UE Projects/SixMinutesAtChonkers/Content/__ExternalActors__/ThirdPerson/Maps/ThirdPersonMap/9/U7/H8YL2PPHZPBTI74SUD0RNL.uasset" 5798
"../../../../../UE Projects/SixMinutesAtChonkers/Content/__ExternalActors__/ThirdPerson/Maps/ThirdPersonMap/A/16/Q7Y1URWWFS0TXGWUTO3S61.uasset" 5799
"../../../../../UE Projects/SixMinutesAtChonkers/Content/__ExternalActors__/ThirdPerson/Maps/ThirdPersonMap/A/17/6LXV4Y6DE3LUT705XNU4DZ.uasset" 5800
"../../../../../UE Projects/SixMinutesAtChonkers/Content/__ExternalActors__/ThirdPerson/Maps/ThirdPersonMap/A/MS/MRHJREJ6H7USQYWF1KO8F6.uasset" 5801
"../../../../../UE Projects/SixMinutesAtChonkers/Content/__ExternalActors__/ThirdPerson/Maps/ThirdPersonMap/B/4D/BBOCKSZY1GVHTFRX0PR0O8.uasset" 5802
"../../../../../UE Projects/SixMinutesAtChonkers/Content/__ExternalActors__/ThirdPerson/Maps/ThirdPersonMap/B/8K/1IKKDYS7RULH8FRYRPPF04.uasset" 5803
"../../../../../UE Projects/SixMinutesAtChonkers/Content/__ExternalActors__/ThirdPerson/Maps/ThirdPersonMap/B/EA/9BWDWCNL7OZT2HTML9LK1Y.uasset" 5804
"../../../../../UE Projects/SixMinutesAtChonkers/Content/__ExternalActors__/ThirdPerson/Maps/ThirdPersonMap/B/FB/8RB55FM1HBEUVO4IOQC4YN.uasset" 5805
"../../../../../UE Projects/SixMinutesAtChonkers/Content/__ExternalActors__/ThirdPerson/Maps/ThirdPersonMap/C/QF/BY1DA5CRGQSAMOTK8RA8KR.uasset" 5806
"../../../../../UE Projects/SixMinutesAtChonkers/Content/__ExternalActors__/ThirdPerson/Maps/ThirdPersonMap/C/YT/CQR16QFDKKEYP53M51TV4F.uasset" 5807
"../../../../../UE Projects/SixMinutesAtChonkers/Content/__ExternalActors__/ThirdPerson/Maps/ThirdPersonMap/D/0G/JNKFA4X9LRMSF343ESPF6Q.uasset" 5808
"../../../../../UE Projects/SixMinutesAtChonkers/Content/__ExternalActors__/ThirdPerson/Maps/ThirdPersonMap/D/3V/NMHOKL5LGQDOAAG00FUMZR.uasset" 5809
"../../../../../UE Projects/SixMinutesAtChonkers/Content/__ExternalActors__/ThirdPerson/Maps/ThirdPersonMap/D/DE/SWSI13675DVYIZ0N4NF7Y3.uasset" 5810
"../../../../../UE Projects/SixMinutesAtChonkers/Content/__ExternalActors__/ThirdPerson/Maps/ThirdPersonMap/E/8O/GK06JAEJ82TQ0GA2QB0DJG.uasset" 5811
"../../../Engine/Content/Maps/Templates/HLODs/HLODLayer_Merged.uasset" 5812
"C:/Users/pduli/AppData/Local/Temp/UnrealShaderWorkingDir/72221DF1470B952568DA98A43D998BEE/3/WorkerOutputOnly.out" 5813
"C:/Users/pduli/AppData/Local/Temp/UnrealShaderWorkingDir/72221DF1470B952568DA98A43D998BEE/1/WorkerOutputOnly.out" 5814
"C:/Users/pduli/AppData/Local/Temp/UnrealShaderWorkingDir/72221DF1470B952568DA98A43D998BEE/0/WorkerOutputOnly.out" 5815
"C:/Users/pduli/AppData/Local/Temp/UnrealShaderWorkingDir/72221DF1470B952568DA98A43D998BEE/2/WorkerOutputOnly.out" 5816
